Sr NO.,DistrictName,TalukaNam,CityName,
1,Kachchh,Lakhpat,Chher Nani,
2,Kachchh,Lakhpat,Shinapar,
3,Kachchh,Lakhpat,Punrajpar,
4,Kachchh,Lakhpat,Kaner,
5,Kachchh,Lakhpat,Lakhpat,
6,Kachchh,Lakhpat,Karanpar,
7,Kachchh,Lakhpat,Guneri,
8,Kachchh,Lakhpat,Sayra,
9,Kachchh,Lakhpat,Mudhan,
10,Kachchh,Lakhpat,Siyot,
11,Kachchh,Lakhpat,Atdo,
12,Kachchh,Lakhpat,Ukher,
13,Kachchh,Lakhpat,Umarsar,
14,Kachchh,Lakhpat,Pranpar,
15,Kachchh,Lakhpat,Baiyavo,
16,Kachchh,Lakhpat,Maldo,
17,Kachchh,Lakhpat,Khengarpar,
18,Kachchh,Lakhpat,Chher Moti,
19,Kachchh,Lakhpat,Fatehpur,
20,Kachchh,Lakhpat,Kapurasi,
21,Kachchh,Lakhpat,Koriyani,
22,Kachchh,Lakhpat,Mundhvay,
23,Kachchh,Lakhpat,Panandhro,
24,Kachchh,Lakhpat,Fulra,
25,Kachchh,Lakhpat,Akari,
26,Kachchh,Lakhpat,Chhuger,
27,Kachchh,Lakhpat,Dhareshi,
28,Kachchh,Lakhpat,Ghaduli,
29,Kachchh,Lakhpat,Lakhapar,
30,Kachchh,Lakhpat,Bana,
31,Kachchh,Lakhpat,Jara,
32,Kachchh,Lakhpat,Khatiyun (Khatiya),
33,Kachchh,Lakhpat,Virani,
34,Kachchh,Lakhpat,Khanot,
35,Kachchh,Lakhpat,Naredi,
36,Kachchh,Lakhpat,Kaiyari,
37,Kachchh,Lakhpat,Dhunay,
38,Kachchh,Lakhpat,Koteshvar,
39,Kachchh,Lakhpat,Narayan Sarovar,
40,Kachchh,Lakhpat,Kanoj,
41,Kachchh,Lakhpat,Sheh,
42,Kachchh,Lakhpat,Godhatad,
43,Kachchh,Lakhpat,Mindhiyari,
44,Kachchh,Lakhpat,Subhashpar(Sanandhro),
45,Kachchh,Lakhpat,Dayapar,
46,Kachchh,Lakhpat,Amiya,
47,Kachchh,Lakhpat,Haroda,
48,Kachchh,Lakhpat,Jumara,
49,Kachchh,Lakhpat,Nara,
50,Kachchh,Lakhpat,Junachay,
51,Kachchh,Lakhpat,Meghpar,
52,Kachchh,Lakhpat,Dolatpar,
53,Kachchh,Lakhpat,Bitiyari,
54,Kachchh,Lakhpat,Chamra,
55,Kachchh,Lakhpat,Mudiya,
56,Kachchh,Lakhpat,Bhudha (Budha),
57,Kachchh,Lakhpat,Guhar Nani,
58,Kachchh,Lakhpat,Guhar Moti,
59,Kachchh,Lakhpat,Tahera,
60,Kachchh,Lakhpat,Kunri,
61,Kachchh,Lakhpat,Hamankhudi,
62,Kachchh,Lakhpat,Rodasar Lakki,
63,Kachchh,Lakhpat,Lakhmirani,
64,Kachchh,Lakhpat,Naredo,
65,Kachchh,Lakhpat,Baranda,
66,Kachchh,Lakhpat,Chakrai,
67,Kachchh,Lakhpat,Khadak,
68,Kachchh,Lakhpat,Ravareshvar,
69,Kachchh,Lakhpat,Ashaldi (Suja Vandh),
70,Kachchh,Lakhpat,Matana Madh,
71,Kachchh,Lakhpat,Denma,
72,Kachchh,Lakhpat,Dhrang,
73,Kachchh,Lakhpat,Murchbana,
74,Kachchh,Lakhpat,Suja Vandh,
75,Kachchh,Lakhpat,Samjiaro,
76,Kachchh,Lakhpat,Saran Moti,
77,Kachchh,Lakhpat,Saran Nani,
78,Kachchh,Lakhpat,Harudi,
79,Kachchh,Lakhpat,Jadva,
80,Kachchh,Lakhpat,Ratipar,
81,Kachchh,Lakhpat,Bhujpar,
82,Kachchh,Lakhpat,Mori,
83,Kachchh,Lakhpat,Gugariyana,
84,Kachchh,Lakhpat,Pipar,
85,Kachchh,Lakhpat,Khirsara (Gunau),
86,Kachchh,Lakhpat,Gunau,
87,Kachchh,Lakhpat,Maniara,
88,Kachchh,Lakhpat,Pakho,
89,Kachchh,Lakhpat,Kharai,
90,Kachchh,Lakhpat,Kharoda,
91,Kachchh,Lakhpat,Julrai,
92,Kachchh,Lakhpat,Ramaniya,
93,Kachchh,Lakhpat,Junagiya,
94,Kachchh,Lakhpat,Ekliun,
95,Kachchh,Lakhpat,Sambhada,
96,Kachchh,Lakhpat,Kandhora,
97,Kachchh,Lakhpat,Kotda,
98,Kachchh,Lakhpat,Dedrani,
99,Kachchh,Lakhpat,Bhadara Nana,
100,Kachchh,Lakhpat,Bhadara Mota,
101,Kachchh,Rapar,Lodrani (Parkara Vandh),
102,Kachchh,Rapar,Versara,
103,Kachchh,Rapar,Jatavada (Jilar Vandh),
104,Kachchh,Rapar,Dhabda,
105,Kachchh,Rapar,Bela,
106,Kachchh,Rapar,Mauvana (Shivagadh),
107,Kachchh,Rapar,Vrajvani,
108,Kachchh,Rapar,Anandpar,
109,Kachchh,Rapar,Balasar,
110,Kachchh,Rapar,Lakda Vandh,
111,Kachchh,Rapar,Surba Vandh,
112,Kachchh,Rapar,Deshalpar,
113,Kachchh,Rapar,Nagalpar,
114,Kachchh,Rapar,Gedi,
115,Kachchh,Rapar,Fatehgadh,
116,Kachchh,Rapar,Manjuvas,
117,Kachchh,Rapar,Momaymora,
118,Kachchh,Rapar,Khandek,
119,Kachchh,Rapar,Hamirpar Nani,
120,Kachchh,Rapar,Sangadh,
121,Kachchh,Rapar,Selari,
122,Kachchh,Rapar,Thanpar,
123,Kachchh,Rapar,Davri,
124,Kachchh,Rapar,Rav Moti,
125,Kachchh,Rapar,Sudana Vandh,
126,Kachchh,Rapar,Naranpar,
127,Kachchh,Rapar,Vanoi,
128,Kachchh,Rapar,Gavaripar,
129,Kachchh,Rapar,Suvai,
130,Kachchh,Rapar,Khengarpar,
131,Kachchh,Rapar,Vajepar,
132,Kachchh,Rapar,Jesda,
133,Kachchh,Rapar,Nandasar,
134,Kachchh,Rapar,Kalyanpar,
135,Kachchh,Rapar,Karuda,
136,Kachchh,Rapar,Umaiya,
137,Kachchh,Rapar,Kanpar,
138,Kachchh,Rapar,Hamirpar Moti,
139,Kachchh,Rapar,Moda,
140,Kachchh,Rapar,Sanva,
141,Kachchh,Rapar,Bambhansar,
142,Kachchh,Rapar,Adesar,
143,Kachchh,Rapar,Jadupar (Bhangera),
144,Kachchh,Rapar,Lakhagadh,
145,Kachchh,Rapar,Bhimasar,
146,Kachchh,Rapar,Bharidia (Bhutakia),
147,Kachchh,Rapar,Sonalva,
148,Kachchh,Rapar,Pragpar,
149,Kachchh,Rapar,Dabhunda,
150,Kachchh,Rapar,Nilpar,
151,Kachchh,Rapar,Palanpar,
152,Kachchh,Rapar,Trambau,
153,Kachchh,Rapar,Ramvav,
154,Kachchh,Rapar,Kuda(Kuda-Jampar),
155,Kachchh,Rapar,Pagivandh,
156,Kachchh,Rapar,Dhadadhroni Vandh,
157,Kachchh,Rapar,Sarasla,
158,Kachchh,Rapar,Badargadh,
159,Kachchh,Rapar,Khirai,
160,Kachchh,Rapar,Sai,
161,Kachchh,Rapar,Tindalva Mota,
162,Kachchh,Rapar,Vallabhpar,
163,Kachchh,Rapar,Vekra,
164,Kachchh,Rapar,Padampar,
165,Kachchh,Rapar,Makhel,
166,Kachchh,Rapar,Taga,
167,Kachchh,Rapar,Vijapar,
168,Kachchh,Rapar,Nanda,
169,Kachchh,Rapar,Sukhpar,
170,Kachchh,Rapar,Varnun,
171,Kachchh,Rapar,Pandya No Gadh,
172,Kachchh,Rapar,Palansva,
173,Kachchh,Rapar,Amrapar,
174,Kachchh,Rapar,Somani Vandh,
175,Kachchh,Rapar,Mangadh,
176,Kachchh,Rapar,Ghanithal,
177,Kachchh,Rapar,Jadavas,
178,Kachchh,Rapar,Kidiyanagar,
179,Kachchh,Rapar,Chhotapar,
180,Kachchh,Rapar,Badalpar,
181,Kachchh,Rapar,Naliyatimbo,
182,Kachchh,Rapar,Dedarva,
183,Kachchh,Rapar,Govindpar,
184,Kachchh,Rapar,Chitrod,
185,Kachchh,Rapar,Rampar,
186,Kachchh,Rapar,khanpar,
187,Kachchh,Rapar,Pratap Gadh,
188,Kachchh,Rapar,Mevasa,
189,Kachchh,Rapar,Sany,
190,Kachchh,Rapar,Kanmer,
191,Kachchh,Rapar,Gagodar,
192,Kachchh,Rapar,Thoriari,
193,Kachchh,Rapar,Kumbhariya,
194,Kachchh,Rapar,Pethapar,
195,Kachchh,Rapar,Bhimdevka,
196,Kachchh,Rapar,Manaba,
197,Kachchh,Rapar,Fulpara,
198,Kachchh,Bhachau,Dholavira,
199,Kachchh,Bhachau,Kharoda,
200,Kachchh,Bhachau,Kalyanpar,
201,Kachchh,Bhachau,Janan,
202,Kachchh,Bhachau,Ratanpar,
203,Kachchh,Bhachau,Gadhada,
204,Kachchh,Bhachau,Amarapar,
205,Kachchh,Bhachau,Ganeshpar,
206,Kachchh,Bhachau,Bambhanka,
207,Kachchh,Bhachau,Bapuari,
208,Kachchh,Bhachau,Bharudia,
209,Kachchh,Bhachau,Kankhoi,
210,Kachchh,Bhachau,Chobari,
211,Kachchh,Bhachau,Kadol,
212,Kachchh,Bhachau,Manfara,
213,Kachchh,Bhachau,Kakarva,
214,Kachchh,Bhachau,Kanthkot,
215,Kachchh,Bhachau,Nara,
216,Kachchh,Bhachau,Gamdau,
217,Kachchh,Bhachau,Toraniya,
218,Kachchh,Bhachau,Jadsa,
219,Kachchh,Bhachau,Vamka,
220,Kachchh,Bhachau,May,
221,Kachchh,Bhachau,Kharoi,
222,Kachchh,Bhachau,Ner,
223,Kachchh,Bhachau,Baniari,
224,Kachchh,Bhachau,Morgar,
225,Kachchh,Bhachau,Amardi,
226,Kachchh,Bhachau,Kabrau,
227,Kachchh,Bhachau,Kumbhardi,
228,Kachchh,Bhachau,Bandhadi,
229,Kachchh,Bhachau,Sikara,
230,Kachchh,Bhachau,Meghpar (Kunjisar),
231,Kachchh,Bhachau,Karmariya,
232,Kachchh,Bhachau,Vondhada,
233,Kachchh,Bhachau,Halra,
234,Kachchh,Bhachau,Rampar,
235,Kachchh,Bhachau,Adhoi (Pasakayara),
236,Kachchh,Bhachau,Vasatva,
237,Kachchh,Bhachau,Shivlakha,
238,Kachchh,Bhachau,Lakadiya,
239,Kachchh,Bhachau,Gharana,
240,Kachchh,Bhachau,Lakhpat,
241,Kachchh,Bhachau,Vijpasar,
242,Kachchh,Bhachau,Vondh,
243,Kachchh,Bhachau,Chopadva,
244,Kachchh,Bhachau,Lunva,
245,Kachchh,Bhachau,Sukhpar,
246,Kachchh,Bhachau,Bhujpar,
247,Kachchh,Bhachau,Chirai Nani,
248,Kachchh,Bhachau,Chirai Moti,
249,Kachchh,Bhachau,Chhadavada,
250,Kachchh,Bhachau,Samakhiari,
251,Kachchh,Bhachau,Piprapati,
252,Kachchh,Bhachau,Rajansar,
253,Kachchh,Bhachau,Khodasar,
254,Kachchh,Bhachau,Rajthali,
255,Kachchh,Bhachau,Chandrodi,
256,Kachchh,Bhachau,Naransari,
257,Kachchh,Bhachau,Katariya Juna,
258,Kachchh,Bhachau,Katariya Nava,
259,Kachchh,Bhachau,Laliana,
260,Kachchh,Bhachau,Amaliyara,
261,Kachchh,Bhachau,Jangi,
262,Kachchh,Bhachau,Godpar,
263,Kachchh,Bhachau,Vandhiya,
264,Kachchh,Bhachau,Modpar,
265,Kachchh,Bhachau,Lakhapar,
266,Kachchh,Bhachau,Lakhdhirgadh (Alepar),
267,Kachchh,Bhachau,Shikarpur,
268,Kachchh,Anjar,Khirsara,
269,Kachchh,Anjar,Devisar,
270,Kachchh,Anjar,Jagatpar,
271,Kachchh,Anjar,Amrapar (1),
272,Kachchh,Anjar,Amrapar (2),
273,Kachchh,Anjar,Budharmora,
274,Kachchh,Anjar,Dhamadka,
275,Kachchh,Anjar,Dudhai,
276,Kachchh,Anjar,Khengarpar,
277,Kachchh,Anjar,Navagam,
278,Kachchh,Anjar,Hirapar,
279,Kachchh,Anjar,Chandrani,
280,Kachchh,Anjar,Kotda,
281,Kachchh,Anjar,Pashuda,
282,Kachchh,Anjar,Tapar,
283,Kachchh,Anjar,Lakhapar,
284,Kachchh,Anjar,Ambapar,
285,Kachchh,Anjar,Rapar,
286,Kachchh,Anjar,Khokhra,
287,Kachchh,Anjar,Jaru,
288,Kachchh,Anjar,Modsar,
289,Kachchh,Anjar,Sugariya,
290,Kachchh,Anjar,Ratnal,
291,Kachchh,Anjar,Ningal,
292,Kachchh,Anjar,Maringana,
293,Kachchh,Anjar,Bhadroi,
294,Kachchh,Anjar,Sapeda,
295,Kachchh,Anjar,Ratatalav,
296,Kachchh,Anjar,Satapar,
297,Kachchh,Anjar,Pashwadi Mitha,
298,Kachchh,Anjar,Pashwadi Khara,
299,Kachchh,Anjar,Ajapar,
300,Kachchh,Anjar,Bhimasar,
301,Kachchh,Anjar,Varsana,
302,Kachchh,Anjar,Modvadar,
303,Kachchh,Anjar,Varsamedi,
304,Kachchh,Anjar,Nagalpar Nani,
305,Kachchh,Anjar,Nagalpar Moti,
306,Kachchh,Anjar,Khambhara,
307,Kachchh,Anjar,Hamirpar,
308,Kachchh,Anjar,Vada,
309,Kachchh,Anjar,Lohariya Mota,
310,Kachchh,Anjar,Chandiya,
311,Kachchh,Anjar,Sarkhan,
312,Kachchh,Anjar,Bhalot,
313,Kachchh,Anjar,Makhiana,
314,Kachchh,Anjar,Mathda,
315,Kachchh,Anjar,Lohariya Nana,
316,Kachchh,Anjar,Pantiya,
317,Kachchh,Anjar,Khedoi,
318,Kachchh,Anjar,Sinugra,
319,Kachchh,Anjar,Vidi,
320,Kachchh,Anjar,Meghpar (Borichi),
321,Kachchh,Anjar,Meghpar (Kumbhardi),
322,Kachchh,Anjar,Devaliya,
323,Kachchh,Anjar,Mindiyala,
324,Kachchh,Anjar,Kumbhariya,
325,Kachchh,Anjar,Bhuvad,
326,Kachchh,Anjar,Chandroda,
327,Kachchh,Anjar,Valadiya Bitta (East),
328,Kachchh,Anjar,Mathak,
329,Kachchh,Anjar,Tuna,
330,Kachchh,Anjar,Rampar,
331,Kachchh,Anjar,Sanghad,
332,Kachchh,Anjar,Valadiya Bitta (West),
333,Kachchh,Anjar,Nagavaladiya,
334,Kachchh,Anjar,Vira,
335,Kachchh,Anjar,Chandrapar,
336,Kachchh,Bhuj,Luna,
337,Kachchh,Bhuj,Bhitara Mota,
338,Kachchh,Bhuj,Udhmo,
339,Kachchh,Bhuj,Gorewali,
340,Kachchh,Bhuj,Khavda,
341,Kachchh,Bhuj,Ratadiya,
342,Kachchh,Bhuj,Dinara,
343,Kachchh,Bhuj,Dhrobana,
344,Kachchh,Bhuj,Kuran,
345,Kachchh,Bhuj,Kunariya (Jam),
346,Kachchh,Bhuj,Juna,
347,Kachchh,Bhuj,Sadhara,
348,Kachchh,Bhuj,Andhau,
349,Kachchh,Bhuj,Dhoravar,
350,Kachchh,Bhuj,Ludiya,
351,Kachchh,Bhuj,Godpar (Khavda),
352,Kachchh,Bhuj,Khari,
353,Kachchh,Bhuj,Soyla,
354,Kachchh,Bhuj,Mithdi,
355,Kachchh,Bhuj,Bhagadio,
356,Kachchh,Bhuj,Shervo,
357,Kachchh,Bhuj,Hodka,
358,Kachchh,Bhuj,Bhirandiyara,
359,Kachchh,Bhuj,Dedhiya Nana-Mota,
360,Kachchh,Bhuj,Daddhar Nani,
361,Kachchh,Bhuj,Daddhar Moti,
362,Kachchh,Bhuj,Misariyado,
363,Kachchh,Bhuj,Bhojardo,
364,Kachchh,Bhuj,Berdo,
365,Kachchh,Bhuj,Raiyada,
366,Kachchh,Bhuj,Kharod,
367,Kachchh,Bhuj,Dhori,
368,Kachchh,Bhuj,Sumarasar -Shekhvali,
369,Kachchh,Bhuj,Loria,
370,Kachchh,Bhuj,Palara,
371,Kachchh,Bhuj,Juriya,
372,Kachchh,Bhuj,Kamaguna,
373,Kachchh,Bhuj,Traya Bhakhari,
374,Kachchh,Bhuj,Mod Bhakhari,
375,Kachchh,Bhuj,Notiyar Bhakhari,
376,Kachchh,Bhuj,Nokhaniya,
377,Kachchh,Bhuj,Kunaria Nana-Mota,
378,Kachchh,Bhuj,Kotay,
379,Kachchh,Bhuj,Fulay,
380,Kachchh,Bhuj,Dhrang,
381,Kachchh,Bhuj,Lodai,
382,Kachchh,Bhuj,Vantra,
383,Kachchh,Bhuj,Dharampur,
384,Kachchh,Bhuj,Jawaharnagar,
385,Kachchh,Bhuj,Lothia,
386,Kachchh,Bhuj,Modsar,
387,Kachchh,Bhuj,Mokhana,
388,Kachchh,Bhuj,Dagala,
389,Kachchh,Bhuj,Naliyeri Timbo,
390,Kachchh,Bhuj,Nadapa,
391,Kachchh,Bhuj,Habay,
392,Kachchh,Bhuj,Chapreli,
393,Kachchh,Bhuj,Boladi,
394,Kachchh,Bhuj,Jikadi,
395,Kachchh,Bhuj,Paiya,
396,Kachchh,Bhuj,Sangada Timbo,
397,Kachchh,Bhuj,Sarspar,
398,Kachchh,Bhuj,Rudramata,
399,Kachchh,Bhuj,Makanpar,
400,Kachchh,Bhuj,Dhonsa,
401,Kachchh,Bhuj,Baukho (Odhejavalo),
402,Kachchh,Bhuj,Baukho (Samavalo),
403,Kachchh,Bhuj,Tankanasar,
404,Kachchh,Bhuj,Vatachhad,
405,Kachchh,Bhuj,Vehro,
406,Kachchh,Bhuj,Natharkui,
407,Kachchh,Bhuj,Vyara,
408,Kachchh,Bhuj,Vinchhiya,
409,Kachchh,Bhuj,Sumarasar (Jatvali),
410,Kachchh,Bhuj,Virai,
411,Kachchh,Bhuj,Khilna,
412,Kachchh,Bhuj,Nagor,
413,Kachchh,Bhuj,Trambau,
414,Kachchh,Bhuj,Varnora Nana,
415,Kachchh,Bhuj,Raydhanpar,
416,Kachchh,Bhuj,Varnora Mota,
417,Kachchh,Bhuj,Galpadar,
418,Kachchh,Bhuj,Kali Talavdi,
419,Kachchh,Bhuj,Mamuara,
420,Kachchh,Bhuj,Kanaiyabe,
421,Kachchh,Bhuj,Ukhad Mora,
422,Kachchh,Bhuj,Dhaneti,
423,Kachchh,Bhuj,Vadvara,
424,Kachchh,Bhuj,Padhar,
425,Kachchh,Bhuj,Lakhond,
426,Kachchh,Bhuj,Traya,
427,Kachchh,Bhuj,Purasar,
428,Kachchh,Bhuj,Gado,
429,Kachchh,Bhuj,Bhujodi,
430,Kachchh,Bhuj,Ratiya,
431,Kachchh,Bhuj,Nava Vas,
432,Kachchh,Bhuj,Kodki,
433,Kachchh,Bhuj,Makhna,
434,Kachchh,Bhuj,Pirvadi,
435,Kachchh,Bhuj,Payarko,
436,Kachchh,Bhuj,Kuvathada,
437,Kachchh,Bhuj,Sadau Rakhal,
438,Kachchh,Bhuj,Fulra Timbo,
439,Kachchh,Bhuj,Anandsar,
440,Kachchh,Bhuj,Kanpar,
441,Kachchh,Bhuj,Fotdi,
442,Kachchh,Bhuj,Kalyanpar,
443,Kachchh,Bhuj,Godsar (Rakhal),
444,Kachchh,Bhuj,Kukma,
445,Kachchh,Bhuj,Reldi Moti,
446,Kachchh,Bhuj,Reldi Nani,
447,Kachchh,Bhuj,Kanderai,
448,Kachchh,Bhuj,Chubdak,
449,Kachchh,Bhuj,Gandher,
450,Kachchh,Bhuj,Saiyedpar,
451,Kachchh,Bhuj,Vavdi,
452,Kachchh,Bhuj,Vadva,
453,Kachchh,Bhuj,Ler,
454,Kachchh,Bhuj,Nagiyari,
455,Kachchh,Bhuj,Deshalpar,
456,Kachchh,Bhuj,Kurbai,
457,Kachchh,Bhuj,Nabhoi,
458,Kachchh,Bhuj,Vandhay,
459,Kachchh,Bhuj,Samatra,
460,Kachchh,Bhuj,Bharasar,
461,Kachchh,Bhuj,Vandh Sim,
462,Kachchh,Bhuj,Jadura,
463,Kachchh,Bhuj,Reha Mota,
464,Kachchh,Bhuj,Tharavada Nana,
465,Kachchh,Bhuj,Tharavada Mota,
466,Kachchh,Bhuj,Sakrai Timbo,
467,Kachchh,Bhuj,Hajapar,
468,Kachchh,Bhuj,Harudi,
469,Kachchh,Bhuj,Reha Nana,
470,Kachchh,Bhuj,Sanosara,
471,Kachchh,Bhuj,Sapar Timbo,
472,Kachchh,Bhuj,Bharapar,
473,Kachchh,Bhuj,Sedata,
474,Kachchh,Bhuj,Naranpar Ravli,
475,Kachchh,Bhuj,Vadasar,
476,Kachchh,Bhuj,Zizu Timbo,
477,Kachchh,Bhuj,Sarli,
478,Kachchh,Bhuj,Dahinsara,
479,Kachchh,Bhuj,Godpar (Sarli),
480,Kachchh,Bhuj,Meghpar,
481,Kachchh,Bhuj,Naranpar Pasayati,
482,Kachchh,Bhuj,Baladiya,
483,Kachchh,Bhuj,Kotda Athamana,
484,Kachchh,Bhuj,Jambudi,
485,Kachchh,Bhuj,Kotda Ugamana,
486,Kachchh,Bhuj,Varli,
487,Kachchh,Bhuj,Bandhara Nana,
488,Kachchh,Bhuj,Chakar,
489,Kachchh,Bhuj,Bandhara Mota,
490,Kachchh,Bhuj,Vadzar,
491,Kachchh,Bhuj,Jhumkha,
492,Kachchh,Bhuj,Kera,
493,Kachchh,Bhuj,Chunadi,
494,Kachchh,Bhuj,Gajod,
495,Kachchh,Nakhatrana,Paneli,
496,Kachchh,Nakhatrana,Valka Mota,
497,Kachchh,Nakhatrana,Valka Nana,
498,Kachchh,Nakhatrana,Rajday,
499,Kachchh,Nakhatrana,Gajansar,
500,Kachchh,Nakhatrana,Ludbay,
501,Kachchh,Nakhatrana,Dhoro,
502,Kachchh,Nakhatrana,Unthongadi,
503,Kachchh,Nakhatrana,Nadapa,
504,Kachchh,Nakhatrana,Gadani,
505,Kachchh,Nakhatrana,Lifri,
506,Kachchh,Nakhatrana,Ravapar (Navavas),
507,Kachchh,Nakhatrana,Ambara (Amara),
508,Kachchh,Nakhatrana,Aiyar,
509,Kachchh,Nakhatrana,Tal,
510,Kachchh,Nakhatrana,Fulay,
511,Kachchh,Nakhatrana,Maru (Muru),
512,Kachchh,Nakhatrana,Ratadiya,
513,Kachchh,Nakhatrana,Vigodi,
514,Kachchh,Nakhatrana,Nagviri,
515,Kachchh,Nakhatrana,Bhunjay Nani,
516,Kachchh,Nakhatrana,Bhunjay Moti,
517,Kachchh,Nakhatrana,Lakshmipur(Bhunjay),
518,Kachchh,Nakhatrana,Bharapar (Bhadravali),
519,Kachchh,Nakhatrana,Bandiyara,
520,Kachchh,Nakhatrana,Rangaypadar,
521,Kachchh,Nakhatrana,Khirsara,
522,Kachchh,Nakhatrana,Rampar (Sarva),
523,Kachchh,Nakhatrana,Ugedi,
524,Kachchh,Nakhatrana,Jinjay,
525,Kachchh,Nakhatrana,Dhamay,
526,Kachchh,Nakhatrana,Jalu,
527,Kachchh,Nakhatrana,Vang,
528,Kachchh,Nakhatrana,Kharadiya,
529,Kachchh,Nakhatrana,Dador,
530,Kachchh,Nakhatrana,Aral Moti,
531,Kachchh,Nakhatrana,Jatavira,
532,Kachchh,Nakhatrana,Charakhada,
533,Kachchh,Nakhatrana,Umrapar,
534,Kachchh,Nakhatrana,Deshalpar,
535,Kachchh,Nakhatrana,Moray,
536,Kachchh,Nakhatrana,Khombhdi Nani,
537,Kachchh,Nakhatrana,Netra,
538,Kachchh,Nakhatrana,Rasaliya,
539,Kachchh,Nakhatrana,Khombhdi Moti,
540,Kachchh,Nakhatrana,Todiya,
541,Kachchh,Nakhatrana,Mathal,
542,Kachchh,Nakhatrana,Bagpat,
543,Kachchh,Nakhatrana,Aral Nani,
544,Kachchh,Nakhatrana,Than,
545,Kachchh,Nakhatrana,Haripar (Hirapar),
546,Kachchh,Nakhatrana,Bibar,
547,Kachchh,Nakhatrana,Nirona,
548,Kachchh,Nakhatrana,Badi (Palanpur),
549,Kachchh,Nakhatrana,Oriro,
550,Kachchh,Nakhatrana,Medisar,
551,Kachchh,Nakhatrana,Vamrapadar,
552,Kachchh,Nakhatrana,Akadna,
553,Kachchh,Nakhatrana,Ratamiya,
554,Kachchh,Nakhatrana,Bhimsar,
555,Kachchh,Nakhatrana,Devisar,
556,Kachchh,Nakhatrana,Bharapar(Guda Puntha),
557,Kachchh,Nakhatrana,Khambhla,
558,Kachchh,Nakhatrana,Kadiya Mota,
559,Kachchh,Nakhatrana,Ukharda,
560,Kachchh,Nakhatrana,Kadiya Nana,
561,Kachchh,Nakhatrana,Jadodar,
562,Kachchh,Nakhatrana,Kotda Jadodar,
563,Kachchh,Nakhatrana,Virani Nani,
564,Kachchh,Nakhatrana,Virani Moti,
565,Kachchh,Nakhatrana,Sukhpar (Virani),
566,Kachchh,Nakhatrana,Devsar,
567,Kachchh,Nakhatrana,Lakhiyarvira,
568,Kachchh,Nakhatrana,Virkhal,
569,Kachchh,Nakhatrana,Ulat,
570,Kachchh,Nakhatrana,Kotda (Tharavada),
571,Kachchh,Nakhatrana,Tharavada,
572,Kachchh,Nakhatrana,Chavadka,
573,Kachchh,Nakhatrana,Jinday,
574,Kachchh,Nakhatrana,Nakhatrana,
575,Kachchh,Nakhatrana,Jaday,
576,Kachchh,Nakhatrana,Nakhatrana Nana,
577,Kachchh,Nakhatrana,Nagalpar,
578,Kachchh,Nakhatrana,Angiya Mota,
579,Kachchh,Nakhatrana,Vithon,
580,Kachchh,Nakhatrana,Morjar,
581,Kachchh,Nakhatrana,Bhadali,
582,Kachchh,Nakhatrana,Ranara Mota,
583,Kachchh,Nakhatrana,Ranara Nana,
584,Kachchh,Nakhatrana,Adhochhani,
585,Kachchh,Nakhatrana,Anandsar,
586,Kachchh,Nakhatrana,Dhavda Mota,
587,Kachchh,Nakhatrana,Dhavda Nana,
588,Kachchh,Nakhatrana,Angiya Nana,
589,Kachchh,Nakhatrana,Beru,
590,Kachchh,Nakhatrana,Vehar,
591,Kachchh,Nakhatrana,Sangnara,
592,Kachchh,Nakhatrana,Devpar,
593,Kachchh,Nakhatrana,Lakshmipur (Tara),
594,Kachchh,Nakhatrana,Lakhadi,
595,Kachchh,Nakhatrana,Kakadbhit,
596,Kachchh,Nakhatrana,Sanyra,
597,Kachchh,Nakhatrana,Sukhsan,
598,Kachchh,Nakhatrana,Rampar (Roha),
599,Kachchh,Nakhatrana,Olangiya,
600,Kachchh,Nakhatrana,Mosuna,
601,Kachchh,Nakhatrana,Naranpar,
602,Kachchh,Nakhatrana,Gangon Ugamani,
603,Kachchh,Nakhatrana,Morgar,
604,Kachchh,Nakhatrana,Anandpar,
605,Kachchh,Nakhatrana,Tara,
606,Kachchh,Nakhatrana,Kalyanpar,
607,Kachchh,Nakhatrana,Manjal,
608,Kachchh,Nakhatrana,Mathalapadar,
609,Kachchh,Nakhatrana,Vibhapar,
610,Kachchh,Nakhatrana,Mangvana,
611,Kachchh,Nakhatrana,Palivad,
612,Kachchh,Nakhatrana,Vijpasar,
613,Kachchh,Nakhatrana,Roha(Sumari),
614,Kachchh,Nakhatrana,Bhitara,
615,Kachchh,Nakhatrana,Jarjok,
616,Kachchh,Nakhatrana,Kotda (Roha),
617,Kachchh,Nakhatrana,Bhojraj Vandh,
618,Kachchh,Nakhatrana,Jesarvandh,
619,Kachchh,Nakhatrana,Danana,
620,Kachchh,Nakhatrana,Versalpar,
621,Kachchh,Nakhatrana,Khirsara (Nava),
622,Kachchh,Nakhatrana,Sukhpar (Roha),
623,Kachchh,Nakhatrana,Varamseda,
624,Kachchh,Nakhatrana,Jiyapar,
625,Kachchh,Nakhatrana,Vadva Bhopavala,
626,Kachchh,Nakhatrana,Vadva Kanyavala,
627,Kachchh,Abdasa,Hothiay,
628,Kachchh,Abdasa,Ber Moti,
629,Kachchh,Abdasa,Golay,
630,Kachchh,Abdasa,Navavas (Vandh),
631,Kachchh,Abdasa,Ber Nani,
632,Kachchh,Abdasa,Vayor,
633,Kachchh,Abdasa,Sarangvado,
634,Kachchh,Abdasa,Vagapaddhar,
635,Kachchh,Abdasa,Jagaliya,
636,Kachchh,Abdasa,Goyla,
637,Kachchh,Abdasa,Mokhra,
638,Kachchh,Abdasa,Valsra,
639,Kachchh,Abdasa,Fulay,
640,Kachchh,Abdasa,Bhoa,
641,Kachchh,Abdasa,Vagoth,
642,Kachchh,Abdasa,Karamta,
643,Kachchh,Abdasa,Thumdi,
644,Kachchh,Abdasa,Akri Moti,
645,Kachchh,Abdasa,Mohadi,
646,Kachchh,Abdasa,Charopdi Moti,
647,Kachchh,Abdasa,Ukir,
648,Kachchh,Abdasa,Laiyari,
649,Kachchh,Abdasa,Aida,
650,Kachchh,Abdasa,Butta (Abdawali),
651,Kachchh,Abdasa,Bandiya,
652,Kachchh,Abdasa,Ustiya (Bandiya),
653,Kachchh,Abdasa,Nangiya,
654,Kachchh,Abdasa,Sujapar,
655,Kachchh,Abdasa,Trambau,
656,Kachchh,Abdasa,Rampar,
657,Kachchh,Abdasa,Vadsar,
658,Kachchh,Abdasa,Chhasra,
659,Kachchh,Abdasa,Sukhpar (Sayand),
660,Kachchh,Abdasa,Charopdi Nani,
661,Kachchh,Abdasa,Jana-Kosa,
662,Kachchh,Abdasa,Kosa,
663,Kachchh,Abdasa,Ashapar,
664,Kachchh,Abdasa,Bara,
665,Kachchh,Abdasa,Ragan Vandh,
666,Kachchh,Abdasa,Kuvapaddhar,
667,Kachchh,Abdasa,Daban,
668,Kachchh,Abdasa,Khanay,
669,Kachchh,Abdasa,Pat,
670,Kachchh,Abdasa,Karaiya,
671,Kachchh,Abdasa,Lakhania,
672,Kachchh,Abdasa,Sukhpar Bara,
673,Kachchh,Abdasa,Gudthar,
674,Kachchh,Abdasa,Chhadura,
675,Kachchh,Abdasa,Naliya,
676,Kachchh,Abdasa,Sudadhro Nani,
677,Kachchh,Abdasa,Sudadhro Moti,
678,Kachchh,Abdasa,Kala Talav,
679,Kachchh,Abdasa,Tera,
680,Kachchh,Abdasa,Dhufi Moti,
681,Kachchh,Abdasa,Balapar,
682,Kachchh,Abdasa,Budadhro,
683,Kachchh,Abdasa,Vamoti Nani,
684,Kachchh,Abdasa,Samanda,
685,Kachchh,Abdasa,Piyoni,
686,Kachchh,Abdasa,Kandhay,
687,Kachchh,Abdasa,Vamoti Moti,
688,Kachchh,Abdasa,Bitta,
689,Kachchh,Abdasa,Hamirpar,
690,Kachchh,Abdasa,Dhufi Nani,
691,Kachchh,Abdasa,Kunathia,
692,Kachchh,Abdasa,Raydhanpar (Moti and Nani),
693,Kachchh,Abdasa,Jasapar,
694,Kachchh,Abdasa,Kukadau,
695,Kachchh,Abdasa,Jakhau,
696,Kachchh,Abdasa,Budiya,
697,Kachchh,Abdasa,Lala,
698,Kachchh,Abdasa,Vingaber,
699,Kachchh,Abdasa,Bhanada,
700,Kachchh,Abdasa,Khirsara(Kothara),
701,Kachchh,Abdasa,Bhachunda,
702,Kachchh,Abdasa,Biriari,
703,Kachchh,Abdasa,Berachiya,
704,Kachchh,Abdasa,Bhavanipar,
705,Kachchh,Abdasa,Vandh Timbo,
706,Kachchh,Abdasa,Balachod Nani,
707,Kachchh,Abdasa,Balachod Moti,
708,Kachchh,Abdasa,Bhimpar,
709,Kachchh,Abdasa,Mothala,
710,Kachchh,Abdasa,Rava,
711,Kachchh,Abdasa,Nagor,
712,Kachchh,Abdasa,Sandhav,
713,Kachchh,Abdasa,Fulay Vandh,
714,Kachchh,Abdasa,Vadapaddhar,
715,Kachchh,Abdasa,Prajau,
716,Kachchh,Abdasa,Ranpur,
717,Kachchh,Abdasa,Varnori Budia,
718,Kachchh,Abdasa,Sindhodi Moti,
719,Kachchh,Abdasa,Sindhodi Nani,
720,Kachchh,Abdasa,Vanku,
721,Kachchh,Abdasa,Nodevandh,
722,Kachchh,Abdasa,Bhedi (Pay),
723,Kachchh,Abdasa,Pay,
724,Kachchh,Abdasa,Gadhvala Vada,
725,Kachchh,Abdasa,Kanakpar,
726,Kachchh,Abdasa,Nandhra Mota,
727,Kachchh,Abdasa,Sanosara,
728,Kachchh,Abdasa,Nandhra Nana,
729,Kachchh,Abdasa,Naredi,
730,Kachchh,Abdasa,Hingania,
731,Kachchh,Abdasa,Chavadaka,
732,Kachchh,Abdasa,Chiyasar,
733,Kachchh,Abdasa,Kharua,
734,Kachchh,Abdasa,Nundhatad,
735,Kachchh,Abdasa,Miyani,
736,Kachchh,Abdasa,Hajapar,
737,Kachchh,Abdasa,Nanavada,
738,Kachchh,Abdasa,Dhana Vara Vada,
739,Kachchh,Abdasa,Kothara,
740,Kachchh,Abdasa,Varadiya,
741,Kachchh,Abdasa,Sanyara,
742,Kachchh,Abdasa,Arikhana,
743,Kachchh,Abdasa,Rapar Gadhvali,
744,Kachchh,Abdasa,Kadoli,
745,Kachchh,Abdasa,Kamand,
746,Kachchh,Abdasa,Suthari,
747,Kachchh,Abdasa,Vinjhan,
748,Kachchh,Abdasa,Khirsara (Vinjhan),
749,Kachchh,Abdasa,Raydhanjar,
750,Kachchh,Abdasa,Daha,
751,Kachchh,Abdasa,Boha,
752,Kachchh,Abdasa,Reladiya Manjal,
753,Kachchh,Abdasa,Naranpar,
754,Kachchh,Abdasa,Vandi Moti,
755,Kachchh,Abdasa,Dumra,
756,Kachchh,Abdasa,Sandhan,
757,Kachchh,Abdasa,Khuado,
758,Kachchh,Abdasa,Dhunvai,
759,Kachchh,Abdasa,Chhachhi,
760,Kachchh,Abdasa,Lathedi,
761,Kachchh,Abdasa,Karodiya Mota,
762,Kachchh,Abdasa,Karodiya Nana,
763,Kachchh,Mandvi,Traya,
764,Kachchh,Mandvi,Makda,
765,Kachchh,Mandvi,Devpar,
766,Kachchh,Mandvi,Dujapar,
767,Kachchh,Mandvi,Filon,
768,Kachchh,Mandvi,Nabhoi,
769,Kachchh,Mandvi,Ajapar,
770,Kachchh,Mandvi,Vinganiya,
771,Kachchh,Mandvi,Jamthada,
772,Kachchh,Mandvi,Ludva,
773,Kachchh,Mandvi,Bheraiya,
774,Kachchh,Mandvi,Virani,
775,Kachchh,Mandvi,Gadhsisa,
776,Kachchh,Mandvi,Mau Nani,
777,Kachchh,Mandvi,Mau Moti,
778,Kachchh,Mandvi,Poladiya,
779,Kachchh,Mandvi,Kotdi,
780,Kachchh,Mandvi,Sabhrai Nani,
781,Kachchh,Mandvi,Sabhrai Moti,
782,Kachchh,Mandvi,Halapar,
783,Kachchh,Mandvi,Kotaya,
784,Kachchh,Mandvi,Vindh,
785,Kachchh,Mandvi,Kokaliya,
786,Kachchh,Mandvi,Dedhiya,
787,Kachchh,Mandvi,Bhojay,
788,Kachchh,Mandvi,Nagrecha,
789,Kachchh,Mandvi,Pyaka,
790,Kachchh,Mandvi,Manjal,
791,Kachchh,Mandvi,Asarani,
792,Kachchh,Mandvi,Rajpar,
793,Kachchh,Mandvi,Darashadi,
794,Kachchh,Mandvi,Mamaymora,
795,Kachchh,Mandvi,Rampar,
796,Kachchh,Mandvi,Dhunai,
797,Kachchh,Mandvi,Vekra,
798,Kachchh,Mandvi,Kojachora,
799,Kachchh,Mandvi,Vandh,
800,Kachchh,Mandvi,Sherdi,
801,Kachchh,Mandvi,Hamla,
802,Kachchh,Mandvi,Ratadiya Nana,
803,Kachchh,Mandvi,Ratadiya Mota,
804,Kachchh,Mandvi,Gandhigram,
805,Kachchh,Mandvi,Undoth Nani,
806,Kachchh,Mandvi,Undoth Moti,
807,Kachchh,Mandvi,Undoth Brahmanvali,
808,Kachchh,Mandvi,Padamapar,
809,Kachchh,Mandvi,Bayath,
810,Kachchh,Mandvi,Mapar,
811,Kachchh,Mandvi,Changdai,
812,Kachchh,Mandvi,Mod Kuba,
813,Kachchh,Mandvi,Bambhadai,
814,Kachchh,Mandvi,Bada,
815,Kachchh,Mandvi,Bhinsara,
816,Kachchh,Mandvi,Layja Mota,
817,Kachchh,Mandvi,Rajda,
818,Kachchh,Mandvi,Bhadai Nani,
819,Kachchh,Mandvi,Bhadai Moti,
820,Kachchh,Mandvi,Gangapar,
821,Kachchh,Mandvi,Dhokda,
822,Kachchh,Mandvi,Goniyasar Nana,
823,Kachchh,Mandvi,Goniyasar Mota,
824,Kachchh,Mandvi,Asambiya Nana,
825,Kachchh,Mandvi,Punadi,
826,Kachchh,Mandvi,Faradi,
827,Kachchh,Mandvi,Asambiya Mota,
828,Kachchh,Mandvi,Jakhaniya,
829,Kachchh,Mandvi,Koday,
830,Kachchh,Mandvi,Don,
831,Kachchh,Mandvi,Godhra,
832,Kachchh,Mandvi,Panchatiya,
833,Kachchh,Mandvi,Vindh Timbo,
834,Kachchh,Mandvi,Bhada,
835,Kachchh,Mandvi,Layja Nana,
836,Kachchh,Mandvi,Kathda,
837,Kachchh,Mandvi,Shirva,
838,Kachchh,Mandvi,Merau,
839,Kachchh,Mandvi,Vada,
840,Kachchh,Mandvi,Rayan Moti,
841,Kachchh,Mandvi,Rajpar Timbo,
842,Kachchh,Mandvi,Talvana,
843,Kachchh,Mandvi,Bidada,
844,Kachchh,Mandvi,Nani Khakhar,
845,Kachchh,Mandvi,Nana Bhadiya,
846,Kachchh,Mandvi,Pipari,
847,Kachchh,Mandvi,Rayan Nani,
848,Kachchh,Mandvi,Durgapar,
849,Kachchh,Mandvi,Bharapar,
850,Kachchh,Mandvi,Mandvi (Rural),
851,Kachchh,Mandvi,Nagalpar,
852,Kachchh,Mandvi,Maska,
853,Kachchh,Mandvi,Bag,
854,Kachchh,Mandvi,Gundiyali,
855,Kachchh,Mandvi,Mota Bhadiya,
856,Kachchh,Mandvi,Tragadi,
857,Kachchh,Mundra,Tumbadi Nani,
858,Kachchh,Mundra,Tumbadi Moti,
859,Kachchh,Mundra,Babiya,
860,Kachchh,Mundra,Tappar,
861,Kachchh,Mundra,Kanajra,
862,Kachchh,Mundra,Lifara,
863,Kachchh,Mundra,Vagura,
864,Kachchh,Mundra,Bagda,
865,Kachchh,Mundra,Fachariya,
866,Kachchh,Mundra,Patri,
867,Kachchh,Mundra,Vanki,
868,Kachchh,Mundra,Bocha,
869,Kachchh,Mundra,Beraja,
870,Kachchh,Mundra,Ramaniya,
871,Kachchh,Mundra,Depa,
872,Kachchh,Mundra,Sukhpar,
873,Kachchh,Mundra,Gelda,
874,Kachchh,Mundra,Karagoga,
875,Kachchh,Mundra,Lakhapar,
876,Kachchh,Mundra,Kandagara Nana,
877,Kachchh,Mundra,Kundrodi,
878,Kachchh,Mundra,Chhasra,
879,Kachchh,Mundra,Vovar,
880,Kachchh,Mundra,Bharudiya,
881,Kachchh,Mundra,Hatdi,
882,Kachchh,Mundra,Kuvay,
883,Kachchh,Mundra,Kukadsar,
884,Kachchh,Mundra,Bhadresar,
885,Kachchh,Mundra,Pavdiara,
886,Kachchh,Mundra,Vadala,
887,Kachchh,Mundra,Mokha,
888,Kachchh,Mundra,Ratadiya,
889,Kachchh,Mundra,Viraniya,
890,Kachchh,Mundra,Toda,
891,Kachchh,Mundra,Baraya,
892,Kachchh,Mundra,Deshalpar,
893,Kachchh,Mundra,Khakhar Moti,
894,Kachchh,Mundra,Kandagara Mota,
895,Kachchh,Mundra,Tunda,
896,Kachchh,Mundra,Shiracha,
897,Kachchh,Mundra,Moti Bhujpar,
898,Kachchh,Mundra,Samagoga,
899,Kachchh,Mundra,Pragpar (1),
900,Kachchh,Mundra,Pragpar (2),
901,Kachchh,Mundra,Bhorara,
902,Kachchh,Mundra,Gundala,
903,Kachchh,Mundra,Raga,
904,Kachchh,Mundra,Luni,
905,Kachchh,Mundra,Shekhadiya,
906,Kachchh,Mundra,Sadau,
907,Kachchh,Mundra,Mangra,
908,Kachchh,Mundra,Mota Kapaya,
909,Kachchh,Mundra,Nana Kapaya,
910,Kachchh,Mundra,Borana,
911,Kachchh,Mundra,Pratappar (1),
912,Kachchh,Mundra,Pratappar (2),
913,Kachchh,Mundra,Nani Bhujpar,
914,Kachchh,Mundra,Navinal,
915,Kachchh,Mundra,Jarpara,
916,Kachchh,Mundra,Dhrab,
917,Kachchh,Mundra,Baroi,
918,Kachchh,Mundra,Goersama,
919,Kachchh,Gandhidham,Padana,
920,Kachchh,Gandhidham,Chudva,
921,Kachchh,Gandhidham,Mithi Rohar,
922,Kachchh,Gandhidham,Shinay,
923,Kachchh,Gandhidham,Kidana,
924,Kachchh,Gandhidham,Bharapar,
925,Banas Kantha,Vav,Mavsari,
926,Banas Kantha,Vav,Jordiyali,
927,Banas Kantha,Vav,Takhatpura (J),
928,Banas Kantha,Vav,Mithavi Rana,
929,Banas Kantha,Vav,Mithavi Charan,
930,Banas Kantha,Vav,Daiyap,
931,Banas Kantha,Vav,Kumbhardi,
932,Banas Kantha,Vav,Tejpura,
933,Banas Kantha,Vav,Arjanpura,
934,Banas Kantha,Vav,Panesada,
935,Banas Kantha,Vav,Akoli,
936,Banas Kantha,Vav,Baradvi,
937,Banas Kantha,Vav,Kundaliya,
938,Banas Kantha,Vav,Radha Nesda,
939,Banas Kantha,Vav,Kareli,
940,Banas Kantha,Vav,Baluntri,
941,Banas Kantha,Vav,Tobha,
942,Banas Kantha,Vav,Sanval,
943,Banas Kantha,Vav,Vajiyasara,
944,Banas Kantha,Vav,Chotil,
945,Banas Kantha,Vav,Haripura,
946,Banas Kantha,Vav,Rabadi Padar,
947,Banas Kantha,Vav,Chandangadh,
948,Banas Kantha,Vav,Chothar Nesda,
949,Banas Kantha,Vav,Tadav,
950,Banas Kantha,Vav,Fangadi,
951,Banas Kantha,Vav,Kolava,
952,Banas Kantha,Vav,Takhatpura (Dhima),
953,Banas Kantha,Vav,Pratappura,
954,Banas Kantha,Vav,Dhima,
955,Banas Kantha,Vav,Dheriana,
956,Banas Kantha,Vav,Umedpura,
957,Banas Kantha,Vav,Rachhena,
958,Banas Kantha,Vav,Achhuva,
959,Banas Kantha,Vav,Sapreda,
960,Banas Kantha,Vav,Bhakhari,
961,Banas Kantha,Vav,Gambhirpura,
962,Banas Kantha,Vav,Chuva,
963,Banas Kantha,Vav,Uchpa,
964,Banas Kantha,Vav,Vav,
965,Banas Kantha,Vav,Sardarpura,
966,Banas Kantha,Vav,Golgam,
967,Banas Kantha,Vav,Nalodar,
968,Banas Kantha,Vav,Lodrani,
969,Banas Kantha,Vav,Bukna,
970,Banas Kantha,Vav,Reluchi,
971,Banas Kantha,Vav,Khimanavas,
972,Banas Kantha,Vav,Ravla,
973,Banas Kantha,Vav,Malsan,
974,Banas Kantha,Vav,Vavdi,
975,Banas Kantha,Vav,Chandarva,
976,Banas Kantha,Vav,Khimana Padar,
977,Banas Kantha,Vav,Asaravas,
978,Banas Kantha,Vav,Asaragam,
979,Banas Kantha,Vav,Chatarpura,
980,Banas Kantha,Vav,Padan,
981,Banas Kantha,Vav,Golap,
982,Banas Kantha,Vav,Jelana,
983,Banas Kantha,Vav,Khardol,
984,Banas Kantha,Vav,Bhatvar Vas,
985,Banas Kantha,Vav,Bhachali,
986,Banas Kantha,Vav,Madka,
987,Banas Kantha,Vav,Morikha,
988,Banas Kantha,Vav,Devpura (Suigam),
989,Banas Kantha,Vav,Devpura (Talsari),
990,Banas Kantha,Vav,Baiyak,
991,Banas Kantha,Vav,Dharadhara,
992,Banas Kantha,Vav,Dethali,
993,Banas Kantha,Vav,Tithgam,
994,Banas Kantha,Vav,Dendava,
995,Banas Kantha,Vav,Bhatvargam,
996,Banas Kantha,Vav,Kanothi,
997,Banas Kantha,Vav,"""Nesda (Go)""",
998,Banas Kantha,Vav,Meghpura,
999,Banas Kantha,Vav,Radosan,
1000,Banas Kantha,Vav,Nadabet,
1001,Banas Kantha,Vav,Bharadava,
1002,Banas Kantha,Vav,Koreti,
1003,Banas Kantha,Vav,Mamana,
1004,Banas Kantha,Vav,Limbala,
1005,Banas Kantha,Vav,Dhanana,
1006,Banas Kantha,Vav,Bahisara,
1007,Banas Kantha,Vav,Vasarda,
1008,Banas Kantha,Vav,Savpura,
1009,Banas Kantha,Vav,Bhadvel,
1010,Banas Kantha,Vav,Ishvariya,
1011,Banas Kantha,Vav,Janavada,
1012,Banas Kantha,Vav,Bhankhod,
1013,Banas Kantha,Vav,Rampura,
1014,Banas Kantha,Vav,Khadol,
1015,Banas Kantha,Vav,Chala,
1016,Banas Kantha,Vav,Motipura,
1017,Banas Kantha,Vav,Suigam,
1018,Banas Kantha,Vav,Jaloya,
1019,Banas Kantha,Vav,Benap,
1020,Banas Kantha,Vav,Sedav,
1021,Banas Kantha,Vav,Kumbharkha,
1022,Banas Kantha,Vav,Bhatasana,
1023,Banas Kantha,Vav,Eta,
1024,Banas Kantha,Vav,Kalyanpura,
1025,Banas Kantha,Vav,Lalpura,
1026,Banas Kantha,Vav,Radka,
1027,Banas Kantha,Vav,Jorawargadh,
1028,Banas Kantha,Vav,Uchosan,
1029,Banas Kantha,Vav,Dudhva,
1030,Banas Kantha,Vav,Rajpura,
1031,Banas Kantha,Vav,Limbuni,
1032,Banas Kantha,Vav,Masali,
1033,Banas Kantha,Vav,Madhpura,
1034,Banas Kantha,Vav,Harsad,
1035,Banas Kantha,Vav,Navapura,
1036,Banas Kantha,Vav,Katav,
1037,Banas Kantha,Vav,Garambadi,
1038,Banas Kantha,Vav,Morwada,
1039,Banas Kantha,Vav,Dhrechana,
1040,Banas Kantha,Vav,Boru,
1041,Banas Kantha,Vav,Dudosan,
1042,Banas Kantha,Vav,Dungala,
1043,Banas Kantha,Vav,Vaghpura,
1044,Banas Kantha,Vav,Dabhi,
1045,Banas Kantha,Vav,Soneth,
1046,Banas Kantha,Tharad,Kasavi,
1047,Banas Kantha,Tharad,Bhardasar,
1048,Banas Kantha,Tharad,Takhuva,
1049,Banas Kantha,Tharad,Radka,
1050,Banas Kantha,Tharad,Betaliya,
1051,Banas Kantha,Tharad,Vantdau,
1052,Banas Kantha,Tharad,Khoda,
1053,Banas Kantha,Tharad,Vara,
1054,Banas Kantha,Tharad,Kharakhoda,
1055,Banas Kantha,Tharad,Miyal,
1056,Banas Kantha,Tharad,Vaghasan,
1057,Banas Kantha,Tharad,Savarakha,
1058,Banas Kantha,Tharad,Naroli,
1059,Banas Kantha,Tharad,Antrol,
1060,Banas Kantha,Tharad,Ranesari,
1061,Banas Kantha,Tharad,Sherau,
1062,Banas Kantha,Tharad,Ratanpura,
1063,Banas Kantha,Tharad,Ranpur,
1064,Banas Kantha,Tharad,Ajawada,
1065,Banas Kantha,Tharad,Karbun,
1066,Banas Kantha,Tharad,Nana Mesara,
1067,Banas Kantha,Tharad,Mota Mesara,
1068,Banas Kantha,Tharad,Dipda,
1069,Banas Kantha,Tharad,Jadara,
1070,Banas Kantha,Tharad,Chotapa,
1071,Banas Kantha,Tharad,Bevata,
1072,Banas Kantha,Tharad,Terol,
1073,Banas Kantha,Tharad,Therwada,
1074,Banas Kantha,Tharad,Dedudi,
1075,Banas Kantha,Tharad,Deduva,
1076,Banas Kantha,Tharad,Morthal,
1077,Banas Kantha,Tharad,Luvana (K),
1078,Banas Kantha,Tharad,Kesargam,
1079,Banas Kantha,Tharad,Pepar,
1080,Banas Kantha,Tharad,Valadar,
1081,Banas Kantha,Tharad,Dantiya,
1082,Banas Kantha,Tharad,Piluda,
1083,Banas Kantha,Tharad,Rampura,
1084,Banas Kantha,Tharad,Patiyasara,
1085,Banas Kantha,Tharad,Rajkot,
1086,Banas Kantha,Tharad,Jampur,
1087,Banas Kantha,Tharad,Pirgadh,
1088,Banas Kantha,Tharad,Saba,
1089,Banas Kantha,Tharad,Gadsisar,
1090,Banas Kantha,Tharad,Medhala,
1091,Banas Kantha,Tharad,Ghantiyali,
1092,Banas Kantha,Tharad,Bhorol,
1093,Banas Kantha,Tharad,Ganeshpura,
1094,Banas Kantha,Tharad,Savpura,
1095,Banas Kantha,Tharad,Bhadodar,
1096,Banas Kantha,Tharad,Bhapi,
1097,Banas Kantha,Tharad,Bhapdi,
1098,Banas Kantha,Tharad,Hathawada,
1099,Banas Kantha,Tharad,Mangrol,
1100,Banas Kantha,Tharad,Bhuriya,
1101,Banas Kantha,Tharad,Kamali,
1102,Banas Kantha,Tharad,Changada,
1103,Banas Kantha,Tharad,Meghpura,
1104,Banas Kantha,Tharad,Thara,
1105,Banas Kantha,Tharad,Kiyal,
1106,Banas Kantha,Tharad,Duva,
1107,Banas Kantha,Tharad,Pavadasan,
1108,Banas Kantha,Tharad,Arantva,
1109,Banas Kantha,Tharad,Kochala,
1110,Banas Kantha,Tharad,Rah,
1111,Banas Kantha,Tharad,Lakhapura,
1112,Banas Kantha,Tharad,Bhalasara,
1113,Banas Kantha,Tharad,Chhanasara,
1114,Banas Kantha,Tharad,Didarada,
1115,Banas Kantha,Tharad,Lodhnor,
1116,Banas Kantha,Tharad,Vami,
1117,Banas Kantha,Tharad,Lorwada,
1118,Banas Kantha,Tharad,Mahadevpura,
1119,Banas Kantha,Tharad,Idhata,
1120,Banas Kantha,Tharad,Jamda,
1121,Banas Kantha,Tharad,Lunal,
1122,Banas Kantha,Tharad,Dudhva,
1123,Banas Kantha,Tharad,Kumbhara,
1124,Banas Kantha,Tharad,Vedala,
1125,Banas Kantha,Tharad,Bhimpura,
1126,Banas Kantha,Tharad,Khengarpura,
1127,Banas Kantha,Tharad,Delankot,
1128,Banas Kantha,Tharad,Ghodasar,
1129,Banas Kantha,Tharad,Sidhotara,
1130,Banas Kantha,Tharad,Untveliya,
1131,Banas Kantha,Tharad,Madal,
1132,Banas Kantha,Tharad,Asodar,
1133,Banas Kantha,Tharad,Undrana,
1134,Banas Kantha,Tharad,Bhordu,
1135,Banas Kantha,Tharad,Karanpura,
1136,Banas Kantha,Tharad,Gagana,
1137,Banas Kantha,Tharad,Janadi,
1138,Banas Kantha,Tharad,Dolatpura,
1139,Banas Kantha,Tharad,Mahajanpura,
1140,Banas Kantha,Tharad,Lendau,
1141,Banas Kantha,Tharad,Bhachar,
1142,Banas Kantha,Tharad,Chudmer,
1143,Banas Kantha,Tharad,Budhanpur,
1144,Banas Kantha,Tharad,Ghesda,
1145,Banas Kantha,Tharad,Kothigam,
1146,Banas Kantha,Tharad,Zenta,
1147,Banas Kantha,Tharad,Nanol,
1148,Banas Kantha,Tharad,Sedla,
1149,Banas Kantha,Tharad,Taruwa,
1150,Banas Kantha,Tharad,Bhimgadh,
1151,Banas Kantha,Tharad,Detal Duva,
1152,Banas Kantha,Tharad,Detal Darbari,
1153,Banas Kantha,Tharad,Dodiya,
1154,Banas Kantha,Tharad,Lalpur,
1155,Banas Kantha,Tharad,Ganata,
1156,Banas Kantha,Tharad,Morila,
1157,Banas Kantha,Tharad,Pathamda,
1158,Banas Kantha,Tharad,Vadgamda,
1159,Banas Kantha,Tharad,Abhepura,
1160,Banas Kantha,Tharad,Charda,
1161,Banas Kantha,Tharad,Khanpur,
1162,Banas Kantha,Tharad,Nagala,
1163,Banas Kantha,Tharad,Vajegadh,
1164,Banas Kantha,Tharad,Malupur,
1165,Banas Kantha,Tharad,Karnasar,
1166,Banas Kantha,Tharad,Padadar,
1167,Banas Kantha,Tharad,Gela,
1168,Banas Kantha,Tharad,Peparal,
1169,Banas Kantha,Tharad,Jetda,
1170,Banas Kantha,Tharad,Lunawa,
1171,Banas Kantha,Tharad,Khorda,
1172,Banas Kantha,Tharad,Moti Pavad,
1173,Banas Kantha,Tharad,Nani Pavad,
1174,Banas Kantha,Tharad,Jandla,
1175,Banas Kantha,Tharad,Dodgam,
1176,Banas Kantha,Tharad,Sanadhar,
1177,Banas Kantha,Tharad,Del,
1178,Banas Kantha,Tharad,Sanavia,
1179,Banas Kantha,Tharad,Asasan,
1180,Banas Kantha,Dhanera,Nenava,
1181,Banas Kantha,Dhanera,Khaprol,
1182,Banas Kantha,Dhanera,Gola,
1183,Banas Kantha,Dhanera,Aeta,
1184,Banas Kantha,Dhanera,Vasan,
1185,Banas Kantha,Dhanera,Pengiya,
1186,Banas Kantha,Dhanera,Dharnodhar,
1187,Banas Kantha,Dhanera,Shergadh (Jadiya),
1188,Banas Kantha,Dhanera,Kunwarla,
1189,Banas Kantha,Dhanera,Magarawa,
1190,Banas Kantha,Dhanera,Lawara,
1191,Banas Kantha,Dhanera,Lelava,
1192,Banas Kantha,Dhanera,Bhajna,
1193,Banas Kantha,Dhanera,Nanuda,
1194,Banas Kantha,Dhanera,Vinchhivadi,
1195,Banas Kantha,Dhanera,Charda,
1196,Banas Kantha,Dhanera,Hadta,
1197,Banas Kantha,Dhanera,Rampura Chhota,
1198,Banas Kantha,Dhanera,Jadiya,
1199,Banas Kantha,Dhanera,Bhatib,
1200,Banas Kantha,Dhanera,Dugdol Moti,
1201,Banas Kantha,Dhanera,Dugdol Nani,
1202,Banas Kantha,Dhanera,Edal,
1203,Banas Kantha,Dhanera,Talegadh,
1204,Banas Kantha,Dhanera,Kundi,
1205,Banas Kantha,Dhanera,Bapla,
1206,Banas Kantha,Dhanera,Vachhol,
1207,Banas Kantha,Dhanera,Vaktapura,
1208,Banas Kantha,Dhanera,Rampura (Vaghpura),
1209,Banas Kantha,Dhanera,Mandal,
1210,Banas Kantha,Dhanera,Anapur Chhota,
1211,Banas Kantha,Dhanera,Janali,
1212,Banas Kantha,Dhanera,Siya,
1213,Banas Kantha,Dhanera,Jadi,
1214,Banas Kantha,Dhanera,Jiwana,
1215,Banas Kantha,Dhanera,Kotda (Dhakha),
1216,Banas Kantha,Dhanera,Ramuna,
1217,Banas Kantha,Dhanera,Dhakha,
1218,Banas Kantha,Dhanera,Thawar,
1219,Banas Kantha,Dhanera,Mota Meda,
1220,Banas Kantha,Dhanera,Malotra,
1221,Banas Kantha,Dhanera,Sera,
1222,Banas Kantha,Dhanera,Kotda (Raviya),
1223,Banas Kantha,Dhanera,Raviya,
1224,Banas Kantha,Dhanera,Nana Meda,
1225,Banas Kantha,Dhanera,Anapurgadh,
1226,Banas Kantha,Dhanera,Negala,
1227,Banas Kantha,Dhanera,Vasda,
1228,Banas Kantha,Dhanera,Ravi,
1229,Banas Kantha,Dhanera,Sodal,
1230,Banas Kantha,Dhanera,Bhatram,
1231,Banas Kantha,Dhanera,Alwada,
1232,Banas Kantha,Dhanera,Sabawadi,
1233,Banas Kantha,Dhanera,Dedha,
1234,Banas Kantha,Dhanera,Rampura Mota,
1235,Banas Kantha,Dhanera,Sotwada,
1236,Banas Kantha,Dhanera,Fatepura (Malotra),
1237,Banas Kantha,Dhanera,Jorapura (Dhakha),
1238,Banas Kantha,Dhanera,Yavarpura,
1239,Banas Kantha,Dhanera,Sankad,
1240,Banas Kantha,Dhanera,Saral,
1241,Banas Kantha,Dhanera,Asiya,
1242,Banas Kantha,Dhanera,Samalwada,
1243,Banas Kantha,Dhanera,Karadhani,
1244,Banas Kantha,Dhanera,Valer,
1245,Banas Kantha,Dhanera,Voda,
1246,Banas Kantha,Dhanera,Runi,
1247,Banas Kantha,Dhanera,Mewada,
1248,Banas Kantha,Dhanera,Rajoda,
1249,Banas Kantha,Dhanera,Khangan,
1250,Banas Kantha,Dhanera,Dhanpura (Kheda),
1251,Banas Kantha,Dhanera,Vachhdal,
1252,Banas Kantha,Dhanera,Khimat,
1253,Banas Kantha,Dhanera,Kumar,
1254,Banas Kantha,Dhanera,Chhindivadi,
1255,Banas Kantha,Dhanera,Silasana,
1256,Banas Kantha,Dhanera,Virol,
1257,Banas Kantha,Dantiwada,Panswal,
1258,Banas Kantha,Dantiwada,Rampura (Panswal),
1259,Banas Kantha,Dantiwada,Santarwada,
1260,Banas Kantha,Dantiwada,Dhaniyawada,
1261,Banas Kantha,Dantiwada,Bhandotra,
1262,Banas Kantha,Dantiwada,Gundari,
1263,Banas Kantha,Dantiwada,Satsan,
1264,Banas Kantha,Dantiwada,Arkhi,
1265,Banas Kantha,Dantiwada,Vagor,
1266,Banas Kantha,Dantiwada,Panthawada,
1267,Banas Kantha,Dantiwada,Zat,
1268,Banas Kantha,Dantiwada,Akoli,
1269,Banas Kantha,Dantiwada,Bhilada,
1270,Banas Kantha,Dantiwada,Ganguwada,
1271,Banas Kantha,Dantiwada,Bhadali (Zat),
1272,Banas Kantha,Dantiwada,Lakhanasar,
1273,Banas Kantha,Dantiwada,Mahudi Moti,
1274,Banas Kantha,Dantiwada,Mahudi Nani,
1275,Banas Kantha,Dantiwada,Rampura Mahudi,
1276,Banas Kantha,Dantiwada,Kotda (Jegol),
1277,Banas Kantha,Dantiwada,Gangudara,
1278,Banas Kantha,Dantiwada,Rajkot,
1279,Banas Kantha,Dantiwada,Bhilachal,
1280,Banas Kantha,Dantiwada,Deri,
1281,Banas Kantha,Dantiwada,Vavdhara,
1282,Banas Kantha,Dantiwada,Hariyawada,
1283,Banas Kantha,Dantiwada,Odhava,
1284,Banas Kantha,Dantiwada,Jegol,
1285,Banas Kantha,Dantiwada,Ganodara,
1286,Banas Kantha,Dantiwada,Atal,
1287,Banas Kantha,Dantiwada,Bhakodar,
1288,Banas Kantha,Dantiwada,Dhaneri,
1289,Banas Kantha,Dantiwada,Velavas,
1290,Banas Kantha,Dantiwada,Shergadh Odhava,
1291,Banas Kantha,Dantiwada,Malpuriya,
1292,Banas Kantha,Dantiwada,Talenagar,
1293,Banas Kantha,Dantiwada,Ranol,
1294,Banas Kantha,Dantiwada,Marwada,
1295,Banas Kantha,Dantiwada,Ratanpur,
1296,Banas Kantha,Dantiwada,Chodungri,
1297,Banas Kantha,Dantiwada,Jorapura Bhadli,
1298,Banas Kantha,Dantiwada,Bhadli Kotha,
1299,Banas Kantha,Dantiwada,Godh,
1300,Banas Kantha,Dantiwada,Nandotra (Brahmanvas),
1301,Banas Kantha,Dantiwada,Dantiwada,
1302,Banas Kantha,Dantiwada,Fatepura (Dhanawada),
1303,Banas Kantha,Dantiwada,Vadvas,
1304,Banas Kantha,Dantiwada,Jorapura (Lodpa),
1305,Banas Kantha,Dantiwada,Nilpur,
1306,Banas Kantha,Dantiwada,Nandotra (Thakorvas),
1307,Banas Kantha,Dantiwada,Sikariya,
1308,Banas Kantha,Dantiwada,Bhakhar Nani,
1309,Banas Kantha,Dantiwada,Bhakhar Moti,
1310,Banas Kantha,Dantiwada,Vaghrol,
1311,Banas Kantha,Dantiwada,Lodpa,
1312,Banas Kantha,Dantiwada,Ramsida (Chhapra),
1313,Banas Kantha,Dantiwada,Dangiya,
1314,Banas Kantha,Amirgadh,Kapasiya,
1315,Banas Kantha,Amirgadh,Khari,
1316,Banas Kantha,Amirgadh,Zaba,
1317,Banas Kantha,Amirgadh,Rabariya,
1318,Banas Kantha,Amirgadh,Gadhada,
1319,Banas Kantha,Amirgadh,Awal,
1320,Banas Kantha,Amirgadh,Dabheli,
1321,Banas Kantha,Amirgadh,Savaniya,
1322,Banas Kantha,Amirgadh,Sonwadi,
1323,Banas Kantha,Amirgadh,Ghanta,
1324,Banas Kantha,Amirgadh,Vera,
1325,Banas Kantha,Amirgadh,Awala (Arniwada),
1326,Banas Kantha,Amirgadh,Manpuriya,
1327,Banas Kantha,Amirgadh,Vaghoriya,
1328,Banas Kantha,Amirgadh,Khara,
1329,Banas Kantha,Amirgadh,Karaza,
1330,Banas Kantha,Amirgadh,Umarkot,
1331,Banas Kantha,Amirgadh,Deri,
1332,Banas Kantha,Amirgadh,Balundra,
1333,Banas Kantha,Amirgadh,Juni Roh Sarotri,
1334,Banas Kantha,Amirgadh,Laxmipura (Amirgadh),
1335,Banas Kantha,Amirgadh,Kali Mati,
1336,Banas Kantha,Amirgadh,Sarotra,
1337,Banas Kantha,Amirgadh,Kidotar,
1338,Banas Kantha,Amirgadh,Isvani,
1339,Banas Kantha,Amirgadh,Kakwada,
1340,Banas Kantha,Amirgadh,Amirgadh,
1341,Banas Kantha,Amirgadh,Juni Roh,
1342,Banas Kantha,Amirgadh,Nichlo Bandh,
1343,Banas Kantha,Amirgadh,Uplo Bandh,
1344,Banas Kantha,Amirgadh,Dungarpura,
1345,Banas Kantha,Amirgadh,Jorapura (Amirgadh),
1346,Banas Kantha,Amirgadh,Ghanghu,
1347,Banas Kantha,Amirgadh,Dholia,
1348,Banas Kantha,Amirgadh,Zanzarvav,
1349,Banas Kantha,Amirgadh,Iqbalgadh,
1350,Banas Kantha,Amirgadh,Jethi,
1351,Banas Kantha,Amirgadh,Bantawada,
1352,Banas Kantha,Amirgadh,Rajpuriya,
1353,Banas Kantha,Amirgadh,Ambapani,
1354,Banas Kantha,Amirgadh,Mandaliya,
1355,Banas Kantha,Amirgadh,Khajuriya,
1356,Banas Kantha,Amirgadh,Rabaran,
1357,Banas Kantha,Amirgadh,Bhamariya,
1358,Banas Kantha,Amirgadh,Khuniya,
1359,Banas Kantha,Amirgadh,Khapa,
1360,Banas Kantha,Amirgadh,Karmadi,
1361,Banas Kantha,Amirgadh,Dabhchatra,
1362,Banas Kantha,Amirgadh,Ganji,
1363,Banas Kantha,Amirgadh,Ghoda,
1364,Banas Kantha,Amirgadh,Dhanpura (Dholiya),
1365,Banas Kantha,Amirgadh,Surela,
1366,Banas Kantha,Amirgadh,Ajapur Mota,
1367,Banas Kantha,Amirgadh,Ajapur Vanka,
1368,Banas Kantha,Amirgadh,Kansaravid,
1369,Banas Kantha,Amirgadh,Rampura (Vadla),
1370,Banas Kantha,Amirgadh,Vagdadi,
1371,Banas Kantha,Amirgadh,Khemarajiya,
1372,Banas Kantha,Amirgadh,Dabhela,
1373,Banas Kantha,Amirgadh,Dhanpura,
1374,Banas Kantha,Amirgadh,Chikanvas,
1375,Banas Kantha,Amirgadh,Virampur,
1376,Banas Kantha,Amirgadh,Kanpura,
1377,Banas Kantha,Amirgadh,Bhayla,
1378,Banas Kantha,Amirgadh,Kengora,
1379,Banas Kantha,Amirgadh,Pedcholi,
1380,Banas Kantha,Amirgadh,Tadholi,
1381,Banas Kantha,Amirgadh,Gavara,
1382,Banas Kantha,Amirgadh,Khapara,
1383,Banas Kantha,Danta,Dabhchatra,
1384,Banas Kantha,Danta,Guda,
1385,Banas Kantha,Danta,Sembalpani,
1386,Banas Kantha,Danta,Bedapani,
1387,Banas Kantha,Danta,Sarhad Chhapri,
1388,Banas Kantha,Danta,Amblimal,
1389,Banas Kantha,Danta,Ghodatankani,
1390,Banas Kantha,Danta,Khokhar Bili,
1391,Banas Kantha,Danta,Koteshvar,
1392,Banas Kantha,Danta,Jharivav,
1393,Banas Kantha,Danta,Padaliya,
1394,Banas Kantha,Danta,Naivada,
1395,Banas Kantha,Danta,Kengora,
1396,Banas Kantha,Danta,Viramveri,
1397,Banas Kantha,Danta,Kumbhariya,
1398,Banas Kantha,Danta,Chikhla,
1399,Banas Kantha,Danta,Ranpur,
1400,Banas Kantha,Danta,Jetvas,
1401,Banas Kantha,Danta,Rinchhadi,
1402,Banas Kantha,Danta,Panchha,
1403,Banas Kantha,Danta,Dhareda,
1404,Banas Kantha,Danta,Siyavada,
1405,Banas Kantha,Danta,Dhabani Vav,
1406,Banas Kantha,Danta,Devaliyavali Vav,
1407,Banas Kantha,Danta,Jambera,
1408,Banas Kantha,Danta,Rupvas,
1409,Banas Kantha,Danta,Jhumfali,
1410,Banas Kantha,Danta,Tarangda,
1411,Banas Kantha,Danta,Khokhariyavas,
1412,Banas Kantha,Danta,Ganapipli,
1413,Banas Kantha,Danta,Machakoda,
1414,Banas Kantha,Danta,Javara,
1415,Banas Kantha,Danta,Mahuda,
1416,Banas Kantha,Danta,Kesarpura,
1417,Banas Kantha,Danta,Kodaravi Ranpur,
1418,Banas Kantha,Danta,Begadiyavas,
1419,Banas Kantha,Danta,Hadad,
1420,Banas Kantha,Danta,Dhamanva,
1421,Banas Kantha,Danta,Gothada,
1422,Banas Kantha,Danta,Dericharda,
1423,Banas Kantha,Danta,Manchhla,
1424,Banas Kantha,Danta,Taleti,
1425,Banas Kantha,Danta,Pipalavali Vav,
1426,Banas Kantha,Danta,Vasi,
1427,Banas Kantha,Danta,Divdi,
1428,Banas Kantha,Danta,Kansa,
1429,Banas Kantha,Danta,Hedo,
1430,Banas Kantha,Danta,Vaghdacha,
1431,Banas Kantha,Danta,Pethapur,
1432,Banas Kantha,Danta,Manpur (Pethapur),
1433,Banas Kantha,Danta,Kheroj,
1434,Banas Kantha,Danta,Pataliya,
1435,Banas Kantha,Danta,Harivav,
1436,Banas Kantha,Danta,Mal,
1437,Banas Kantha,Danta,Chori,
1438,Banas Kantha,Danta,Bhadramal,
1439,Banas Kantha,Danta,Kunvarsi,
1440,Banas Kantha,Danta,Khermal,
1441,Banas Kantha,Danta,Kherani Umbari,
1442,Banas Kantha,Danta,Miranvas,
1443,Banas Kantha,Danta,Khatal,
1444,Banas Kantha,Danta,Raghpur,
1445,Banas Kantha,Danta,Sultanpur,
1446,Banas Kantha,Danta,Banodara,
1447,Banas Kantha,Danta,Virpur(Hadad),
1448,Banas Kantha,Danta,Bamnoj,
1449,Banas Kantha,Danta,Sarakala,
1450,Banas Kantha,Danta,Dhrangivas,
1451,Banas Kantha,Danta,Vadnal,
1452,Banas Kantha,Danta,Rayaniya,
1453,Banas Kantha,Danta,Mankanchampa,
1454,Banas Kantha,Danta,Mahobatgadh (Hadad),
1455,Banas Kantha,Danta,Navovas (Hadad),
1456,Banas Kantha,Danta,Unodara,
1457,Banas Kantha,Danta,Toraniya,
1458,Banas Kantha,Danta,Amloi,
1459,Banas Kantha,Danta,Khandhora,
1460,Banas Kantha,Danta,Bordiyala,
1461,Banas Kantha,Danta,Chokibor,
1462,Banas Kantha,Danta,Kanabiyavas,
1463,Banas Kantha,Danta,Danta,
1464,Banas Kantha,Danta,Balvantpura,
1465,Banas Kantha,Danta,Velvada,
1466,Banas Kantha,Danta,Ganchhera,
1467,Banas Kantha,Danta,Karanpur,
1468,Banas Kantha,Danta,Motasada,
1469,Banas Kantha,Danta,Mahobatgadh (Danta),
1470,Banas Kantha,Danta,Punjpur,
1471,Banas Kantha,Danta,Ratanpur,
1472,Banas Kantha,Danta,Vadvera,
1473,Banas Kantha,Danta,Mota Pipodara,
1474,Banas Kantha,Danta,Barvas,
1475,Banas Kantha,Danta,Vagada Kyari,
1476,Banas Kantha,Danta,Jalana,
1477,Banas Kantha,Danta,Beda,
1478,Banas Kantha,Danta,Chhota Bamodara,
1479,Banas Kantha,Danta,Mota Bamodara,
1480,Banas Kantha,Danta,Chhota Pipodara,
1481,Banas Kantha,Danta,Sanali,
1482,Banas Kantha,Danta,Santpur,
1483,Banas Kantha,Danta,Ruppura,
1484,Banas Kantha,Danta,Dhagadiya,
1485,Banas Kantha,Danta,Jasvantpura (Hadad),
1486,Banas Kantha,Danta,Mandali,
1487,Banas Kantha,Danta,Udavas,
1488,Banas Kantha,Danta,Hathi Pagala,
1489,Banas Kantha,Danta,Jamru,
1490,Banas Kantha,Danta,Jodhsar,
1491,Banas Kantha,Danta,Ranika,
1492,Banas Kantha,Danta,Samaiya,
1493,Banas Kantha,Danta,Dalpura,
1494,Banas Kantha,Danta,Pith (Navanagar),
1495,Banas Kantha,Danta,Khaivad,
1496,Banas Kantha,Danta,Gadh (Danta),
1497,Banas Kantha,Danta,Kundel,
1498,Banas Kantha,Danta,Thana,
1499,Banas Kantha,Danta,Nargadh,
1500,Banas Kantha,Danta,Gangva,
1501,Banas Kantha,Danta,Jagatapura,
1502,Banas Kantha,Danta,Nanasada,
1503,Banas Kantha,Danta,Harigadh,
1504,Banas Kantha,Danta,Bamaniya,
1505,Banas Kantha,Danta,Amarpura,
1506,Banas Kantha,Danta,Toda,
1507,Banas Kantha,Danta,Abhapura,
1508,Banas Kantha,Danta,Aderan (Danta),
1509,Banas Kantha,Danta,Godhani,
1510,Banas Kantha,Danta,Paniyari,
1511,Banas Kantha,Danta,Panudara,
1512,Banas Kantha,Danta,Vadusan,
1513,Banas Kantha,Danta,Gadh (Mahudi),
1514,Banas Kantha,Danta,Gajipur,
1515,Banas Kantha,Danta,Manpur (Ghorad),
1516,Banas Kantha,Danta,Ghorad,
1517,Banas Kantha,Danta,Mor Dungara,
1518,Banas Kantha,Danta,Mankdi,
1519,Banas Kantha,Danta,Sembal,
1520,Banas Kantha,Danta,Pasiya,
1521,Banas Kantha,Danta,Umbara,
1522,Banas Kantha,Danta,Khantani Magari,
1523,Banas Kantha,Danta,Bhanpur,
1524,Banas Kantha,Danta,Rani Umbari,
1525,Banas Kantha,Danta,Magvas,
1526,Banas Kantha,Danta,Sandhosi,
1527,Banas Kantha,Danta,Thalvada,
1528,Banas Kantha,Danta,Kanagar,
1529,Banas Kantha,Danta,Navanu Padar,
1530,Banas Kantha,Danta,Kukadi,
1531,Banas Kantha,Danta,Vekari,
1532,Banas Kantha,Danta,Chorasan,
1533,Banas Kantha,Danta,Navavas (Danta),
1534,Banas Kantha,Danta,Jasvantgadh,
1535,Banas Kantha,Danta,Nagel,
1536,Banas Kantha,Danta,Jasvantpura (Danta),
1537,Banas Kantha,Danta,Bhankhri,
1538,Banas Kantha,Danta,Savaipura,
1539,Banas Kantha,Danta,Sembaliya,
1540,Banas Kantha,Danta,Ambaghanta,
1541,Banas Kantha,Danta,Vajasana,
1542,Banas Kantha,Danta,Nani Tudiya,
1543,Banas Kantha,Danta,Mahudi,
1544,Banas Kantha,Danta,Jasvapura (Mankdi),
1545,Banas Kantha,Danta,Aderan (Mankadi),
1546,Banas Kantha,Danta,Motipura,
1547,Banas Kantha,Danta,Virpur (Lotol),
1548,Banas Kantha,Danta,Dhunali,
1549,Banas Kantha,Danta,Senkda,
1550,Banas Kantha,Danta,Tekari,
1551,Banas Kantha,Danta,Lotol,
1552,Banas Kantha,Danta,Bhachadiya,
1553,Banas Kantha,Danta,Ranol,
1554,Banas Kantha,Danta,Rangpur,
1555,Banas Kantha,Danta,Kantivas,
1556,Banas Kantha,Danta,Bhavangadh,
1557,Banas Kantha,Danta,Madhusudanpura,
1558,Banas Kantha,Danta,Pruthvirajgadh,
1559,Banas Kantha,Danta,Solsanda,
1560,Banas Kantha,Danta,Koylapur,
1561,Banas Kantha,Danta,Navaniya,
1562,Banas Kantha,Danta,Jitpur,
1563,Banas Kantha,Danta,Vijalasan,
1564,Banas Kantha,Danta,Umedpura,
1565,Banas Kantha,Danta,Jorapura,
1566,Banas Kantha,Danta,Ghantodi,
1567,Banas Kantha,Vadgam,Bharod,
1568,Banas Kantha,Vadgam,Dhanpura,
1569,Banas Kantha,Vadgam,Jalotra,
1570,Banas Kantha,Vadgam,Dhori,
1571,Banas Kantha,Vadgam,Pavthi,
1572,Banas Kantha,Vadgam,Motipura,
1573,Banas Kantha,Vadgam,Vagadadi,
1574,Banas Kantha,Vadgam,Andhariya,
1575,Banas Kantha,Vadgam,Amadpura (Mumanvas),
1576,Banas Kantha,Vadgam,Mumanvas,
1577,Banas Kantha,Vadgam,Thuvar,
1578,Banas Kantha,Vadgam,Moteta,
1579,Banas Kantha,Vadgam,Majatpur,
1580,Banas Kantha,Vadgam,Parkhadi,
1581,Banas Kantha,Vadgam,Samsherpura,
1582,Banas Kantha,Vadgam,Islampura,
1583,Banas Kantha,Vadgam,Varvadiya,
1584,Banas Kantha,Vadgam,Chhaniyana,
1585,Banas Kantha,Vadgam,Hasanpur,
1586,Banas Kantha,Vadgam,Vansol,
1587,Banas Kantha,Vadgam,Kamalpura,
1588,Banas Kantha,Vadgam,Karnala,
1589,Banas Kantha,Vadgam,Hatavad,
1590,Banas Kantha,Vadgam,Joita,
1591,Banas Kantha,Vadgam,Moriya,
1592,Banas Kantha,Vadgam,Sabalpura,
1593,Banas Kantha,Vadgam,Ghodiyal,
1594,Banas Kantha,Vadgam,Varnawada,
1595,Banas Kantha,Vadgam,Dhota,
1596,Banas Kantha,Vadgam,Vadgam,
1597,Banas Kantha,Vadgam,Bhangrodiya,
1598,Banas Kantha,Vadgam,Malosana,
1599,Banas Kantha,Vadgam,Majadar,
1600,Banas Kantha,Vadgam,Sherpura (Majadar),
1601,Banas Kantha,Vadgam,Changwada,
1602,Banas Kantha,Vadgam,Changa,
1603,Banas Kantha,Vadgam,Basu,
1604,Banas Kantha,Vadgam,Meta,
1605,Banas Kantha,Vadgam,Pirojpura,
1606,Banas Kantha,Vadgam,Mahi,
1607,Banas Kantha,Vadgam,Bharkawada,
1608,Banas Kantha,Vadgam,Nalasar,
1609,Banas Kantha,Vadgam,Timbachudi,
1610,Banas Kantha,Vadgam,Magarwada,
1611,Banas Kantha,Vadgam,Limboi,
1612,Banas Kantha,Vadgam,Memadpur,
1613,Banas Kantha,Vadgam,Sakalana,
1614,Banas Kantha,Vadgam,Karasanpura,
1615,Banas Kantha,Vadgam,Hadmatiya,
1616,Banas Kantha,Vadgam,Amadpura (Ghodiyal),
1617,Banas Kantha,Vadgam,Sukhpura,
1618,Banas Kantha,Vadgam,Sardarpura,
1619,Banas Kantha,Vadgam,Dhanali,
1620,Banas Kantha,Vadgam,Bhatvas,
1621,Banas Kantha,Vadgam,Sisrana,
1622,Banas Kantha,Vadgam,Chitroda,
1623,Banas Kantha,Vadgam,Mejarpura,
1624,Banas Kantha,Vadgam,Rupal,
1625,Banas Kantha,Vadgam,Navisana,
1626,Banas Kantha,Vadgam,Varasada,
1627,Banas Kantha,Vadgam,Bavalchudi,
1628,Banas Kantha,Vadgam,Rajosana,
1629,Banas Kantha,Vadgam,Teniwada,
1630,Banas Kantha,Vadgam,Kotadi,
1631,Banas Kantha,Vadgam,Kodarali,
1632,Banas Kantha,Vadgam,Edrana,
1633,Banas Kantha,Vadgam,Vesa,
1634,Banas Kantha,Vadgam,Gidasan Nani,
1635,Banas Kantha,Vadgam,Megal,
1636,Banas Kantha,Vadgam,Pepol,
1637,Banas Kantha,Vadgam,Panchada,
1638,Banas Kantha,Vadgam,Kabirpura,
1639,Banas Kantha,Vadgam,Nizampura,
1640,Banas Kantha,Vadgam,Mokeshvar,
1641,Banas Kantha,Vadgam,Pandva,
1642,Banas Kantha,Vadgam,Navo Vas,
1643,Banas Kantha,Vadgam,Iqbalpura,
1644,Banas Kantha,Vadgam,Tajpura,
1645,Banas Kantha,Vadgam,Salemkot,
1646,Banas Kantha,Vadgam,Badarpura,
1647,Banas Kantha,Vadgam,Mepada,
1648,Banas Kantha,Vadgam,Gidasan Moti,
1649,Banas Kantha,Vadgam,Nandotra,
1650,Banas Kantha,Vadgam,Fategadh,
1651,Banas Kantha,Vadgam,Pasvadal,
1652,Banas Kantha,Vadgam,Manpura,
1653,Banas Kantha,Vadgam,Dharewada,
1654,Banas Kantha,Vadgam,Nanosana,
1655,Banas Kantha,Vadgam,Umrecha,
1656,Banas Kantha,Vadgam,Paldi,
1657,Banas Kantha,Vadgam,Nagana,
1658,Banas Kantha,Vadgam,Nagarpura,
1659,Banas Kantha,Vadgam,Juni Nagari,
1660,Banas Kantha,Vadgam,Bhalgam,
1661,Banas Kantha,Vadgam,Bhakhari,
1662,Banas Kantha,Vadgam,Sherpura (Sembhar),
1663,Banas Kantha,Vadgam,Kaleda,
1664,Banas Kantha,Vadgam,Harde Vasana,
1665,Banas Kantha,Vadgam,Juni Sendhani,
1666,Banas Kantha,Vadgam,Navi Sendhani,
1667,Banas Kantha,Vadgam,Amirpura,
1668,Banas Kantha,Vadgam,Vasana (Sembhar),
1669,Banas Kantha,Vadgam,Navi Nagari,
1670,Banas Kantha,Vadgam,Pilucha,
1671,Banas Kantha,Vadgam,Dalvana,
1672,Banas Kantha,Vadgam,Thalwada,
1673,Banas Kantha,Vadgam,Iqbalgadh,
1674,Banas Kantha,Vadgam,Bhukhla,
1675,Banas Kantha,Vadgam,Kodaram,
1676,Banas Kantha,Palanpur,Jorapura Bhakhar,
1677,Banas Kantha,Palanpur,Ranawas,
1678,Banas Kantha,Palanpur,Juvol,
1679,Banas Kantha,Palanpur,Chekhala,
1680,Banas Kantha,Palanpur,Rampura (Karaza),
1681,Banas Kantha,Palanpur,Bhatamal Nani,
1682,Banas Kantha,Palanpur,Akedi,
1683,Banas Kantha,Palanpur,Badarpura (Bhutedi),
1684,Banas Kantha,Palanpur,Vadhana,
1685,Banas Kantha,Palanpur,Madana (Dangiya),
1686,Banas Kantha,Palanpur,Kotda (Bhakhar),
1687,Banas Kantha,Palanpur,Mota,
1688,Banas Kantha,Palanpur,Chandisar,
1689,Banas Kantha,Palanpur,Kushakal,
1690,Banas Kantha,Palanpur,Delwada,
1691,Banas Kantha,Palanpur,Rajpur (Pakhanva),
1692,Banas Kantha,Palanpur,Bhutedi,
1693,Banas Kantha,Palanpur,Sangla,
1694,Banas Kantha,Palanpur,Bhatamal Moti,
1695,Banas Kantha,Palanpur,Antroli,
1696,Banas Kantha,Palanpur,Pirojpura(Tankani),
1697,Banas Kantha,Palanpur,Kotda (Chand Gadh),
1698,Banas Kantha,Palanpur,Chitrasani,
1699,Banas Kantha,Palanpur,Ranpuriya,
1700,Banas Kantha,Palanpur,Ukarda,
1701,Banas Kantha,Palanpur,Malpuriya,
1702,Banas Kantha,Palanpur,Jaspuriya,
1703,Banas Kantha,Palanpur,Hebatpur,
1704,Banas Kantha,Palanpur,Malana,
1705,Banas Kantha,Palanpur,Pakhanwa,
1706,Banas Kantha,Palanpur,Moriya,
1707,Banas Kantha,Palanpur,Lunwa,
1708,Banas Kantha,Palanpur,Varwadia,
1709,Banas Kantha,Palanpur,Khemana,
1710,Banas Kantha,Palanpur,Surajpura (Khe),
1711,Banas Kantha,Palanpur,Sangra,
1712,Banas Kantha,Palanpur,Laxmanpura,
1713,Banas Kantha,Palanpur,Hasanpur,
1714,Banas Kantha,Palanpur,Merwada (Mahajan),
1715,Banas Kantha,Palanpur,Hathidra,
1716,Banas Kantha,Palanpur,Pedagara,
1717,Banas Kantha,Palanpur,Malan,
1718,Banas Kantha,Palanpur,Vasda (Fatepur),
1719,Banas Kantha,Palanpur,Manpur (Karjoda),
1720,Banas Kantha,Palanpur,Asmapura (Karjoda),
1721,Banas Kantha,Palanpur,Karjoda,
1722,Banas Kantha,Palanpur,Songadh,
1723,Banas Kantha,Palanpur,Parpada,
1724,Banas Kantha,Palanpur,Angola,
1725,Banas Kantha,Palanpur,Badarpura (Khodla),
1726,Banas Kantha,Palanpur,Khodla,
1727,Banas Kantha,Palanpur,Kumbhalmer,
1728,Banas Kantha,Palanpur,Sundha,
1729,Banas Kantha,Palanpur,Samdhi Ranajivas,
1730,Banas Kantha,Palanpur,Samdhi (Motavas),
1731,Banas Kantha,Palanpur,Samdhi (Nadhanivas),
1732,Banas Kantha,Palanpur,Vasani,
1733,Banas Kantha,Palanpur,Kumbhasan,
1734,Banas Kantha,Palanpur,Vedancha,
1735,Banas Kantha,Palanpur,Akesan,
1736,Banas Kantha,Palanpur,Chadotar,
1737,Banas Kantha,Palanpur,Sadarpur,
1738,Banas Kantha,Palanpur,Aligadh,
1739,Banas Kantha,Palanpur,Vasda (Mujpur),
1740,Banas Kantha,Palanpur,Nalasar,
1741,Banas Kantha,Palanpur,Ambaliyal,
1742,Banas Kantha,Palanpur,Jadial,
1743,Banas Kantha,Palanpur,Bhatwadi,
1744,Banas Kantha,Palanpur,Kumpar,
1745,Banas Kantha,Palanpur,Godh,
1746,Banas Kantha,Palanpur,Dhandha,
1747,Banas Kantha,Palanpur,Vasan,
1748,Banas Kantha,Palanpur,Bhagal (Pipli),
1749,Banas Kantha,Palanpur,Dhaniyana,
1750,Banas Kantha,Palanpur,Ambetha,
1751,Banas Kantha,Palanpur,Virpur,
1752,Banas Kantha,Palanpur,Ratanpur,
1753,Banas Kantha,Palanpur,Gathaman,
1754,Banas Kantha,Palanpur,Bhavisana,
1755,Banas Kantha,Palanpur,Salempura,
1756,Banas Kantha,Palanpur,Gadh,
1757,Banas Kantha,Palanpur,Talepura (Madana),
1758,Banas Kantha,Palanpur,Dalwada,
1759,Banas Kantha,Palanpur,Madana (Gadh),
1760,Banas Kantha,Palanpur,Khasa,
1761,Banas Kantha,Palanpur,Hoda,
1762,Banas Kantha,Palanpur,Galwada,
1763,Banas Kantha,Palanpur,Sagrosana,
1764,Banas Kantha,Palanpur,Esbipura,
1765,Banas Kantha,Palanpur,Lalawada,
1766,Banas Kantha,Palanpur,Sambarda,
1767,Banas Kantha,Palanpur,Pipli,
1768,Banas Kantha,Palanpur,Gopalpura,
1769,Banas Kantha,Palanpur,Manaka,
1770,Banas Kantha,Palanpur,Ruppura,
1771,Banas Kantha,Palanpur,Gola,
1772,Banas Kantha,Palanpur,Merwada (Ratanpur),
1773,Banas Kantha,Palanpur,Vagda,
1774,Banas Kantha,Palanpur,Jagana,
1775,Banas Kantha,Palanpur,Vasna (Jagana),
1776,Banas Kantha,Palanpur,Badarpura (Kalusana),
1777,Banas Kantha,Palanpur,Saripada,
1778,Banas Kantha,Palanpur,Patosan,
1779,Banas Kantha,Palanpur,Salla,
1780,Banas Kantha,Palanpur,Sasam,
1781,Banas Kantha,Palanpur,Takarwada,
1782,Banas Kantha,Palanpur,Tokariya,
1783,Banas Kantha,Palanpur,Sedrasana,
1784,Banas Kantha,Palanpur,Kamalpur,
1785,Banas Kantha,Palanpur,Fatepur,
1786,Banas Kantha,Palanpur,Semodra,
1787,Banas Kantha,Palanpur,Asmapura (Gola),
1788,Banas Kantha,Palanpur,Dhelana,
1789,Banas Kantha,Palanpur,Kharodiya,
1790,Banas Kantha,Palanpur,Jasleni,
1791,Banas Kantha,Palanpur,Badargadh,
1792,Banas Kantha,Deesa,Jadiyali,
1793,Banas Kantha,Deesa,Sunthiya,
1794,Banas Kantha,Deesa,Chora,
1795,Banas Kantha,Deesa,Ramun,
1796,Banas Kantha,Deesa,Dhanavada,
1797,Banas Kantha,Deesa,Bural,
1798,Banas Kantha,Deesa,Kuchavada,
1799,Banas Kantha,Deesa,Viruna,
1800,Banas Kantha,Deesa,Vithodar,
1801,Banas Kantha,Deesa,Bhachalva,
1802,Banas Kantha,Deesa,Tetoda,
1803,Banas Kantha,Deesa,Ramsan,
1804,Banas Kantha,Deesa,Bhadra,
1805,Banas Kantha,Deesa,Nandla,
1806,Banas Kantha,Deesa,Ghana,
1807,Banas Kantha,Deesa,Bhakadiyal,
1808,Banas Kantha,Deesa,Kotda,
1809,Banas Kantha,Deesa,Dhunsol,
1810,Banas Kantha,Deesa,Dhroba,
1811,Banas Kantha,Deesa,Kherola,
1812,Banas Kantha,Deesa,Nagafana,
1813,Banas Kantha,Deesa,Kochasana,
1814,Banas Kantha,Deesa,Javal,
1815,Banas Kantha,Deesa,Talegadh,
1816,Banas Kantha,Deesa,Robas Nani,
1817,Banas Kantha,Deesa,Robas Moti,
1818,Banas Kantha,Deesa,Fagudra,
1819,Banas Kantha,Deesa,Agdol,
1820,Banas Kantha,Deesa,Sodapur,
1821,Banas Kantha,Deesa,Meda,
1822,Banas Kantha,Deesa,Kotha,
1823,Banas Kantha,Deesa,Ghada,
1824,Banas Kantha,Deesa,Dhanpura,
1825,Banas Kantha,Deesa,Talepura,
1826,Banas Kantha,Deesa,Thervada,
1827,Banas Kantha,Deesa,Jherda,
1828,Banas Kantha,Deesa,Pamaru,
1829,Banas Kantha,Deesa,Gugal,
1830,Banas Kantha,Deesa,Pechhdal,
1831,Banas Kantha,Deesa,Sarat,
1832,Banas Kantha,Deesa,Kamodi,
1833,Banas Kantha,Deesa,Deka,
1834,Banas Kantha,Deesa,Vasna (Kuda),
1835,Banas Kantha,Deesa,Jasara,
1836,Banas Kantha,Deesa,Kuda,
1837,Banas Kantha,Deesa,Chekra,
1838,Banas Kantha,Deesa,Kamoda,
1839,Banas Kantha,Deesa,Devsari,
1840,Banas Kantha,Deesa,Varan,
1841,Banas Kantha,Deesa,Sherpura,
1842,Banas Kantha,Deesa,Kunvara Padar,
1843,Banas Kantha,Deesa,Kasari,
1844,Banas Kantha,Deesa,Baiwada,
1845,Banas Kantha,Deesa,Morthal Golia,
1846,Banas Kantha,Deesa,Genaji rabari Golia,
1847,Banas Kantha,Deesa,Chandaji Golia,
1848,Banas Kantha,Deesa,Bhadath,
1849,Banas Kantha,Deesa,Chatrala,
1850,Banas Kantha,Deesa,Latiya,
1851,Banas Kantha,Deesa,Vasada,
1852,Banas Kantha,Deesa,Davas,
1853,Banas Kantha,Deesa,Shamsherpura,
1854,Banas Kantha,Deesa,Yavarpura,
1855,Banas Kantha,Deesa,Zenal,
1856,Banas Kantha,Deesa,Nani,
1857,Banas Kantha,Deesa,Jhakol,
1858,Banas Kantha,Deesa,Matu,
1859,Banas Kantha,Deesa,Dodana,
1860,Banas Kantha,Deesa,Moral,
1861,Banas Kantha,Deesa,Lakhani,
1862,Banas Kantha,Deesa,Vasna (Vatam),
1863,Banas Kantha,Deesa,Manaki,
1864,Banas Kantha,Deesa,Agthala,
1865,Banas Kantha,Deesa,Chitroda,
1866,Banas Kantha,Deesa,Katarva,
1867,Banas Kantha,Deesa,Gamdi,
1868,Banas Kantha,Deesa,Varnoda,
1869,Banas Kantha,Deesa,Laxmipura,
1870,Banas Kantha,Deesa,Dama,
1871,Banas Kantha,Deesa,Jorapura,
1872,Banas Kantha,Deesa,Akhol Nani,
1873,Banas Kantha,Deesa,Akhol Moti,
1874,Banas Kantha,Deesa,Mahadeviya,
1875,Banas Kantha,Deesa,Vadli Farm,
1876,Banas Kantha,Deesa,Ranpur Athamno Vas,
1877,Banas Kantha,Deesa,Ranpur Vachlovas,
1878,Banas Kantha,Deesa,Ranpur Ugamno Vas,
1879,Banas Kantha,Deesa,Kant,
1880,Banas Kantha,Deesa,Sherganj,
1881,Banas Kantha,Deesa,Kumpat,
1882,Banas Kantha,Deesa,Malgadh,
1883,Banas Kantha,Deesa,Dhedhal,
1884,Banas Kantha,Deesa,Rampura,
1885,Banas Kantha,Deesa,Godha,
1886,Banas Kantha,Deesa,Mota Kapra,
1887,Banas Kantha,Deesa,Nana Kapra,
1888,Banas Kantha,Deesa,Vakvada,
1889,Banas Kantha,Deesa,Dharanva,
1890,Banas Kantha,Deesa,Shergadh,
1891,Banas Kantha,Deesa,Peplu,
1892,Banas Kantha,Deesa,Taleganj,
1893,Banas Kantha,Deesa,Balodhar,
1894,Banas Kantha,Deesa,Odhava,
1895,Banas Kantha,Deesa,Dedol,
1896,Banas Kantha,Deesa,Lorvada,
1897,Banas Kantha,Deesa,Vadaval,
1898,Banas Kantha,Deesa,Juna Deesa,
1899,Banas Kantha,Deesa,Bhoyan,
1900,Banas Kantha,Deesa,Rasana Nana,
1901,Banas Kantha,Deesa,Rasana Mota,
1902,Banas Kantha,Deesa,Dhuva,
1903,Banas Kantha,Deesa,Dharpada,
1904,Banas Kantha,Deesa,Fatepura,
1905,Banas Kantha,Deesa,Vasna (Juna Deesa),
1906,Banas Kantha,Deesa,Sanath,
1907,Banas Kantha,Deesa,Sandiya,
1908,Banas Kantha,Deesa,Sotambla,
1909,Banas Kantha,Deesa,Gharnal Nani,
1910,Banas Kantha,Deesa,Gharnal Moti,
1911,Banas Kantha,Deesa,Nesda Juna,
1912,Banas Kantha,Deesa,Nesda Nava,
1913,Banas Kantha,Deesa,Ramvas,
1914,Banas Kantha,Deesa,Paldi,
1915,Banas Kantha,Deesa,Ratanpura,
1916,Banas Kantha,Deesa,Soyla,
1917,Banas Kantha,Deesa,Bhildi,
1918,Banas Kantha,Deesa,Khentva,
1919,Banas Kantha,Deesa,Vahara,
1920,Banas Kantha,Deesa,Viruvada,
1921,Banas Kantha,Deesa,Dasanavas,
1922,Banas Kantha,Deesa,Lunpur,
1923,Banas Kantha,Deesa,Manekpura,
1924,Banas Kantha,Deesa,Khadosan,
1925,Banas Kantha,Deesa,Aseda,
1926,Banas Kantha,Deesa,Nava,
1927,Banas Kantha,Deesa,Sadarpur,
1928,Banas Kantha,Deesa,Chhatrala,
1929,Banas Kantha,Deesa,Mudetha,
1930,Banas Kantha,Deesa,Yavarganj,
1931,Banas Kantha,Deesa,Bodal,
1932,Banas Kantha,Deesa,Jhabadiya,
1933,Banas Kantha,Deesa,Bhadramali,
1934,Banas Kantha,Deesa,Dharisana,
1935,Banas Kantha,Deesa,Kanajhara,
1936,Banas Kantha,Deesa,Samau Motavas,
1937,Banas Kantha,Deesa,Saviyana,
1938,Banas Kantha,Deesa,Velavapura,
1939,Banas Kantha,Deesa,Samau Nanavas,
1940,Banas Kantha,Deodar,Lembau,
1941,Banas Kantha,Deodar,Achhavadiya,
1942,Banas Kantha,Deodar,Kuwana,
1943,Banas Kantha,Deodar,Lavana,
1944,Banas Kantha,Deodar,Chalva,
1945,Banas Kantha,Deodar,Sanav,
1946,Banas Kantha,Deodar,Daua,
1947,Banas Kantha,Deodar,Chibhda,
1948,Banas Kantha,Deodar,Makhanu,
1949,Banas Kantha,Deodar,Makdala,
1950,Banas Kantha,Deodar,Rantila,
1951,Banas Kantha,Deodar,Vajegadh,
1952,Banas Kantha,Deodar,Dera,
1953,Banas Kantha,Deodar,Jalodha,
1954,Banas Kantha,Deodar,Narana,
1955,Banas Kantha,Deodar,Vatam Nava,
1956,Banas Kantha,Deodar,Sesan Nava,
1957,Banas Kantha,Deodar,Sesan Juna,
1958,Banas Kantha,Deodar,Mojru Juna,
1959,Banas Kantha,Deodar,Paldi,
1960,Banas Kantha,Deodar,Kunvata,
1961,Banas Kantha,Deodar,Golvo,
1962,Banas Kantha,Deodar,Golvi,
1963,Banas Kantha,Deodar,Kotarwada,
1964,Banas Kantha,Deodar,Manpura Dhunsol,
1965,Banas Kantha,Deodar,Dhunsol,
1966,Banas Kantha,Deodar,Rampura,
1967,Banas Kantha,Deodar,Sardarpura (Ravel),
1968,Banas Kantha,Deodar,Khanodar,
1969,Banas Kantha,Deodar,Mojru Nava,
1970,Banas Kantha,Deodar,Vatam Juna,
1971,Banas Kantha,Deodar,Manpura Jalodha,
1972,Banas Kantha,Deodar,Navapura,
1973,Banas Kantha,Deodar,Forna,
1974,Banas Kantha,Deodar,Kotda Forna,
1975,Banas Kantha,Deodar,Duchakwada,
1976,Banas Kantha,Deodar,Bhagwanpura,
1977,Banas Kantha,Deodar,Ravel,
1978,Banas Kantha,Deodar,Nokha,
1979,Banas Kantha,Deodar,Vadiya,
1980,Banas Kantha,Deodar,Dhrandvada,
1981,Banas Kantha,Deodar,Bhesana,
1982,Banas Kantha,Deodar,Jada,
1983,Banas Kantha,Deodar,Chamanpura,
1984,Banas Kantha,Deodar,Chagwada,
1985,Banas Kantha,Deodar,Liladhar,
1986,Banas Kantha,Deodar,Gangol,
1987,Banas Kantha,Deodar,Soni,
1988,Banas Kantha,Deodar,Jasali,
1989,Banas Kantha,Deodar,Sardarpura (Jasali),
1990,Banas Kantha,Deodar,Kunvarva,
1991,Banas Kantha,Deodar,Odha,
1992,Banas Kantha,Deodar,Dhanakwada,
1993,Banas Kantha,Deodar,Delwada,
1994,Banas Kantha,Deodar,Kotda Deodar,
1995,Banas Kantha,Deodar,Ludara,
1996,Banas Kantha,Deodar,Samla Vadana,
1997,Banas Kantha,Deodar,Dhrandav,
1998,Banas Kantha,Deodar,Bhadkasar,
1999,Banas Kantha,Deodar,Ogadpura,
2000,Banas Kantha,Deodar,Mesra,
2001,Banas Kantha,Deodar,Goda,
2002,Banas Kantha,Deodar,Vakha,
2003,Banas Kantha,Deodar,Boda,
2004,Banas Kantha,Deodar,Sanadar,
2005,Banas Kantha,Deodar,Salpura,
2006,Banas Kantha,Deodar,Raiya,
2007,Banas Kantha,Deodar,Nava,
2008,Banas Kantha,Deodar,Surana,
2009,Banas Kantha,Deodar,Mulakpur,
2010,Banas Kantha,Bhabhar,Vajapur Juna,
2011,Banas Kantha,Bhabhar,Vajapur Nava,
2012,Banas Kantha,Bhabhar,Sanesda,
2013,Banas Kantha,Bhabhar,Mera,
2014,Banas Kantha,Bhabhar,Devkapdi,
2015,Banas Kantha,Bhabhar,Harkudiya,
2016,Banas Kantha,Bhabhar,Radakiya,
2017,Banas Kantha,Bhabhar,Balodhan,
2018,Banas Kantha,Bhabhar,Khari Paldi,
2019,Banas Kantha,Bhabhar,Asana,
2020,Banas Kantha,Bhabhar,Kuvala,
2021,Banas Kantha,Bhabhar,Barvala,
2022,Banas Kantha,Bhabhar,Bhem Bordi,
2023,Banas Kantha,Bhabhar,Abasana,
2024,Banas Kantha,Bhabhar,Lunsela,
2025,Banas Kantha,Bhabhar,Suthar Nesdi,
2026,Banas Kantha,Bhabhar,Tetarva,
2027,Banas Kantha,Bhabhar,Chatara,
2028,Banas Kantha,Bhabhar,Mespura,
2029,Banas Kantha,Bhabhar,Chaladara,
2030,Banas Kantha,Bhabhar,Chembuva,
2031,Banas Kantha,Bhabhar,Nesda,
2032,Banas Kantha,Bhabhar,Bhodaliya,
2033,Banas Kantha,Bhabhar,Mitha,
2034,Banas Kantha,Bhabhar,Khara,
2035,Banas Kantha,Bhabhar,Karela,
2036,Banas Kantha,Bhabhar,Vadana,
2037,Banas Kantha,Bhabhar,Abala,
2038,Banas Kantha,Bhabhar,Runi,
2039,Banas Kantha,Bhabhar,Sanva,
2040,Banas Kantha,Bhabhar,Moti Sari,
2041,Banas Kantha,Bhabhar,Khadosan,
2042,Banas Kantha,Bhabhar,Jasanwada,
2043,Banas Kantha,Bhabhar,Undai,
2044,Banas Kantha,Bhabhar,Kaprupur,
2045,Banas Kantha,Bhabhar,Beda,
2046,Banas Kantha,Bhabhar,Tanvad,
2047,Banas Kantha,Bhabhar,Jorvada,
2048,Banas Kantha,Bhabhar,Indarva Juna,
2049,Banas Kantha,Bhabhar,Indarva Nava,
2050,Banas Kantha,Bhabhar,Vadpag,
2051,Banas Kantha,Bhabhar,Vavdi,
2052,Banas Kantha,Bhabhar,Manpura Bhabhar,
2053,Banas Kantha,Bhabhar,Gangun,
2054,Banas Kantha,Bhabhar,Ujjanwada,
2055,Banas Kantha,Bhabhar,Buretha,
2056,Banas Kantha,Bhabhar,Chachasana,
2057,Banas Kantha,Bhabhar,Chichodara,
2058,Banas Kantha,Bhabhar,Dhenkwadi,
2059,Banas Kantha,Bhabhar,Gosan,
2060,Banas Kantha,Bhabhar,Roita,
2061,Banas Kantha,Kankrej,Nanota,
2062,Banas Kantha,Kankrej,Khoda,
2063,Banas Kantha,Kankrej,Khodla,
2064,Banas Kantha,Kankrej,Arniwada,
2065,Banas Kantha,Kankrej,Bukoli,
2066,Banas Kantha,Kankrej,Samanva,
2067,Banas Kantha,Kankrej,Khimana(Palodar Na Vas),
2068,Banas Kantha,Kankrej,Raviyana,
2069,Banas Kantha,Kankrej,Zalmor,
2070,Banas Kantha,Kankrej,Chimangadh,
2071,Banas Kantha,Kankrej,Ratangadh,
2072,Banas Kantha,Kankrej,Chekhala,
2073,Banas Kantha,Kankrej,Ucharpi,
2074,Banas Kantha,Kankrej,Jamana Padar,
2075,Banas Kantha,Kankrej,Raner,
2076,Banas Kantha,Kankrej,Umbri,
2077,Banas Kantha,Kankrej,Arduvada,
2078,Banas Kantha,Kankrej,Ranawada (Jagiri),
2079,Banas Kantha,Kankrej,Ratanpura (Shihori),
2080,Banas Kantha,Kankrej,Kunvarava,
2081,Banas Kantha,Kankrej,Padardi,
2082,Banas Kantha,Kankrej,Nekoi,
2083,Banas Kantha,Kankrej,Katediya,
2084,Banas Kantha,Kankrej,Gothada,
2085,Banas Kantha,Kankrej,Isarva,
2086,Banas Kantha,Kankrej,Tervada,
2087,Banas Kantha,Kankrej,Nasaratpura,
2088,Banas Kantha,Kankrej,Fatepura,
2089,Banas Kantha,Kankrej,Kashipura,
2090,Banas Kantha,Kankrej,Kudva,
2091,Banas Kantha,Kankrej,Nathpura,
2092,Banas Kantha,Kankrej,Kantheriya,
2093,Banas Kantha,Kankrej,Rajpur,
2094,Banas Kantha,Kankrej,Vibhanesda,
2095,Banas Kantha,Kankrej,Devdarbar,
2096,Banas Kantha,Kankrej,Chembla,
2097,Banas Kantha,Kankrej,Kakar,
2098,Banas Kantha,Kankrej,Khasa,
2099,Banas Kantha,Kankrej,Akoli Thakorvas,
2100,Banas Kantha,Kankrej,Akoli Maharajvas,
2101,Banas Kantha,Kankrej,Amblivas,
2102,Banas Kantha,Kankrej,Shihori,
2103,Banas Kantha,Kankrej,Kamboi,
2104,Banas Kantha,Kankrej,Manpur (Shihori),
2105,Banas Kantha,Kankrej,Dugrasan,
2106,Banas Kantha,Kankrej,Indramana,
2107,Banas Kantha,Kankrej,Maidkol,
2108,Banas Kantha,Kankrej,Adhgam,
2109,Banas Kantha,Kankrej,Changa,
2110,Banas Kantha,Kankrej,Shirwada,
2111,Banas Kantha,Kankrej,Ruvel,
2112,Banas Kantha,Kankrej,Varasada,
2113,Banas Kantha,Kankrej,Mandala,
2114,Banas Kantha,Kankrej,Jakhel,
2115,Banas Kantha,Kankrej,Jotada,
2116,Banas Kantha,Kankrej,Nekariya,
2117,Banas Kantha,Kankrej,Ranakpur,
2118,Banas Kantha,Kankrej,Bhavnagar,
2119,Banas Kantha,Kankrej,Vada,
2120,Banas Kantha,Kankrej,Balochpura,
2121,Banas Kantha,Kankrej,Mangalpura Nagot,
2122,Banas Kantha,Kankrej,Nagot,
2123,Banas Kantha,Kankrej,Dudasan,
2124,Banas Kantha,Kankrej,Laxmipura,
2125,Banas Kantha,Kankrej,Jaliya,
2126,Banas Kantha,Kankrej,Fategadh,
2127,Banas Kantha,Kankrej,Kasalpura,
2128,Banas Kantha,Kankrej,Ruppura,
2129,Banas Kantha,Kankrej,Tana,
2130,Banas Kantha,Kankrej,Nana Jampur,
2131,Banas Kantha,Kankrej,Khariya,
2132,Banas Kantha,Kankrej,Runi,
2133,Banas Kantha,Kankrej,Bhalgam,
2134,Banas Kantha,Kankrej,Padar,
2135,Banas Kantha,Kankrej,Tatiyana,
2136,Banas Kantha,Kankrej,Savpura,
2137,Banas Kantha,Kankrej,Karsanpura,
2138,Banas Kantha,Kankrej,Khengarpura,
2139,Banas Kantha,Kankrej,Nava,
2140,Banas Kantha,Kankrej,Amblun,
2141,Banas Kantha,Kankrej,Thali,
2142,Banas Kantha,Kankrej,Anganwada,
2143,Banas Kantha,Kankrej,Amarnesda,
2144,Banas Kantha,Kankrej,Ranawada (Khalsa),
2145,Banas Kantha,Kankrej,Mota Jampur,
2146,Banas Kantha,Kankrej,Anandpura,
2147,Banas Kantha,Kankrej,Shiya,
2148,Banas Kantha,Kankrej,Un,
2149,Banas Kantha,Kankrej,Ratanpura (Un),
2150,Banas Kantha,Kankrej,Manpura (Un),
2151,Banas Kantha,Kankrej,Valpura,
2152,Banas Kantha,Kankrej,Bhadrevadi,
2153,Banas Kantha,Kankrej,Odha,
2154,Banas Kantha,Kankrej,Kasara,
2155,Banas Kantha,Kankrej,Gunthawada(Dalpatpura),
2156,Banas Kantha,Kankrej,Dhanera,
2157,Banas Kantha,Kankrej,Devpura,
2158,Banas Kantha,Kankrej,Vithlod,
2159,Banas Kantha,Kankrej,Totana,
2160,Banas Kantha,Kankrej,Sohanpura,
2161,Banas Kantha,Kankrej,Sudrosan,
2162,Patan ,Santalpur,Eval,
2163,Patan ,Santalpur,Charanka,
2164,Patan ,Santalpur,Fangli,
2165,Patan ,Santalpur,Zazam,
2166,Patan ,Santalpur,Varanosari,
2167,Patan ,Santalpur,Vavdi,
2168,Patan ,Santalpur,Kilana,
2169,Patan ,Santalpur,Kesargadh,
2170,Patan ,Santalpur,Boruda,
2171,Patan ,Santalpur,Charanda,
2172,Patan ,Santalpur,Dhrandva,
2173,Patan ,Santalpur,Ganjisar,
2174,Patan ,Santalpur,Daisar,
2175,Patan ,Santalpur,Lodra,
2176,Patan ,Santalpur,Zandala,
2177,Patan ,Santalpur,Gadha,
2178,Patan ,Santalpur,Rampura,
2179,Patan ,Santalpur,Korda,
2180,Patan ,Santalpur,Jamvada,
2181,Patan ,Santalpur,Patanka,
2182,Patan ,Santalpur,Aluvas,
2183,Patan ,Santalpur,Dhokavada,
2184,Patan ,Santalpur,Jakhotra,
2185,Patan ,Santalpur,Vauva,
2186,Patan ,Santalpur,Barara,
2187,Patan ,Santalpur,Bakutra,
2188,Patan ,Santalpur,Bavarda,
2189,Patan ,Santalpur,Babra,
2190,Patan ,Santalpur,Sidhada,
2191,Patan ,Santalpur,Daldi,
2192,Patan ,Santalpur,Dabhi,
2193,Patan ,Santalpur,Unrot,
2194,Patan ,Santalpur,Jarusha,
2195,Patan ,Santalpur,Zekada,
2196,Patan ,Santalpur,Zanzansar,
2197,Patan ,Santalpur,Koliwada,
2198,Patan ,Santalpur,Joravargadh,
2199,Patan ,Santalpur,Fulpura,
2200,Patan ,Santalpur,Sherpura,
2201,Patan ,Santalpur,Manpura,
2202,Patan ,Santalpur,Bamroli,
2203,Patan ,Santalpur,Daigamda,
2204,Patan ,Santalpur,Par,
2205,Patan ,Santalpur,Kalyanpura,
2206,Patan ,Santalpur,Ranmalpura,
2207,Patan ,Santalpur,Datrana,
2208,Patan ,Santalpur,Madhutra,
2209,Patan ,Santalpur,Rozu,
2210,Patan ,Santalpur,Garambdi,
2211,Patan ,Santalpur,Santalpur,
2212,Patan ,Santalpur,Rajusara,
2213,Patan ,Santalpur,Chhansara,
2214,Patan ,Santalpur,Parsund,
2215,Patan ,Santalpur,Vaghpura,
2216,Patan ,Santalpur,Naliya,
2217,Patan ,Santalpur,Kamalpura,
2218,Patan ,Santalpur,Lakhapura,
2219,Patan ,Santalpur,Varahi,
2220,Patan ,Santalpur,Sadpura,
2221,Patan ,Santalpur,Navagam,
2222,Patan ,Santalpur,Vandhiya,
2223,Patan ,Santalpur,Undargadha,
2224,Patan ,Santalpur,Hamirpura,
2225,Patan ,Santalpur,Limgamda,
2226,Patan ,Santalpur,Gokhantar,
2227,Patan ,Santalpur,Unadi,
2228,Patan ,Santalpur,Lunichana,
2229,Patan ,Santalpur,Antarnes,
2230,Patan ,Santalpur,Piparala,
2231,Patan ,Santalpur,Abiyana,
2232,Patan ,Santalpur,Chadiyana,
2233,Patan ,Santalpur,Gadsai,
2234,Patan ,Santalpur,Amrapur,
2235,Patan ,Radhanpur,Lotiya,
2236,Patan ,Radhanpur,Thikariya,
2237,Patan ,Radhanpur,Panvi,
2238,Patan ,Radhanpur,Chalwada,
2239,Patan ,Radhanpur,Dev,
2240,Patan ,Radhanpur,Sultanpura,
2241,Patan ,Radhanpur,Subapura,
2242,Patan ,Radhanpur,Arjansar,
2243,Patan ,Radhanpur,Alhabad,
2244,Patan ,Radhanpur,Bandhwad,
2245,Patan ,Radhanpur,Surka,
2246,Patan ,Radhanpur,Javantri,
2247,Patan ,Radhanpur,Limbadka,
2248,Patan ,Radhanpur,Santhli,
2249,Patan ,Radhanpur,Rangapura,
2250,Patan ,Radhanpur,Bhilot,
2251,Patan ,Radhanpur,Memdavad,
2252,Patan ,Radhanpur,Kolhapur,
2253,Patan ,Radhanpur,Sherganj,
2254,Patan ,Radhanpur,Porana,
2255,Patan ,Radhanpur,Vijaynagar,
2256,Patan ,Radhanpur,Vadnagar,
2257,Patan ,Radhanpur,Jetalpura,
2258,Patan ,Radhanpur,Bhadiya,
2259,Patan ,Radhanpur,Sinad,
2260,Patan ,Radhanpur,Sardarpura,
2261,Patan ,Radhanpur,Radhanpur (Rural) (Premnagar),
2262,Patan ,Radhanpur,Kalyanpura,
2263,Patan ,Radhanpur,Nayatwada,
2264,Patan ,Radhanpur,Moti Pipli,
2265,Patan ,Radhanpur,Nani Pipli,
2266,Patan ,Radhanpur,Sarkarpura,
2267,Patan ,Radhanpur,Satun,
2268,Patan ,Radhanpur,Amirpura,
2269,Patan ,Radhanpur,Shahpur,
2270,Patan ,Radhanpur,Nanapura,
2271,Patan ,Radhanpur,Dharavadi,
2272,Patan ,Radhanpur,Kamalpur (Dharavadi),
2273,Patan ,Radhanpur,Badarpura,
2274,Patan ,Radhanpur,Maghapura,
2275,Patan ,Radhanpur,Masali,
2276,Patan ,Radhanpur,Sabdalpura,
2277,Patan ,Radhanpur,Shergadh,
2278,Patan ,Radhanpur,Najupura,
2279,Patan ,Radhanpur,Kamalpur (Satun),
2280,Patan ,Radhanpur,Delana,
2281,Patan ,Radhanpur,Gulabpura,
2282,Patan ,Radhanpur,Chhaniathal,
2283,Patan ,Radhanpur,Gotarka,
2284,Patan ,Radhanpur,Dehgam,
2285,Patan ,Radhanpur,Agichana,
2286,Patan ,Radhanpur,Joravarganj,
2287,Patan ,Radhanpur,Karsangadh,
2288,Patan ,Radhanpur,Bismillaganj,
2289,Patan ,Radhanpur,Pedashpura,
2290,Patan ,Radhanpur,Dholakda,
2291,Patan ,Sidhpur,Dhumad,
2292,Patan ,Sidhpur,Mudvada,
2293,Patan ,Sidhpur,Methan,
2294,Patan ,Sidhpur,Dindrol,
2295,Patan ,Sidhpur,Mamvada,
2296,Patan ,Sidhpur,Dungariyasan,
2297,Patan ,Sidhpur,Jafaripura,
2298,Patan ,Sidhpur,Sahesa,
2299,Patan ,Sidhpur,Vaghrol,
2300,Patan ,Sidhpur,Pachakvada,
2301,Patan ,Sidhpur,Kaleda,
2302,Patan ,Sidhpur,Dashavada,
2303,Patan ,Sidhpur,Dhanavada,
2304,Patan ,Sidhpur,Lavara,
2305,Patan ,Sidhpur,Kunvara,
2306,Patan ,Sidhpur,Metrana,
2307,Patan ,Sidhpur,Rasulpur,
2308,Patan ,Sidhpur,Khadiyasana,
2309,Patan ,Sidhpur,Sedrana,
2310,Patan ,Sidhpur,Lukhasan,
2311,Patan ,Sidhpur,Meloj,
2312,Patan ,Sidhpur,Kot,
2313,Patan ,Sidhpur,Ankvi,
2314,Patan ,Sidhpur,Sujanpur,
2315,Patan ,Sidhpur,Ganglasan,
2316,Patan ,Sidhpur,Umru,
2317,Patan ,Sidhpur,Vadhana,
2318,Patan ,Sidhpur,Varsila,
2319,Patan ,Sidhpur,Kalyana,
2320,Patan ,Sidhpur,Nindroda,
2321,Patan ,Sidhpur,Sevalni,
2322,Patan ,Sidhpur,Nandotri,
2323,Patan ,Sidhpur,Thakrasan,
2324,Patan ,Sidhpur,Tavadia,
2325,Patan ,Sidhpur,Ganeshpura,
2326,Patan ,Sidhpur,Mudana,
2327,Patan ,Sidhpur,Sandesari,
2328,Patan ,Sidhpur,Nagvasan,
2329,Patan ,Sidhpur,Ganvada,
2330,Patan ,Sidhpur,Samoda,
2331,Patan ,Sidhpur,Chatavada,
2332,Patan ,Sidhpur,Lalpur,
2333,Patan ,Sidhpur,Dethli,
2334,Patan ,Sidhpur,Chandansar,
2335,Patan ,Sidhpur,Hisor,
2336,Patan ,Sidhpur,Vanasan,
2337,Patan ,Sidhpur,Punasan,
2338,Patan ,Sidhpur,Karan,
2339,Patan ,Sidhpur,Chandravati,
2340,Patan ,Sidhpur,Nedra,
2341,Patan ,Sidhpur,Kanesara,
2342,Patan ,Sidhpur,Khali,
2343,Patan ,Sidhpur,Biliya,
2344,Patan ,Patan,Ajuja,
2345,Patan ,Patan,Muna,
2346,Patan ,Patan,Khareda,
2347,Patan ,Patan,Untvada,
2348,Patan ,Patan,Amarpura,
2349,Patan ,Patan,Vahana,
2350,Patan ,Patan,Bhatsan,
2351,Patan ,Patan,Koita,
2352,Patan ,Patan,Raviyana,
2353,Patan ,Patan,Khodana,
2354,Patan ,Patan,Katrasamal,
2355,Patan ,Patan,Mesar,
2356,Patan ,Patan,Haidarpura,
2357,Patan ,Patan,Delvada,
2358,Patan ,Patan,Ganeshpura,
2359,Patan ,Patan,Abalouva,
2360,Patan ,Patan,Jangral,
2361,Patan ,Patan,Vasni,
2362,Patan ,Patan,Jakha,
2363,Patan ,Patan,Lakshmipura,
2364,Patan ,Patan,Endla,
2365,Patan ,Patan,Kanosan,
2366,Patan ,Patan,Melusan,
2367,Patan ,Patan,Morpa,
2368,Patan ,Patan,Vagdod,
2369,Patan ,Patan,Vachhalva,
2370,Patan ,Patan,Lakhdap,
2371,Patan ,Patan,Bhilvan,
2372,Patan ,Patan,Renchavi,
2373,Patan ,Patan,Vadhi,
2374,Patan ,Patan,Golivada,
2375,Patan ,Patan,Volavi,
2376,Patan ,Patan,Jamtha,
2377,Patan ,Patan,Kansa,
2378,Patan ,Patan,Bhutiya Vasna,
2379,Patan ,Patan,Charup,
2380,Patan ,Patan,Vadu,
2381,Patan ,Patan,Siyol,
2382,Patan ,Patan,Vamaiya,
2383,Patan ,Patan,Deliyathara,
2384,Patan ,Patan,Vayad,
2385,Patan ,Patan,Ghacheli,
2386,Patan ,Patan,Dharusan,
2387,Patan ,Patan,Dhanasara,
2388,Patan ,Patan,Rakhav,
2389,Patan ,Patan,Kalodhi,
2390,Patan ,Patan,Vadiya,
2391,Patan ,Patan,Lodhi,
2392,Patan ,Patan,Sotavad,
2393,Patan ,Patan,Sampra,
2394,Patan ,Patan,Undra,
2395,Patan ,Patan,Sariyad,
2396,Patan ,Patan,Veloda (Nana-Mota),
2397,Patan ,Patan,Nayta,
2398,Patan ,Patan,Balva,
2399,Patan ,Patan,Vaghasar,
2400,Patan ,Patan,Bepadar,
2401,Patan ,Patan,Khanpurda,
2402,Patan ,Patan,Vareda,
2403,Patan ,Patan,Odhva,
2404,Patan ,Patan,Khalipur,
2405,Patan ,Patan,Rughnathpura,
2406,Patan ,Patan,Nava Bavahaji,
2407,Patan ,Patan,Sujnipur,
2408,Patan ,Patan,Tankvasna,
2409,Patan ,Patan,Aghar,
2410,Patan ,Patan,Kimbuva,
2411,Patan ,Patan,Gulvasna,
2412,Patan ,Patan,Kotavad,
2413,Patan ,Patan,Sanodarda,
2414,Patan ,Patan,Lodhpur,
2415,Patan ,Patan,Kuntavada,
2416,Patan ,Patan,Ajimana,
2417,Patan ,Patan,Sagodiya,
2418,Patan ,Patan,Jaleshvar Paldi,
2419,Patan ,Patan,Samalpati,
2420,Patan ,Patan,Matarvadi (Part),
2421,Patan ,Patan,Anavada,
2422,Patan ,Patan,Hanumanpura,
2423,Patan ,Patan,Dudharampura,
2424,Patan ,Patan,Dharnoj,
2425,Patan ,Patan,Bhadrada,
2426,Patan ,Patan,Fulesana,
2427,Patan ,Patan,Badipur,
2428,Patan ,Patan,Vadli,
2429,Patan ,Patan,Bakratpur,
2430,Patan ,Patan,Gungdipati (Part),
2431,Patan ,Patan,Hansapur (Part),
2432,Patan ,Patan,Runi,
2433,Patan ,Patan,Hajipur,
2434,Patan ,Patan,Kamlivada,
2435,Patan ,Patan,Diodarda,
2436,Patan ,Patan,Der,
2437,Patan ,Patan,Chadasana,
2438,Patan ,Patan,Nana Ramanda,
2439,Patan ,Patan,Mota Ramanda,
2440,Patan ,Patan,Santi,
2441,Patan ,Patan,Dharpur,
2442,Patan ,Patan,Dighdi,
2443,Patan ,Patan,Ambliyasan,
2444,Patan ,Patan,Khanpur Kodi,
2445,Patan ,Patan,Mandotri,
2446,Patan ,Patan,Borsan,
2447,Patan ,Patan,Golapur,
2448,Patan ,Patan,Sandesarpati,
2449,Patan ,Patan,Kharivavdi,
2450,Patan ,Patan,Manpur,
2451,Patan ,Patan,Khanpur Rajkuva,
2452,Patan ,Patan,Chandrumana,
2453,Patan ,Patan,Bhalgam,
2454,Patan ,Patan,Kungher,
2455,Patan ,Patan,Ilampur,
2456,Patan ,Patan,Sabosan,
2457,Patan ,Patan,Katpur,
2458,Patan ,Patan,Rajpur,
2459,Patan ,Patan,Gadosan,
2460,Patan ,Patan,Gaja,
2461,Patan ,Patan,Norta Talpad,
2462,Patan ,Patan,Norta Vanta,
2463,Patan ,Patan,Sarva,
2464,Patan ,Patan,Kuder,
2465,Patan ,Patan,Balisana,
2466,Patan ,Patan,Derasana,
2467,Patan ,Patan,Kani,
2468,Patan ,Patan,Visal-Vasna,
2469,Patan ,Patan,Babasana,
2470,Patan ,Patan,Samoda,
2471,Patan ,Patan,Hamidpur,
2472,Patan ,Patan,Mahemadpur,
2473,Patan ,Patan,Mithivavdi,
2474,Patan ,Patan,Khimiyana,
2475,Patan ,Patan,Sankhari,
2476,Patan ,Patan,Sardarpur Norta , (Ambapara)
2477,Patan ,Patan,Ranunj,
2478,Patan ,Patan,Sander,
2479,Patan ,Patan,Matpur,
2480,Patan ,Patan,Ruvavi,
2481,Patan ,Patan,Dabhdi,
2482,Patan ,Patan,Manund,
2483,Patan ,Harij,Khakhal,
2484,Patan ,Harij,Jasvantpura,
2485,Patan ,Harij,Rughnathpura,
2486,Patan ,Harij,Roda,
2487,Patan ,Harij,Masa,
2488,Patan ,Harij,Dunavada,
2489,Patan ,Harij,Sankra,
2490,Patan ,Harij,Vansa,
2491,Patan ,Harij,Vejavada,
2492,Patan ,Harij,Katara,
2493,Patan ,Harij,Kumbhana,
2494,Patan ,Harij,Kathi,
2495,Patan ,Harij,Nana,
2496,Patan ,Harij,Sarer,
2497,Patan ,Harij,Bhalana,
2498,Patan ,Harij,Malsund,
2499,Patan ,Harij,Piplana,
2500,Patan ,Harij,Manka (Juna-Nava),
2501,Patan ,Harij,Tharod,
2502,Patan ,Harij,Ekalva,
2503,Patan ,Harij,Savasda,
2504,Patan ,Harij,Chabkha,
2505,Patan ,Harij,Sarval,
2506,Patan ,Harij,Khakhdi,
2507,Patan ,Harij,Boratvada,
2508,Patan ,Harij,Ravindra,
2509,Patan ,Harij,Kureja,
2510,Patan ,Harij,Tornipur,
2511,Patan ,Harij,Adiya,
2512,Patan ,Harij,Piluvada,
2513,Patan ,Harij,Kalana,
2514,Patan ,Harij,Jamanpur,
2515,Patan ,Harij,Dantarvada,
2516,Patan ,Harij,Jaska,
2517,Patan ,Harij,Jasomav,
2518,Patan ,Harij,Sodhav,
2519,Patan ,Harij,Govna,
2520,Patan ,Harij,Tamboliya,
2521,Patan ,Harij,Paloli,
2522,Patan ,Sami,Dadar,
2523,Patan ,Sami,Dhadhana,
2524,Patan ,Sami,Sherpura,
2525,Patan ,Sami,Ranavada,
2526,Patan ,Sami,Kharchariya,
2527,Patan ,Sami,Gochnad,
2528,Patan ,Sami,Bismillabad,
2529,Patan ,Sami,Babri,
2530,Patan ,Sami,Chandarni,
2531,Patan ,Sami,Rampura,
2532,Patan ,Sami,Jakhel,
2533,Patan ,Sami,Godhana,
2534,Patan ,Sami,Daudpur,
2535,Patan ,Sami,Mandvi,
2536,Patan ,Sami,Bhamathal,
2537,Patan ,Sami,Mubarakpura,
2538,Patan ,Sami,Sajupura,
2539,Patan ,Sami,Nana Joravarpura,
2540,Patan ,Sami,Matrota,
2541,Patan ,Sami,Mota Joravarpura,
2542,Patan ,Sami,Varana,
2543,Patan ,Sami,Mahmadpura,
2544,Patan ,Sami,Baspa,
2545,Patan ,Sami,Kanij,
2546,Patan ,Sami,Dadka,
2547,Patan ,Sami,Umedpura,
2548,Patan ,Sami,Lalpur,
2549,Patan ,Sami,Adgam,
2550,Patan ,Sami,Vahedpur,
2551,Patan ,Sami,Sukhpura,
2552,Patan ,Sami,Ved,
2553,Patan ,Sami,Rupnagar,
2554,Patan ,Sami,Bhadrada,
2555,Patan ,Sami,Gajdinpura,
2556,Patan ,Sami,Samsherpura,
2557,Patan ,Sami,Sonar,
2558,Patan ,Sami,Vaval,
2559,Patan ,Sami,Jalalabad,
2560,Patan ,Sami,Gujarvada,
2561,Patan ,Sami,Jhilvana,
2562,Patan ,Sami,Kathivada,
2563,Patan ,Sami,Tarora,
2564,Patan ,Sami,Sami,
2565,Patan ,Sami,Nayka,
2566,Patan ,Sami,Kokta,
2567,Patan ,Sami,Upaliyasara,
2568,Patan ,Sami,Vaghpura,
2569,Patan ,Sami,Rafu,
2570,Patan ,Sami,Badarganj,
2571,Patan ,Sami,Koddha,
2572,Patan ,Sami,Anvarpura,
2573,Patan ,Sami,Nani Chandur,
2574,Patan ,Sami,Dudkha,
2575,Patan ,Sami,Memna,
2576,Patan ,Sami,Moti Chandur,
2577,Patan ,Sami,Kathi,
2578,Patan ,Sami,Ravad,
2579,Patan ,Sami,Palipur,
2580,Patan ,Sami,Kukrana,
2581,Patan ,Sami,Vaghel,
2582,Patan ,Sami,Aritha,
2583,Patan ,Sami,Buda,
2584,Patan ,Sami,Rasulpura,
2585,Patan ,Sami,Vagosan,
2586,Patan ,Sami,Orumana,
2587,Patan ,Sami,Mujpur,
2588,Patan ,Sami,Loteshvar,
2589,Patan ,Sami,Islampura,
2590,Patan ,Sami,Jesda,
2591,Patan ,Sami,Khijadiyari,
2592,Patan ,Sami,Lolada,
2593,Patan ,Sami,Sipur,
2594,Patan ,Sami,Kunvar,
2595,Patan ,Sami,Subapura,
2596,Patan ,Sami,Taranagar,
2597,Patan ,Sami,Rajpura,
2598,Patan ,Sami,Pirojpura,
2599,Patan ,Sami,Fattehganj,
2600,Patan ,Sami,Mardanganj,
2601,Patan ,Sami,Kanchanpura,
2602,Patan ,Sami,Khandiya,
2603,Patan ,Sami,Shankheshvar,
2604,Patan ,Sami,Runi,
2605,Patan ,Sami,Ranod,
2606,Patan ,Sami,Kuvarad,
2607,Patan ,Sami,Manvarpura,
2608,Patan ,Sami,Biliya,
2609,Patan ,Sami,Tuvad,
2610,Patan ,Sami,Fatehpura,
2611,Patan ,Sami,Dhanora,
2612,Patan ,Sami,Dantisana,
2613,Patan ,Sami,Mankodiya,
2614,Patan ,Sami,Padla,
2615,Patan ,Sami,Ratanpura,
2616,Patan ,Sami,Bolera,
2617,Patan ,Sami,Jahurpura,
2618,Patan ,Sami,Murtujanagar,
2619,Patan ,Sami,Panchasar,
2620,Patan ,Chanasma,Sevala,
2621,Patan ,Chanasma,Galolivasna,
2622,Patan ,Chanasma,Ruppur,
2623,Patan ,Chanasma,Sardarpura,
2624,Patan ,Chanasma,Jakhana,
2625,Patan ,Chanasma,Sojitra,
2626,Patan ,Chanasma,Islampura,
2627,Patan ,Chanasma,Finchal,
2628,Patan ,Chanasma,Vasai,
2629,Patan ,Chanasma,Ganget,
2630,Patan ,Chanasma,Jitoda,
2631,Patan ,Chanasma,Sendha,
2632,Patan ,Chanasma,Khari Dhariyal,
2633,Patan ,Chanasma,Sendhal,
2634,Patan ,Chanasma,Jasalpur,
2635,Patan ,Chanasma,Dhanodharda,
2636,Patan ,Chanasma,Kesni,
2637,Patan ,Chanasma,Sarsav,
2638,Patan ,Chanasma,Vasaipura,
2639,Patan ,Chanasma,Selavi,
2640,Patan ,Chanasma,Pindharpura,
2641,Patan ,Chanasma,Dantkarodi,
2642,Patan ,Chanasma,Pimpal,
2643,Patan ,Chanasma,Jhiliya,
2644,Patan ,Chanasma,Jhiliya Vasana,
2645,Patan ,Chanasma,Mandlop,
2646,Patan ,Chanasma,Dharmoda,
2647,Patan ,Chanasma,Naranpura,
2648,Patan ,Chanasma,Kamboi,
2649,Patan ,Chanasma,Gokharva,
2650,Patan ,Chanasma,Khorsam,
2651,Patan ,Chanasma,Brahmanvada,
2652,Patan ,Chanasma,Ranasan,
2653,Patan ,Chanasma,Rampura,
2654,Patan ,Chanasma,Khara Dharva,
2655,Patan ,Chanasma,Lanva,
2656,Patan ,Chanasma,Multhaniya,
2657,Patan ,Chanasma,Palasar,
2658,Patan ,Chanasma,Dhinoj,
2659,Patan ,Chanasma,Danodarda,
2660,Patan ,Chanasma,Mithadharva,
2661,Patan ,Chanasma,Chaveli,
2662,Patan ,Chanasma,Bhatvasana,
2663,Patan ,Chanasma,Bhatsar,
2664,Patan ,Chanasma,Itoda,
2665,Patan ,Chanasma,Delmal,
2666,Patan ,Chanasma,Maniyari,
2667,Patan ,Chanasma,Mithi Dhariyal,
2668,Patan ,Chanasma,Khokhla,
2669,Patan ,Chanasma,Takodi,
2670,Patan ,Chanasma,Mervada,
2671,Patan ,Chanasma,Sunsar,
2672,Patan ,Chanasma,Kamalpur,
2673,Patan ,Chanasma,Karoda,
2674,Patan ,Chanasma,Vadavli,
2675,Patan ,Chanasma,Dharpuri,
2676,Patan ,Chanasma,Panchasar,
2677,Patan ,Chanasma,Mesra,
2678,Patan ,Chanasma,Chhamichha,
2679,Mahesana,Satlasana,Chelana,
2680,Mahesana,Satlasana,Talegadh,
2681,Mahesana,Satlasana,Khari,
2682,Mahesana,Satlasana,Nedardi,
2683,Mahesana,Satlasana,Vajapur,
2684,Mahesana,Satlasana,Mumanvas,
2685,Mahesana,Satlasana,Bhanavas,
2686,Mahesana,Satlasana,Kubada,
2687,Mahesana,Satlasana,Vansada,
2688,Mahesana,Satlasana,Semor,
2689,Mahesana,Satlasana,Umari,
2690,Mahesana,Satlasana,Takhatpura,
2691,Mahesana,Satlasana,Jashpuriya,
2692,Mahesana,Satlasana,Ranpur,
2693,Mahesana,Satlasana,Vasai,
2694,Mahesana,Satlasana,Dulana,
2695,Mahesana,Satlasana,Sardarpur (Cheekna),
2696,Mahesana,Satlasana,Sudasana,
2697,Mahesana,Satlasana,Bhalu Moti,
2698,Mahesana,Satlasana,Bhalu Nani,
2699,Mahesana,Satlasana,Bedasma,
2700,Mahesana,Satlasana,Samarapur,
2701,Mahesana,Satlasana,Rabarivas,
2702,Mahesana,Satlasana,Dhadhivas,
2703,Mahesana,Satlasana,Gamanpur,
2704,Mahesana,Satlasana,Santola,
2705,Mahesana,Satlasana,Gothda,
2706,Mahesana,Satlasana,Ajabapur(Jivak),
2707,Mahesana,Satlasana,Kothasana Mota,
2708,Mahesana,Satlasana,Kothasana Nana,
2709,Mahesana,Satlasana,Sheshhapur,
2710,Mahesana,Satlasana,Bhalusana,
2711,Mahesana,Satlasana,Umrecha,
2712,Mahesana,Satlasana,Bhatvas,
2713,Mahesana,Satlasana,Rinchhada,
2714,Mahesana,Satlasana,Kesarpura,
2715,Mahesana,Satlasana,Nijhampur,
2716,Mahesana,Satlasana,Jaspur,
2717,Mahesana,Satlasana,Khilod,
2718,Mahesana,Satlasana,Isakpura,
2719,Mahesana,Satlasana,Ankaliyara,
2720,Mahesana,Satlasana,Himmatpura,
2721,Mahesana,Satlasana,Bhimpur,
2722,Mahesana,Satlasana,Navavas,
2723,Mahesana,Satlasana,Sartanpur (Gadh),
2724,Mahesana,Satlasana,Satlasana,
2725,Mahesana,Satlasana,Vaghva-Mandva,
2726,Mahesana,Satlasana,Malana,
2727,Mahesana,Satlasana,Dharoi,
2728,Mahesana,Satlasana,Vav,
2729,Mahesana,Satlasana,Rajpur(Gadh),
2730,Mahesana,Satlasana,Timba,
2731,Mahesana,Satlasana,Shahupura (Gadh),
2732,Mahesana,Satlasana,Pirojpura,
2733,Mahesana,Satlasana,Vaghar,
2734,Mahesana,Satlasana,Anand Bhankhari,
2735,Mahesana,Satlasana,Sadrasan,
2736,Mahesana,Satlasana,Khodamali,
2737,Mahesana,Satlasana,Vavadi (Gadh),
2738,Mahesana,Satlasana,Vadnal,
2739,Mahesana,Satlasana,Fatepura,
2740,Mahesana,Satlasana,Hadol,
2741,Mahesana,Satlasana,Radhupura,
2742,Mahesana,Satlasana,Galalpur,
2743,Mahesana,Satlasana,Kajipur,
2744,Mahesana,Satlasana,Otalpur,
2745,Mahesana,Satlasana,Rangpur (Gadh),
2746,Mahesana,Satlasana,Kanediya,
2747,Mahesana,Satlasana,Dharavania,
2748,Mahesana,Satlasana,Gamanpura,
2749,Mahesana,Satlasana,Chhelpura,
2750,Mahesana,Satlasana,Kevdasan,
2751,Mahesana,Satlasana,Malapura,
2752,Mahesana,Kheralu,Chansol,
2753,Mahesana,Kheralu,Dabhad,
2754,Mahesana,Kheralu,Davol,
2755,Mahesana,Kheralu,Varetha,
2756,Mahesana,Kheralu,Dalisana,
2757,Mahesana,Kheralu,Mahiyal,
2758,Mahesana,Kheralu,Sakari,
2759,Mahesana,Kheralu,Fattepura(Khe),
2760,Mahesana,Kheralu,Vithoda,
2761,Mahesana,Kheralu,Vavdi (khe),
2762,Mahesana,Kheralu,Lunva,
2763,Mahesana,Kheralu,Mandali,
2764,Mahesana,Kheralu,Panchha,
2765,Mahesana,Kheralu,Balad,
2766,Mahesana,Kheralu,Shahpur (Santokpura),
2767,Mahesana,Kheralu,Mandropur,
2768,Mahesana,Kheralu,Nandali (Miyasana),
2769,Mahesana,Kheralu,Arathi,
2770,Mahesana,Kheralu,Mahekubpura,
2771,Mahesana,Kheralu,Dabhoda,
2772,Mahesana,Kheralu,Kuda,
2773,Mahesana,Kheralu,Nalu,
2774,Mahesana,Kheralu,Chotiya,
2775,Mahesana,Kheralu,Lalawada,
2776,Mahesana,Kheralu,Nanivada,
2777,Mahesana,Kheralu,Gajipur,
2778,Mahesana,Kheralu,Suvariya,
2779,Mahesana,Kheralu,Malekpur (Khe),
2780,Mahesana,Kheralu,Nani Hirvani,
2781,Mahesana,Kheralu,Moti Hirvani,
2782,Mahesana,Kheralu,Machhava,
2783,Mahesana,Kheralu,Nortol,
2784,Mahesana,Kheralu,Chachariya,
2785,Mahesana,Kheralu,Thangana,
2786,Mahesana,Kheralu,Gathaman,
2787,Mahesana,Kheralu,Malarpura,
2788,Mahesana,Kheralu,Delvada,
2789,Mahesana,Kheralu,Rahemanpura,
2790,Mahesana,Kheralu,Sangathala,
2791,Mahesana,Kheralu,Chada,
2792,Mahesana,Kheralu,Dedasan,
2793,Mahesana,Kheralu,Amarpura,
2794,Mahesana,Kheralu,Vaghvadi,
2795,Mahesana,Kheralu,Gorisana,
2796,Mahesana,Kheralu,Ambavada,
2797,Mahesana,Kheralu,Samoja,
2798,Mahesana,Kheralu,Rasulpur,
2799,Mahesana,Kheralu,Sadikpur,
2800,Mahesana,Kheralu,Limbdi,
2801,Mahesana,Kheralu,Unad,
2802,Mahesana,Kheralu,Madhasana,
2803,Mahesana,Unjha,Lindi,
2804,Mahesana,Unjha,Visol,
2805,Mahesana,Unjha,Varvada,
2806,Mahesana,Unjha,Brahmanvada,
2807,Mahesana,Unjha,Kamli,
2808,Mahesana,Unjha,Jagannathpura,
2809,Mahesana,Unjha,Kahoda,
2810,Mahesana,Unjha,Khatasana,
2811,Mahesana,Unjha,Maherwada,
2812,Mahesana,Unjha,Lihoda,
2813,Mahesana,Unjha,Bhunav,
2814,Mahesana,Unjha,Dasaj,
2815,Mahesana,Unjha,Maktupur,
2816,Mahesana,Unjha,Tundav,
2817,Mahesana,Unjha,Amudh,
2818,Mahesana,Unjha,Sunak,
2819,Mahesana,Unjha,Dabhi,
2820,Mahesana,Unjha,Shihi,
2821,Mahesana,Unjha,Bhankhar,
2822,Mahesana,Unjha,Ranchhodpura,
2823,Mahesana,Unjha,Upera,
2824,Mahesana,Unjha,Karanpur,
2825,Mahesana,Unjha,Karli,
2826,Mahesana,Unjha,Hajipur,
2827,Mahesana,Unjha,Vanagla,
2828,Mahesana,Unjha,Aithor,
2829,Mahesana,Unjha,Unava,
2830,Mahesana,Unjha,Surpura,
2831,Mahesana,Unjha,Pali,
2832,Mahesana,Unjha,Navapura,
2833,Mahesana,Unjha,Kanthravi,
2834,Mahesana,Visnagar,Tarabh,
2835,Mahesana,Visnagar,Denap,
2836,Mahesana,Visnagar,Umta,
2837,Mahesana,Visnagar,Rangpur (Khe),
2838,Mahesana,Visnagar,Kiyadar,
2839,Mahesana,Visnagar,Hasanpur,
2840,Mahesana,Visnagar,Paldi,
2841,Mahesana,Visnagar,Chhogala,
2842,Mahesana,Visnagar,Khadalpur,
2843,Mahesana,Visnagar,Mahamadpur,
2844,Mahesana,Visnagar,Kajialiyasana,
2845,Mahesana,Visnagar,Khandosan,
2846,Mahesana,Visnagar,Jetalvasana,
2847,Mahesana,Visnagar,Bokarvada,
2848,Mahesana,Visnagar,Bhandu,
2849,Mahesana,Visnagar,Vadu,
2850,Mahesana,Visnagar,Satusana,
2851,Mahesana,Visnagar,Valam,
2852,Mahesana,Visnagar,Iyasara,
2853,Mahesana,Visnagar,Rampura,
2854,Mahesana,Visnagar,Rajgadh,
2855,Mahesana,Visnagar,Thalota,
2856,Mahesana,Visnagar,Gunja,
2857,Mahesana,Visnagar,Ralisana,
2858,Mahesana,Visnagar,Sunshi,
2859,Mahesana,Visnagar,Kansa (Part),
2860,Mahesana,Visnagar,Pudgam,
2861,Mahesana,Visnagar,Randala,
2862,Mahesana,Visnagar,Kansarakui,
2863,Mahesana,Visnagar,Ravalapura,
2864,Mahesana,Visnagar,Savala,
2865,Mahesana,Visnagar,Saduthala,
2866,Mahesana,Visnagar,Visnagar (Rural),
2867,Mahesana,Visnagar,Ghaghret,
2868,Mahesana,Visnagar,Kuvasana,
2869,Mahesana,Visnagar,Bhalak,
2870,Mahesana,Visnagar,Laxmipura,
2871,Mahesana,Visnagar,Bakarpur,
2872,Mahesana,Visnagar,Rangakui,
2873,Mahesana,Visnagar,Gothva,
2874,Mahesana,Visnagar,Kamalpur (Gothva),
2875,Mahesana,Visnagar,Kada,
2876,Mahesana,Visnagar,Kamana,
2877,Mahesana,Visnagar,Becharpura,
2878,Mahesana,Visnagar,Basana,
2879,Mahesana,Visnagar,Chitroda Mota,
2880,Mahesana,Visnagar,Chitrodipura,
2881,Mahesana,Visnagar,Magroda,
2882,Mahesana,Visnagar,Dadhiyal,
2883,Mahesana,Visnagar,Lachhadi,
2884,Mahesana,Visnagar,Kharvada,
2885,Mahesana,Visnagar,Thumthal,
2886,Mahesana,Visnagar,Megha Aliyasana,
2887,Mahesana,Visnagar,Gunjala,
2888,Mahesana,Visnagar,Ganpatpura,
2889,Mahesana,Visnagar,Kamalpur (Kharavada),
2890,Mahesana,Visnagar,Udalpur,
2891,Mahesana,Visnagar,Dharusana,
2892,Mahesana,Visnagar,Dhamanva,
2893,Mahesana,Vadnagar,Jaska,
2894,Mahesana,Vadnagar,Sundhiya,
2895,Mahesana,Vadnagar,Hajipur,
2896,Mahesana,Vadnagar,Shekhpur (Khe),
2897,Mahesana,Vadnagar,Sipor,
2898,Mahesana,Vadnagar,Karshanpura,
2899,Mahesana,Vadnagar,Khatasana,
2900,Mahesana,Vadnagar,Dabu,
2901,Mahesana,Vadnagar,Aspa,
2902,Mahesana,Vadnagar,Vaktapur,
2903,Mahesana,Vadnagar,Ganeshpura,
2904,Mahesana,Vadnagar,Undani,
2905,Mahesana,Vadnagar,Khanpur,
2906,Mahesana,Vadnagar,Sarna,
2907,Mahesana,Vadnagar,Badarpur,
2908,Mahesana,Vadnagar,Molipur,
2909,Mahesana,Vadnagar,Sulipur,
2910,Mahesana,Vadnagar,Kesimpa,
2911,Mahesana,Vadnagar,Jagapura,
2912,Mahesana,Vadnagar,Bajpura,
2913,Mahesana,Vadnagar,Babipura,
2914,Mahesana,Vadnagar,Khatoda,
2915,Mahesana,Vadnagar,Champa,
2916,Mahesana,Vadnagar,Navapura,
2917,Mahesana,Vadnagar,Sultanpur,
2918,Mahesana,Vadnagar,Shahpur (Vad),
2919,Mahesana,Vadnagar,Undhai,
2920,Mahesana,Vadnagar,Valasana,
2921,Mahesana,Vadnagar,Vaghdi (Juni),
2922,Mahesana,Vadnagar,Vaghadi (Navi),
2923,Mahesana,Vadnagar,Shobhasan,
2924,Mahesana,Vadnagar,Pipaldar,
2925,Mahesana,Vadnagar,Karbatiya,
2926,Mahesana,Vadnagar,Sabalpur,
2927,Mahesana,Vadnagar,Rajpur (Vad),
2928,Mahesana,Vadnagar,Kamalpur,
2929,Mahesana,Vadnagar,Malekpur,
2930,Mahesana,Vadnagar,Chandpur,
2931,Mahesana,Vadnagar,Shekhpur (Vad),
2932,Mahesana,Vadnagar,Kahipur,
2933,Mahesana,Vadnagar,Mirjhapur,
2934,Mahesana,Vadnagar,Chhabaliya,
2935,Mahesana,Vadnagar,Anandpura,
2936,Mahesana,Vadnagar,Transvad,
2937,Mahesana,Vijapur,Deriya,
2938,Mahesana,Vijapur,Techava,
2939,Mahesana,Vijapur,Ransipur,
2940,Mahesana,Vijapur,Gundrasan,
2941,Mahesana,Vijapur,Bamanva,
2942,Mahesana,Vijapur,Malav,
2943,Mahesana,Vijapur,Abasana,
2944,Mahesana,Vijapur,Mandalikharod,
2945,Mahesana,Vijapur,Jantral,
2946,Mahesana,Vijapur,Kamalpur,
2947,Mahesana,Vijapur,Sardarpur,
2948,Mahesana,Vijapur,Kot,
2949,Mahesana,Vijapur,Rampur Kot,
2950,Mahesana,Vijapur,Fudeda,
2951,Mahesana,Vijapur,Pedhamali,
2952,Mahesana,Vijapur,Sundarpur,
2953,Mahesana,Vijapur,Changod,
2954,Mahesana,Vijapur,Kharod,
2955,Mahesana,Vijapur,Biliya,
2956,Mahesana,Vijapur,Morvad,
2957,Mahesana,Vijapur,Gunchhali,
2958,Mahesana,Vijapur,Tatosan,
2959,Mahesana,Vijapur,Abharampura,
2960,Mahesana,Vijapur,Ladol,
2961,Mahesana,Vijapur,Soja,
2962,Mahesana,Vijapur,Falu,
2963,Mahesana,Vijapur,Agalod,
2964,Mahesana,Vijapur,Jepur,
2965,Mahesana,Vijapur,Hathipura,
2966,Mahesana,Vijapur,Malosan,
2967,Mahesana,Vijapur,Pamol,
2968,Mahesana,Vijapur,Kelisana,
2969,Mahesana,Vijapur,Sayajinagar,
2970,Mahesana,Vijapur,Vadasan,
2971,Mahesana,Vijapur,Dagavadiya,
2972,Mahesana,Vijapur,Asoda,
2973,Mahesana,Vijapur,Manekpur Dabhala,
2974,Mahesana,Vijapur,Dabhala,
2975,Mahesana,Vijapur,Devda,
2976,Mahesana,Vijapur,Sokhada,
2977,Mahesana,Vijapur,Gerita,
2978,Mahesana,Vijapur,Ashnapur (Gerita),
2979,Mahesana,Vijapur,Gavada,
2980,Mahesana,Vijapur,Vijapur(Rural) (Part),
2981,Mahesana,Vijapur,Hirpura,
2982,Mahesana,Vijapur,Gadhada,
2983,Mahesana,Vijapur,Ganeshpura,
2984,Mahesana,Vijapur,Devpura,
2985,Mahesana,Vijapur,Kolavda,
2986,Mahesana,Vijapur,Ubkhal,
2987,Mahesana,Vijapur,Kukarvada,
2988,Mahesana,Vijapur,Vasai (Dabhla),
2989,Mahesana,Vijapur,Tintodan,
2990,Mahesana,Vijapur,Motipura (Tintodan),
2991,Mahesana,Vijapur,Pilvai,
2992,Mahesana,Vijapur,Khanusa,
2993,Mahesana,Vijapur,Kotadi,
2994,Mahesana,Vijapur,Ranchhodpura,
2995,Mahesana,Vijapur,Rampur Kuvayda,
2996,Mahesana,Vijapur,Dhanpura (Ghantu),
2997,Mahesana,Vijapur,Bhimpur Valor,
2998,Mahesana,Vijapur,Sanghpur,
2999,Mahesana,Vijapur,Kanbha,
3000,Mahesana,Vijapur,Ranasan,
3001,Mahesana,Mahesana,Virta,
3002,Mahesana,Mahesana,Gorad,
3003,Mahesana,Mahesana,Kharsada,
3004,Mahesana,Mahesana,Davada,
3005,Mahesana,Mahesana,Rupal,
3006,Mahesana,Mahesana,Haripura,
3007,Mahesana,Mahesana,Buttapaldi,
3008,Mahesana,Mahesana,Motidau,
3009,Mahesana,Mahesana,Bamosana,
3010,Mahesana,Mahesana,Ghadha,
3011,Mahesana,Mahesana,Piludara,
3012,Mahesana,Mahesana,Nanidau,
3013,Mahesana,Mahesana,Palodar,
3014,Mahesana,Mahesana,Chhathiyarda,
3015,Mahesana,Mahesana,Aloda,
3016,Mahesana,Mahesana,Hardesan,
3017,Mahesana,Mahesana,Panchot,
3018,Mahesana,Mahesana,Ramosana,
3019,Mahesana,Mahesana,Taleti,
3020,Mahesana,Mahesana,Tavadiya,
3021,Mahesana,Mahesana,Chitrodipura,
3022,Mahesana,Mahesana,Dela,
3023,Mahesana,Mahesana,Ucharpi,
3024,Mahesana,Mahesana,Dediyasan (Part),
3025,Mahesana,Mahesana,Gilosan,
3026,Mahesana,Mahesana,Bodla,
3027,Mahesana,Mahesana,Hinglajpura,
3028,Mahesana,Mahesana,Maguna,
3029,Mahesana,Mahesana,Nugar,
3030,Mahesana,Mahesana,Lakhavad,
3031,Mahesana,Mahesana,Devrasan,
3032,Mahesana,Mahesana,Rampura (Kukas),
3033,Mahesana,Mahesana,Kukas,
3034,Mahesana,Mahesana,Heduva Hanumat,
3035,Mahesana,Mahesana,Palwasana (Part),
3036,Mahesana,Mahesana,Heduva-Rajgar,
3037,Mahesana,Mahesana,Karshanpura,
3038,Mahesana,Mahesana,Devinapura,
3039,Mahesana,Mahesana,Deloli,
3040,Mahesana,Mahesana,Ijpura Barot,
3041,Mahesana,Mahesana,Palaj,
3042,Mahesana,Mahesana,Gamanpura,
3043,Mahesana,Mahesana,Mitha,
3044,Mahesana,Mahesana,Sametra,
3045,Mahesana,Mahesana,Mareda,
3046,Mahesana,Mahesana,Vadosan,
3047,Mahesana,Mahesana,Sakhpurda,
3048,Mahesana,Mahesana,Sobhasan,
3049,Mahesana,Mahesana,Hebuva,
3050,Mahesana,Mahesana,Kadvasan,
3051,Mahesana,Mahesana,Kherva,
3052,Mahesana,Mahesana,Punasan,
3053,Mahesana,Mahesana,Mevad,
3054,Mahesana,Mahesana,Boriavi,
3055,Mahesana,Mahesana,Khara,
3056,Mahesana,Mahesana,Laxmipura,
3057,Mahesana,Mahesana,Balol,
3058,Mahesana,Mahesana,Nadasa,
3059,Mahesana,Mahesana,Gokalpura,
3060,Mahesana,Mahesana,Martoli,
3061,Mahesana,Mahesana,Ajabpura,
3062,Mahesana,Mahesana,Kasalpura,
3063,Mahesana,Mahesana,Modipur,
3064,Mahesana,Mahesana,Manknaj,
3065,Mahesana,Mahesana,Bhesana,
3066,Mahesana,Mahesana,Jagudan,
3067,Mahesana,Mahesana,Sanganpur,
3068,Mahesana,Mahesana,Mulsan,
3069,Mahesana,Mahesana,Padhariya,
3070,Mahesana,Mahesana,Dhandhusan,
3071,Mahesana,Mahesana,Gojhariya,
3072,Mahesana,Mahesana,Badalpura,
3073,Mahesana,Mahesana,Meu,
3074,Mahesana,Mahesana,Balvantpura,
3075,Mahesana,Mahesana,Akhaj,
3076,Mahesana,Mahesana,Bhakadiya,
3077,Mahesana,Mahesana,Geratpur,
3078,Mahesana,Mahesana,Kochva,
3079,Mahesana,Mahesana,Ditasan,
3080,Mahesana,Mahesana,Linch,
3081,Mahesana,Mahesana,Ambasan,
3082,Mahesana,Mahesana,Ranipura,
3083,Mahesana,Mahesana,Jotana,
3084,Mahesana,Mahesana,Santhal,
3085,Mahesana,Mahesana,Katosan,
3086,Mahesana,Mahesana,Tejpura,
3087,Mahesana,Mahesana,Kanpura,
3088,Mahesana,Mahesana,Rampura (Katosan),
3089,Mahesana,Mahesana,Virsoda,
3090,Mahesana,Mahesana,Dhanpura,
3091,Mahesana,Mahesana,Ijpura Jethaji,
3092,Mahesana,Mahesana,Memadpur,
3093,Mahesana,Mahesana,Jakasna,
3094,Mahesana,Mahesana,Sidosan,
3095,Mahesana,Mahesana,Khadalpur,
3096,Mahesana,Mahesana,Dholasan,
3097,Mahesana,Mahesana,Jetalpur,
3098,Mahesana,Mahesana,Chaluva,
3099,Mahesana,Mahesana,Langhnaj,
3100,Mahesana,Mahesana,Charadu,
3101,Mahesana,Mahesana,Saldi,
3102,Mahesana,Mahesana,Jamnapur,
3103,Mahesana,Mahesana,Jornang,
3104,Mahesana,Mahesana,Mandali,
3105,Mahesana,Mahesana,Bhasariya,
3106,Mahesana,Mahesana,Divanpura-Alias-Apapura,
3107,Mahesana,Mahesana,Harsundal,
3108,Mahesana,Mahesana,Mudarda,
3109,Mahesana,Mahesana,Tundali,
3110,Mahesana,Mahesana,Navi Sedhavi,
3111,Mahesana,Mahesana,Juni Sedhavi,
3112,Mahesana,Mahesana,Hadvi,
3113,Mahesana,Mahesana,Vadasma,
3114,Mahesana,Becharaji,Kakasna,
3115,Mahesana,Becharaji,Kanoda,
3116,Mahesana,Becharaji,Bhalgamda,
3117,Mahesana,Becharaji,Gambhu,
3118,Mahesana,Becharaji,Ajabpura,
3119,Mahesana,Becharaji,Khambhel,
3120,Mahesana,Becharaji,Ambala,
3121,Mahesana,Becharaji,Mandali,
3122,Mahesana,Becharaji,Chandroda,
3123,Mahesana,Becharaji,Surpura,
3124,Mahesana,Becharaji,Venpura,
3125,Mahesana,Becharaji,Adivada,
3126,Mahesana,Becharaji,Modhera,
3127,Mahesana,Becharaji,Vijapurda,
3128,Mahesana,Becharaji,Dedarda,
3129,Mahesana,Becharaji,Ranela,
3130,Mahesana,Becharaji,Motap,
3131,Mahesana,Becharaji,Saduthla,
3132,Mahesana,Becharaji,Udela,
3133,Mahesana,Becharaji,Jetpur,
3134,Mahesana,Becharaji,Ranchhodpura,
3135,Mahesana,Becharaji,Karansagar,
3136,Mahesana,Becharaji,Matrasan,
3137,Mahesana,Becharaji,Sujanpura,
3138,Mahesana,Becharaji,Poyda,
3139,Mahesana,Becharaji,Delvada Khant,
3140,Mahesana,Becharaji,Delpura Khant,
3141,Mahesana,Becharaji,Dodivada,
3142,Mahesana,Becharaji,Sanpavada,
3143,Mahesana,Becharaji,Suraj,
3144,Mahesana,Becharaji,Finchdi,
3145,Mahesana,Becharaji,Sankhalpur,
3146,Mahesana,Becharaji,Edala,
3147,Mahesana,Becharaji,Ganeshpura,
3148,Mahesana,Becharaji,Dharpura-Khant,
3149,Mahesana,Becharaji,Chhatasana,
3150,Mahesana,Becharaji,Dhanpura,
3151,Mahesana,Becharaji,Vanpur,
3152,Mahesana,Becharaji,Asjol,
3153,Mahesana,Becharaji,Indrap,
3154,Mahesana,Becharaji,Chadasna,
3155,Mahesana,Becharaji,Kalri,
3156,Mahesana,Becharaji,Pratapgadh,
3157,Mahesana,Becharaji,Devgadh,
3158,Mahesana,Becharaji,Ruppura Karanpura,
3159,Mahesana,Becharaji,Rantej,
3160,Mahesana,Becharaji,Dethli,
3161,Mahesana,Becharaji,Chandanki,
3162,Mahesana,Becharaji,Dedana,
3163,Mahesana,Becharaji,Bariyaf,
3164,Mahesana,Becharaji,Akba,
3165,Mahesana,Kadi,Chalasan,
3166,Mahesana,Kadi,Dholasan,
3167,Mahesana,Kadi,Alampur,
3168,Mahesana,Kadi,Dhanali,
3169,Mahesana,Kadi,Ganeshpura,
3170,Mahesana,Kadi,Kaiyal,
3171,Mahesana,Kadi,Vadpura,
3172,Mahesana,Kadi,Tankiya,
3173,Mahesana,Kadi,Karjisan,
3174,Mahesana,Kadi,Dangarva,
3175,Mahesana,Kadi,Anandpura,
3176,Mahesana,Kadi,Nandasan,
3177,Mahesana,Kadi,Mathasur,
3178,Mahesana,Kadi,Bhatasan,
3179,Mahesana,Kadi,Suraj,
3180,Mahesana,Kadi,Moyan,
3181,Mahesana,Kadi,Dhandhalpur,
3182,Mahesana,Kadi,Chhalesra,
3183,Mahesana,Kadi,Digdi,
3184,Mahesana,Kadi,Mokasan,
3185,Mahesana,Kadi,Jasalpur,
3186,Mahesana,Kadi,Kherpur,
3187,Mahesana,Kadi,Lakshmipura (Nandasan),
3188,Mahesana,Kadi,Chandarda,
3189,Mahesana,Kadi,Vadu,
3190,Mahesana,Kadi,Narola,
3191,Mahesana,Kadi,Ghumasan,
3192,Mahesana,Kadi,Rajpur,
3193,Mahesana,Kadi,Sarsav,
3194,Mahesana,Kadi,Aldesan,
3195,Mahesana,Kadi,Visalpur,
3196,Mahesana,Kadi,Nagarasan,
3197,Mahesana,Kadi,Deusana,
3198,Mahesana,Kadi,Jadavpura,
3199,Mahesana,Kadi,Alusna,
3200,Mahesana,Kadi,Sadra,
3201,Mahesana,Kadi,Dhoriya,
3202,Mahesana,Kadi,Haripura,
3203,Mahesana,Kadi,Naranpura,
3204,Mahesana,Kadi,Charol,
3205,Mahesana,Kadi,Babajipura,
3206,Mahesana,Kadi,Balasar,
3207,Mahesana,Kadi,Adudra,
3208,Mahesana,Kadi,Lakshmipura (Andudra),
3209,Mahesana,Kadi,Untva,
3210,Mahesana,Kadi,Kundal (Part),
3211,Mahesana,Kadi,Irana,
3212,Mahesana,Kadi,Jhulasan,
3213,Mahesana,Kadi,Ambavpura,
3214,Mahesana,Kadi,Chadasna,
3215,Mahesana,Kadi,Indrad,
3216,Mahesana,Kadi,Budasan,
3217,Mahesana,Kadi,Nani Kadi (Part),
3218,Mahesana,Kadi,Narsihpura,
3219,Mahesana,Kadi,Sujatpura,
3220,Mahesana,Kadi,Thadod,
3221,Mahesana,Kadi,Visatpura,
3222,Mahesana,Kadi,Galodra,
3223,Mahesana,Kadi,Korda,
3224,Mahesana,Kadi,Sendrana,
3225,Mahesana,Kadi,Khandmorva,
3226,Mahesana,Kadi,Kasva,
3227,Mahesana,Kadi,Vidaj,
3228,Mahesana,Kadi,Dudhai,
3229,Mahesana,Kadi,Shiyapura,
3230,Mahesana,Kadi,Rangpurda,
3231,Mahesana,Kadi,Pirojpur,
3232,Mahesana,Kadi,Karannagar,
3233,Mahesana,Kadi,Ankhol,
3234,Mahesana,Kadi,Achrasan,
3235,Mahesana,Kadi,Lunasan,
3236,Mahesana,Kadi,Vansol,
3237,Mahesana,Kadi,Vamaj,
3238,Mahesana,Kadi,Fuletra,
3239,Mahesana,Kadi,Borisana,
3240,Mahesana,Kadi,Jetpura,
3241,Mahesana,Kadi,Rozapuri,
3242,Mahesana,Kadi,Daran Morva,
3243,Mahesana,Kadi,Sedardi,
3244,Mahesana,Kadi,Ghughla,
3245,Mahesana,Kadi,Maharajpura,
3246,Mahesana,Kadi,Vaghroda,
3247,Mahesana,Kadi,Bhalthi (Dharampur),
3248,Mahesana,Kadi,Khavad,
3249,Mahesana,Kadi,Daran,
3250,Mahesana,Kadi,Lhor,
3251,Mahesana,Kadi,Manipur,
3252,Mahesana,Kadi,Karsanpura,
3253,Mahesana,Kadi,Merda,
3254,Mahesana,Kadi,Adraj,
3255,Mahesana,Kadi,Vadavi,
3256,Mahesana,Kadi,Ambliyara,
3257,Mahesana,Kadi,Lakshmanpura,
3258,Mahesana,Kadi,Kolad,
3259,Mahesana,Kadi,Nanpurasonvad,
3260,Mahesana,Kadi,Nadoliya,
3261,Mahesana,Kadi,Vekra,
3262,Mahesana,Kadi,Varkhadia,
3263,Mahesana,Kadi,Fattehpura,
3264,Mahesana,Kadi,Jamiyatpura,
3265,Mahesana,Kadi,Vinayakpura,
3266,Mahesana,Kadi,Bavlu,
3267,Mahesana,Kadi,Jhaloda,
3268,Mahesana,Kadi,Sedfa,
3269,Mahesana,Kadi,Thol,
3270,Mahesana,Kadi,Kanjari,
3271,Mahesana,Kadi,Medha,
3272,Mahesana,Kadi,Agol,
3273,Mahesana,Kadi,Jesangpura,
3274,Mahesana,Kadi,Ishvarpura,
3275,Mahesana,Kadi,Palli,
3276,Mahesana,Kadi,Kalyanpura,
3277,Mahesana,Kadi,Valavdi,
3278,Mahesana,Kadi,Della,
3279,Mahesana,Kadi,Panthoda,
3280,Mahesana,Kadi,Nadan,
3281,Mahesana,Kadi,Khanderavpura,
3282,Mahesana,Kadi,Govindpura,
3283,Mahesana,Kadi,Chandrasan,
3284,Mahesana,Kadi,Yashvantpura,
3285,Sabar Kantha,Khedbrahma,Mamana Pipla,
3286,Sabar Kantha,Khedbrahma,Chhatrang,
3287,Sabar Kantha,Khedbrahma,Paliyabiya,
3288,Sabar Kantha,Khedbrahma,Kalikankar,
3289,Sabar Kantha,Khedbrahma,Anjani,
3290,Sabar Kantha,Khedbrahma,Kalchhavad,
3291,Sabar Kantha,Khedbrahma,Zinznat,
3292,Sabar Kantha,Khedbrahma,Ajavas,
3293,Sabar Kantha,Khedbrahma,Bedi,
3294,Sabar Kantha,Khedbrahma,Bahara,
3295,Sabar Kantha,Khedbrahma,Chandrana,
3296,Sabar Kantha,Khedbrahma,Salera,
3297,Sabar Kantha,Khedbrahma,Valsadi,
3298,Sabar Kantha,Khedbrahma,Kathiya,
3299,Sabar Kantha,Khedbrahma,Kotda,
3300,Sabar Kantha,Khedbrahma,Gandhisan,
3301,Sabar Kantha,Khedbrahma,Sembaliya (Poshina),
3302,Sabar Kantha,Khedbrahma,Umbarva,
3303,Sabar Kantha,Khedbrahma,Ambasar,
3304,Sabar Kantha,Khedbrahma,Dantiya,
3305,Sabar Kantha,Khedbrahma,Gundikhan,
3306,Sabar Kantha,Khedbrahma,Pipaliya,
3307,Sabar Kantha,Khedbrahma,Poshina (Ratanpur),
3308,Sabar Kantha,Khedbrahma,Koland,
3309,Sabar Kantha,Khedbrahma,Koland Talav,
3310,Sabar Kantha,Khedbrahma,Peta Chhapra (Poshina),
3311,Sabar Kantha,Khedbrahma,Songadh,
3312,Sabar Kantha,Khedbrahma,Lakhiya,
3313,Sabar Kantha,Khedbrahma,Amba Mahuda,
3314,Sabar Kantha,Khedbrahma,Kajavas,
3315,Sabar Kantha,Khedbrahma,Ganchhali,
3316,Sabar Kantha,Khedbrahma,Khandhora,
3317,Sabar Kantha,Khedbrahma,Chhochhar,
3318,Sabar Kantha,Khedbrahma,Delvada (Chhochhar),
3319,Sabar Kantha,Khedbrahma,Gunbhankhari,
3320,Sabar Kantha,Khedbrahma,Kukdi,
3321,Sabar Kantha,Khedbrahma,Jotasan,
3322,Sabar Kantha,Khedbrahma,Tadhivedi,
3323,Sabar Kantha,Khedbrahma,Kalakhetara,
3324,Sabar Kantha,Khedbrahma,Mathasara,
3325,Sabar Kantha,Khedbrahma,Vinchhi,
3326,Sabar Kantha,Khedbrahma,Matarvada,
3327,Sabar Kantha,Khedbrahma,Ganer,
3328,Sabar Kantha,Khedbrahma,Ganva,
3329,Sabar Kantha,Khedbrahma,Dantral,
3330,Sabar Kantha,Khedbrahma,Padapat,
3331,Sabar Kantha,Khedbrahma,Dotad,
3332,Sabar Kantha,Khedbrahma,Golvada,
3333,Sabar Kantha,Khedbrahma,Choliya,
3334,Sabar Kantha,Khedbrahma,Demti,
3335,Sabar Kantha,Khedbrahma,Movatpura,
3336,Sabar Kantha,Khedbrahma,Malvas,
3337,Sabar Kantha,Khedbrahma,Mithi Vedi,
3338,Sabar Kantha,Khedbrahma,Lambadiya,
3339,Sabar Kantha,Khedbrahma,Kharaniya,
3340,Sabar Kantha,Khedbrahma,Tembdi,
3341,Sabar Kantha,Khedbrahma,Tembada,
3342,Sabar Kantha,Khedbrahma,Polapan,
3343,Sabar Kantha,Khedbrahma,Nada,
3344,Sabar Kantha,Khedbrahma,Dedka,
3345,Sabar Kantha,Khedbrahma,Umbora,
3346,Sabar Kantha,Khedbrahma,Mahudi,
3347,Sabar Kantha,Khedbrahma,Nava Mota,
3348,Sabar Kantha,Khedbrahma,Bubadiyana chhapran,
3349,Sabar Kantha,Khedbrahma,Kheroj,
3350,Sabar Kantha,Khedbrahma,Changod,
3351,Sabar Kantha,Khedbrahma,Mota Baval,
3352,Sabar Kantha,Khedbrahma,Mithi Bili,
3353,Sabar Kantha,Khedbrahma,Nana Baval,
3354,Sabar Kantha,Khedbrahma,Ratanpur,
3355,Sabar Kantha,Khedbrahma,Dan Mahudi,
3356,Sabar Kantha,Khedbrahma,Baval Kathiya,
3357,Sabar Kantha,Khedbrahma,Bharamiya,
3358,Sabar Kantha,Khedbrahma,Sembaliya,
3359,Sabar Kantha,Khedbrahma,Bandiyana Talav,
3360,Sabar Kantha,Khedbrahma,Pathora,
3361,Sabar Kantha,Khedbrahma,Patadiya,
3362,Sabar Kantha,Khedbrahma,Hingatiya (Khalsa),
3363,Sabar Kantha,Khedbrahma,Digthali,
3364,Sabar Kantha,Khedbrahma,Dharoi,
3365,Sabar Kantha,Khedbrahma,Khedva,
3366,Sabar Kantha,Khedbrahma,Bordi,
3367,Sabar Kantha,Khedbrahma,Padhara,
3368,Sabar Kantha,Khedbrahma,Valran,
3369,Sabar Kantha,Khedbrahma,Basol,
3370,Sabar Kantha,Khedbrahma,Bahediya,
3371,Sabar Kantha,Khedbrahma,Zanzava Panai,
3372,Sabar Kantha,Khedbrahma,Hingatiya (Jagiri),
3373,Sabar Kantha,Khedbrahma,Panthal,
3374,Sabar Kantha,Khedbrahma,Gadha,
3375,Sabar Kantha,Khedbrahma,Kalleka,
3376,Sabar Kantha,Khedbrahma,Panch Mahuda,
3377,Sabar Kantha,Khedbrahma,Matoda,
3378,Sabar Kantha,Khedbrahma,Pipodara Dodivada,
3379,Sabar Kantha,Khedbrahma,Bhutiya,
3380,Sabar Kantha,Khedbrahma,Nava Nana,
3381,Sabar Kantha,Khedbrahma,Jadi Sembal,
3382,Sabar Kantha,Khedbrahma,Didhiya,
3383,Sabar Kantha,Khedbrahma,Paroya,
3384,Sabar Kantha,Khedbrahma,Sitol,
3385,Sabar Kantha,Khedbrahma,Vartol,
3386,Sabar Kantha,Khedbrahma,Chikhla,
3387,Sabar Kantha,Khedbrahma,Agiya,
3388,Sabar Kantha,Khedbrahma,Unchi Dhanal,
3389,Sabar Kantha,Khedbrahma,Tuver,
3390,Sabar Kantha,Khedbrahma,Vikhran,
3391,Sabar Kantha,Khedbrahma,Dholi,
3392,Sabar Kantha,Khedbrahma,Gadhada,
3393,Sabar Kantha,Khedbrahma,Gundel,
3394,Sabar Kantha,Khedbrahma,Radhivad,
3395,Sabar Kantha,Khedbrahma,Padardi,
3396,Sabar Kantha,Khedbrahma,Jagmer,
3397,Sabar Kantha,Khedbrahma,Jagannathpura,
3398,Sabar Kantha,Khedbrahma,Rodhara,
3399,Sabar Kantha,Khedbrahma,Dholivav,
3400,Sabar Kantha,Khedbrahma,Khergadh,
3401,Sabar Kantha,Khedbrahma,Kherivav,
3402,Sabar Kantha,Khedbrahma,Vagheshvari,
3403,Sabar Kantha,Khedbrahma,Kalol,
3404,Sabar Kantha,Khedbrahma,Silvad,
3405,Sabar Kantha,Khedbrahma,Derol (Va),
3406,Sabar Kantha,Khedbrahma,Galodiya,
3407,Sabar Kantha,Khedbrahma,Vasna,
3408,Sabar Kantha,Khedbrahma,Rudramala,
3409,Sabar Kantha,Khedbrahma,Metral,
3410,Sabar Kantha,Khedbrahma,Champalpur,
3411,Sabar Kantha,Khedbrahma,Delvada,
3412,Sabar Kantha,Khedbrahma,Nichi Dhanal,
3413,Sabar Kantha,Khedbrahma,Gadu,
3414,Sabar Kantha,Khedbrahma,Lakshmipura,
3415,Sabar Kantha,Khedbrahma,Karunda,
3416,Sabar Kantha,Khedbrahma,Tandaliya,
3417,Sabar Kantha,Khedbrahma,Damavas,
3418,Sabar Kantha,Khedbrahma,Lank,
3419,Sabar Kantha,Khedbrahma,Dhebdi,
3420,Sabar Kantha,Khedbrahma,Tokra,
3421,Sabar Kantha,Vijaynagar,Kharibedi,
3422,Sabar Kantha,Vijaynagar,Khokhra,
3423,Sabar Kantha,Vijaynagar,Kelava,
3424,Sabar Kantha,Vijaynagar,Kanthariya,
3425,Sabar Kantha,Vijaynagar,Sarsav,
3426,Sabar Kantha,Vijaynagar,Navakhola,
3427,Sabar Kantha,Vijaynagar,Navabhaga,
3428,Sabar Kantha,Vijaynagar,Parosda,
3429,Sabar Kantha,Vijaynagar,Jamaniya,
3430,Sabar Kantha,Vijaynagar,Rajpur,
3431,Sabar Kantha,Vijaynagar,Nalseri,
3432,Sabar Kantha,Vijaynagar,Chandvasa,
3433,Sabar Kantha,Vijaynagar,Dagla,
3434,Sabar Kantha,Vijaynagar,Nelau,
3435,Sabar Kantha,Vijaynagar,Padela,
3436,Sabar Kantha,Vijaynagar,Vasai,
3437,Sabar Kantha,Vijaynagar,Kharol,
3438,Sabar Kantha,Vijaynagar,Titaran,
3439,Sabar Kantha,Vijaynagar,Navaghara Umbariya,
3440,Sabar Kantha,Vijaynagar,Godhawada,
3441,Sabar Kantha,Vijaynagar,Vandhol,
3442,Sabar Kantha,Vijaynagar,Bandhana,
3443,Sabar Kantha,Vijaynagar,Matali,
3444,Sabar Kantha,Vijaynagar,Virpur,
3445,Sabar Kantha,Vijaynagar,Antarsumba,
3446,Sabar Kantha,Vijaynagar,Kelava (Parosada),
3447,Sabar Kantha,Vijaynagar,Ukhla Dungri,
3448,Sabar Kantha,Vijaynagar,Antari,
3449,Sabar Kantha,Vijaynagar,Ladivada,
3450,Sabar Kantha,Vijaynagar,Khedasan,
3451,Sabar Kantha,Vijaynagar,Bhupatgadh,
3452,Sabar Kantha,Vijaynagar,Dholivav,
3453,Sabar Kantha,Vijaynagar,Abhapur,
3454,Sabar Kantha,Vijaynagar,Saroli,
3455,Sabar Kantha,Vijaynagar,Navagam (Dhanela),
3456,Sabar Kantha,Vijaynagar,Gadi,
3457,Sabar Kantha,Vijaynagar,Vankda,
3458,Sabar Kantha,Vijaynagar,Baleta,
3459,Sabar Kantha,Vijaynagar,Bhatela,
3460,Sabar Kantha,Vijaynagar,Garada,
3461,Sabar Kantha,Vijaynagar,Chikno,
3462,Sabar Kantha,Vijaynagar,Vanaj,
3463,Sabar Kantha,Vijaynagar,Ajepur,
3464,Sabar Kantha,Vijaynagar,Vajepur,
3465,Sabar Kantha,Vijaynagar,Androkha,
3466,Sabar Kantha,Vijaynagar,Kundala,
3467,Sabar Kantha,Vijaynagar,Kathvavdi,
3468,Sabar Kantha,Vijaynagar,Bhambhudi,
3469,Sabar Kantha,Vijaynagar,Adepur,
3470,Sabar Kantha,Vijaynagar,Mondhri,
3471,Sabar Kantha,Vijaynagar,Joravarnagar,
3472,Sabar Kantha,Vijaynagar,Tol Dungari,
3473,Sabar Kantha,Vijaynagar,Golvada,
3474,Sabar Kantha,Vijaynagar,Khervada,
3475,Sabar Kantha,Vijaynagar,Badarkhan,
3476,Sabar Kantha,Vijaynagar,Jaleti,
3477,Sabar Kantha,Vijaynagar,Piploti,
3478,Sabar Kantha,Vijaynagar,Lakshmanpura,
3479,Sabar Kantha,Vijaynagar,Kodiyavada,
3480,Sabar Kantha,Vijaynagar,Chitariya,
3481,Sabar Kantha,Vijaynagar,Pal,
3482,Sabar Kantha,Vijaynagar,Dadhvav,
3483,Sabar Kantha,Vijaynagar,Samaiya,
3484,Sabar Kantha,Vijaynagar,Limda,
3485,Sabar Kantha,Vijaynagar,Chamthan,
3486,Sabar Kantha,Vijaynagar,Vireshwar,
3487,Sabar Kantha,Vijaynagar,Dholwani,
3488,Sabar Kantha,Vijaynagar,Kalvan,
3489,Sabar Kantha,Vijaynagar,Pruthvipura,
3490,Sabar Kantha,Vijaynagar,Kathroti,
3491,Sabar Kantha,Vijaynagar,Bhankhra,
3492,Sabar Kantha,Vijaynagar,Zer,
3493,Sabar Kantha,Vijaynagar,Itavadi,
3494,Sabar Kantha,Vijaynagar,Bogapada,
3495,Sabar Kantha,Vijaynagar,Bhagorapada,
3496,Sabar Kantha,Vijaynagar,Chitrodi,
3497,Sabar Kantha,Vijaynagar,Biladiya,
3498,Sabar Kantha,Vijaynagar,Dantod,
3499,Sabar Kantha,Vijaynagar,Jusavada,
3500,Sabar Kantha,Vijaynagar,Movatpura,
3501,Sabar Kantha,Vijaynagar,Amodara,
3502,Sabar Kantha,Vijaynagar,Masota,
3503,Sabar Kantha,Vijaynagar,Parvath,
3504,Sabar Kantha,Vijaynagar,Chithoda,
3505,Sabar Kantha,Vijaynagar,Kanadar,
3506,Sabar Kantha,Vadali,Nadri,
3507,Sabar Kantha,Vadali,Gota,
3508,Sabar Kantha,Vadali,Vadgamda,
3509,Sabar Kantha,Vadali,Medh,
3510,Sabar Kantha,Vadali,Dharod,
3511,Sabar Kantha,Vadali,Thuravas,
3512,Sabar Kantha,Vadali,Vivav,
3513,Sabar Kantha,Vadali,Vadoth,
3514,Sabar Kantha,Vadali,Dhamdi,
3515,Sabar Kantha,Vadali,Morad,
3516,Sabar Kantha,Vadali,Dharol,
3517,Sabar Kantha,Vadali,Dobhada,
3518,Sabar Kantha,Vadali,Kambosani,
3519,Sabar Kantha,Vadali,Babsar,
3520,Sabar Kantha,Vadali,Ambavada,
3521,Sabar Kantha,Vadali,Mahor,
3522,Sabar Kantha,Vadali,Fudeda,
3523,Sabar Kantha,Vadali,Rampur (Fudeda),
3524,Sabar Kantha,Vadali,Gajipur,
3525,Sabar Kantha,Vadali,Veda,
3526,Sabar Kantha,Vadali,Vartol,
3527,Sabar Kantha,Vadali,Vasan,
3528,Sabar Kantha,Vadali,Hathoj,
3529,Sabar Kantha,Vadali,Kanjeli,
3530,Sabar Kantha,Vadali,Malpur,
3531,Sabar Kantha,Vadali,Hatharva,
3532,Sabar Kantha,Vadali,Gamadi,
3533,Sabar Kantha,Vadali,Therasana,
3534,Sabar Kantha,Vadali,Nava Chamu,
3535,Sabar Kantha,Vadali,Juna Chamu,
3536,Sabar Kantha,Vadali,Kothan,
3537,Sabar Kantha,Vadali,Vaghpur,
3538,Sabar Kantha,Vadali,Chorivad,
3539,Sabar Kantha,Vadali,Savasla,
3540,Sabar Kantha,Vadali,Chulla,
3541,Sabar Kantha,Vadali,Rampur (Vasna),
3542,Sabar Kantha,Vadali,Kesarganj,
3543,Sabar Kantha,Vadali,Vasna (Asai),
3544,Sabar Kantha,Vadali,Kodareli,
3545,Sabar Kantha,Vadali,Bhandval,
3546,Sabar Kantha,Vadali,Dantroli,
3547,Sabar Kantha,Vadali,Dhirakamboya,
3548,Sabar Kantha,Vadali,Raheda,
3549,Sabar Kantha,Vadali,Arsamda,
3550,Sabar Kantha,Vadali,Badol,
3551,Sabar Kantha,Vadali,Narayanpur,
3552,Sabar Kantha,Vadali,Math Bhojayat,
3553,Sabar Kantha,Vadali,Bhavangadh,
3554,Sabar Kantha,Vadali,Himatpur (Narajina Chhapra),
3555,Sabar Kantha,Vadali,Jamrela,
3556,Sabar Kantha,Vadali,Pahadiyol,
3557,Sabar Kantha,Vadali,Asai,
3558,Sabar Kantha,Vadali,Jetpur,
3559,Sabar Kantha,Vadali,Ventla,
3560,Sabar Kantha,Vadali,Jalodara,
3561,Sabar Kantha,Vadali,Bhajpura,
3562,Sabar Kantha,Idar,Chandap,
3563,Sabar Kantha,Idar,Golvada,
3564,Sabar Kantha,Idar,Verabar,
3565,Sabar Kantha,Idar,Fagol,
3566,Sabar Kantha,Idar,Mahivada,
3567,Sabar Kantha,Idar,Kava,
3568,Sabar Kantha,Idar,Sabalvad,
3569,Sabar Kantha,Idar,Limbhoi,
3570,Sabar Kantha,Idar,Paj,
3571,Sabar Kantha,Idar,Gujarva,
3572,Sabar Kantha,Idar,Mathasur,
3573,Sabar Kantha,Idar,Bakarpura,
3574,Sabar Kantha,Idar,Panol,
3575,Sabar Kantha,Idar,Bhutiya,
3576,Sabar Kantha,Idar,Kadiyadara,
3577,Sabar Kantha,Idar,Chotasan,
3578,Sabar Kantha,Idar,Ranodara,
3579,Sabar Kantha,Idar,Dhinchaniya,
3580,Sabar Kantha,Idar,Mudeti,
3581,Sabar Kantha,Idar,Panchgamda,
3582,Sabar Kantha,Idar,Siyasan,
3583,Sabar Kantha,Idar,Voravav,
3584,Sabar Kantha,Idar,Gorol,
3585,Sabar Kantha,Idar,Abdasan,
3586,Sabar Kantha,Idar,Vadiyavir,
3587,Sabar Kantha,Idar,Detroli,
3588,Sabar Kantha,Idar,Diyoli,
3589,Sabar Kantha,Idar,Mastupur,
3590,Sabar Kantha,Idar,Kuski,
3591,Sabar Kantha,Idar,Sarangpur,
3592,Sabar Kantha,Idar,Umedpura,
3593,Sabar Kantha,Idar,Ranasan,
3594,Sabar Kantha,Idar,Pratappura,
3595,Sabar Kantha,Idar,Acharal,
3596,Sabar Kantha,Idar,Gulabpura,
3597,Sabar Kantha,Idar,Movatpura,
3598,Sabar Kantha,Idar,Kalyanpura,
3599,Sabar Kantha,Idar,Ravol,
3600,Sabar Kantha,Idar,Kamalpur,
3601,Sabar Kantha,Idar,Pataliya,
3602,Sabar Kantha,Idar,Falasan,
3603,Sabar Kantha,Idar,Khodam,
3604,Sabar Kantha,Idar,Finchod,
3605,Sabar Kantha,Idar,Oda,
3606,Sabar Kantha,Idar,Badarpura,
3607,Sabar Kantha,Idar,Lei,
3608,Sabar Kantha,Idar,Khaski,
3609,Sabar Kantha,Idar,Haripura (Khaski),
3610,Sabar Kantha,Idar,Ratanpur,
3611,Sabar Kantha,Idar,Barvav,
3612,Sabar Kantha,Idar,Surpur,
3613,Sabar Kantha,Idar,Lalpur (Badoli),
3614,Sabar Kantha,Idar,Badoli,
3615,Sabar Kantha,Idar,Bhanpur (Vadiyavir),
3616,Sabar Kantha,Idar,Kanpur,
3617,Sabar Kantha,Idar,Lakshmanpura,
3618,Sabar Kantha,Idar,Zinzava,
3619,Sabar Kantha,Idar,Nava,
3620,Sabar Kantha,Idar,Vasai,
3621,Sabar Kantha,Idar,Revas,
3622,Sabar Kantha,Idar,Tasiya,
3623,Sabar Kantha,Idar,Budhiya,
3624,Sabar Kantha,Idar,Savgadh,
3625,Sabar Kantha,Idar,Sapavada,
3626,Sabar Kantha,Idar,Maniyor,
3627,Sabar Kantha,Idar,Masal,
3628,Sabar Kantha,Idar,Budheli,
3629,Sabar Kantha,Idar,Samlapur,
3630,Sabar Kantha,Idar,Sahebpura,
3631,Sabar Kantha,Idar,Jaliya,
3632,Sabar Kantha,Idar,Sardarpur,
3633,Sabar Kantha,Idar,Sudrasana,
3634,Sabar Kantha,Idar,Madhva,
3635,Sabar Kantha,Idar,Sundarpur,
3636,Sabar Kantha,Idar,Chhapi,
3637,Sabar Kantha,Idar,Jashvantgadh,
3638,Sabar Kantha,Idar,Umedgadh,
3639,Sabar Kantha,Idar,Virpur,
3640,Sabar Kantha,Idar,Nana Kotda,
3641,Sabar Kantha,Idar,Netramli,
3642,Sabar Kantha,Idar,Ganeshpura,
3643,Sabar Kantha,Idar,Sherpur,
3644,Sabar Kantha,Idar,Kukadiya,
3645,Sabar Kantha,Idar,Vansdol,
3646,Sabar Kantha,Idar,Narsinhpura,
3647,Sabar Kantha,Idar,Ganthiyol,
3648,Sabar Kantha,Idar,Kuvava,
3649,Sabar Kantha,Idar,Mesan,
3650,Sabar Kantha,Idar,Rampur (Brahmpuri),
3651,Sabar Kantha,Idar,Hathol,
3652,Sabar Kantha,Idar,Itadi,
3653,Sabar Kantha,Idar,Chitroda,
3654,Sabar Kantha,Idar,Ankala,
3655,Sabar Kantha,Idar,Bhadresar,
3656,Sabar Kantha,Idar,Daramli,
3657,Sabar Kantha,Idar,Bhuvel,
3658,Sabar Kantha,Idar,Ruderdi,
3659,Sabar Kantha,Idar,Jethipura,
3660,Sabar Kantha,Idar,Bolundra (Songadh),
3661,Sabar Kantha,Idar,Kesharpura,
3662,Sabar Kantha,Idar,Kamboya,
3663,Sabar Kantha,Idar,Manpura,
3664,Sabar Kantha,Idar,Kabso,
3665,Sabar Kantha,Idar,Gadha,
3666,Sabar Kantha,Idar,Bhavnagar,
3667,Sabar Kantha,Idar,Eklara,
3668,Sabar Kantha,Idar,Chitrodi,
3669,Sabar Kantha,Idar,Santol,
3670,Sabar Kantha,Idar,Aroda,
3671,Sabar Kantha,Idar,Jadar,
3672,Sabar Kantha,Idar,Chadasana,
3673,Sabar Kantha,Idar,Dungari,
3674,Sabar Kantha,Idar,Punjpur,
3675,Sabar Kantha,Idar,Ruvech,
3676,Sabar Kantha,Idar,Bolundra (Ruvech),
3677,Sabar Kantha,Idar,Poshina,
3678,Sabar Kantha,Idar,Vantda,
3679,Sabar Kantha,Idar,Champa,
3680,Sabar Kantha,Idar,Pratapgadh,
3681,Sabar Kantha,Idar,Isarvada,
3682,Sabar Kantha,Idar,Hinglaj,
3683,Sabar Kantha,Idar,Nani Vadol,
3684,Sabar Kantha,Idar,Mangadh,
3685,Sabar Kantha,Idar,Lalpur (Davad),
3686,Sabar Kantha,Idar,Haripura (Aroda),
3687,Sabar Kantha,Idar,Kishorgadh,
3688,Sabar Kantha,Idar,Singha,
3689,Sabar Kantha,Idar,Arsodiya,
3690,Sabar Kantha,Idar,Davad,
3691,Sabar Kantha,Idar,Vasna (Davad),
3692,Sabar Kantha,Idar,Moti Vadol,
3693,Sabar Kantha,Idar,Himatpur,
3694,Sabar Kantha,Idar,Bhetali,
3695,Sabar Kantha,Idar,Kapoda,
3696,Sabar Kantha,Idar,Dharapur,
3697,Sabar Kantha,Idar,Mota Kotda,
3698,Sabar Kantha,Bhiloda,Vagheshvari,
3699,Sabar Kantha,Bhiloda,Virpur,
3700,Sabar Kantha,Bhiloda,Chorimala,
3701,Sabar Kantha,Bhiloda,Raisingpur,
3702,Sabar Kantha,Bhiloda,Kundol (Pal),
3703,Sabar Kantha,Bhiloda,Bavaliya (Pal),
3704,Sabar Kantha,Bhiloda,Dhansor,
3705,Sabar Kantha,Bhiloda,Jhejhudi,
3706,Sabar Kantha,Bhiloda,Torda (Jetpur),
3707,Sabar Kantha,Bhiloda,Jayala,
3708,Sabar Kantha,Bhiloda,Andhariya,
3709,Sabar Kantha,Bhiloda,Kalyanpur,
3710,Sabar Kantha,Bhiloda,Bavaliya (Torda),
3711,Sabar Kantha,Bhiloda,Indrapura,
3712,Sabar Kantha,Bhiloda,Kishangadh,
3713,Sabar Kantha,Bhiloda,Bedasan,
3714,Sabar Kantha,Bhiloda,Malasa,
3715,Sabar Kantha,Bhiloda,Malekpur,
3716,Sabar Kantha,Bhiloda,Ubsal,
3717,Sabar Kantha,Bhiloda,Bolundra,
3718,Sabar Kantha,Bhiloda,Vajapur,
3719,Sabar Kantha,Bhiloda,Siladri,
3720,Sabar Kantha,Bhiloda,Bhanmer,
3721,Sabar Kantha,Bhiloda,Rampuri,
3722,Sabar Kantha,Bhiloda,Ambabar,
3723,Sabar Kantha,Bhiloda,Pahada,
3724,Sabar Kantha,Bhiloda,Takatuka,
3725,Sabar Kantha,Bhiloda,Math Bolundra,
3726,Sabar Kantha,Bhiloda,Vansli,
3727,Sabar Kantha,Bhiloda,Vejpur,
3728,Sabar Kantha,Bhiloda,Ghanti,
3729,Sabar Kantha,Bhiloda,Jumsar (Chhapra),
3730,Sabar Kantha,Bhiloda,Jumsar,
3731,Sabar Kantha,Bhiloda,Munai,
3732,Sabar Kantha,Bhiloda,Khalvad,
3733,Sabar Kantha,Bhiloda,Lilchha,
3734,Sabar Kantha,Bhiloda,Mankroda,
3735,Sabar Kantha,Bhiloda,Dholvani,
3736,Sabar Kantha,Bhiloda,Silasan,
3737,Sabar Kantha,Bhiloda,Budheli,
3738,Sabar Kantha,Bhiloda,Dharasan,
3739,Sabar Kantha,Bhiloda,Patiyakuva,
3740,Sabar Kantha,Bhiloda,Vasaya,
3741,Sabar Kantha,Bhiloda,Jambudi,
3742,Sabar Kantha,Bhiloda,Panch Mahudi,
3743,Sabar Kantha,Bhiloda,Ode,
3744,Sabar Kantha,Bhiloda,Bornala,
3745,Sabar Kantha,Bhiloda,Budharasan,
3746,Sabar Kantha,Bhiloda,Ajitpura,
3747,Sabar Kantha,Bhiloda,Abhapur,
3748,Sabar Kantha,Bhiloda,Meru (Bhetali),
3749,Sabar Kantha,Bhiloda,Bhutavad,
3750,Sabar Kantha,Bhiloda,Naranpur,
3751,Sabar Kantha,Bhiloda,Mau (Navalpur),
3752,Sabar Kantha,Bhiloda,Sunsar,
3753,Sabar Kantha,Bhiloda,Nankhi,
3754,Sabar Kantha,Bhiloda,Khapreta,
3755,Sabar Kantha,Bhiloda,Desan,
3756,Sabar Kantha,Bhiloda,Narsoli,
3757,Sabar Kantha,Bhiloda,Khumapur,
3758,Sabar Kantha,Bhiloda,Vankaner,
3759,Sabar Kantha,Bhiloda,Rintoda,
3760,Sabar Kantha,Bhiloda,Nava Bhetali,
3761,Sabar Kantha,Bhiloda,Jasvantpura,
3762,Sabar Kantha,Bhiloda,Hathiya,
3763,Sabar Kantha,Bhiloda,Dodisara Nana,
3764,Sabar Kantha,Bhiloda,Dodisara Mota,
3765,Sabar Kantha,Bhiloda,Chitariya,
3766,Sabar Kantha,Bhiloda,Sonasan,
3767,Sabar Kantha,Bhiloda,Kadvath,
3768,Sabar Kantha,Bhiloda,Ansol,
3769,Sabar Kantha,Bhiloda,Pahadiya,
3770,Sabar Kantha,Bhiloda,Odha Pada,
3771,Sabar Kantha,Bhiloda,Rangpur,
3772,Sabar Kantha,Bhiloda,Nava Venpur,
3773,Sabar Kantha,Bhiloda,Dhandhasan,
3774,Sabar Kantha,Bhiloda,Raypur,
3775,Sabar Kantha,Bhiloda,Jesingpur,
3776,Sabar Kantha,Bhiloda,Bhetali,
3777,Sabar Kantha,Bhiloda,Vasai,
3778,Sabar Kantha,Bhiloda,Bhatera,
3779,Sabar Kantha,Bhiloda,Chiboda,
3780,Sabar Kantha,Bhiloda,Thuravas,
3781,Sabar Kantha,Bhiloda,Akodiya,
3782,Sabar Kantha,Bhiloda,Lokhan,
3783,Sabar Kantha,Bhiloda,Fatepur,
3784,Sabar Kantha,Bhiloda,Medi Timba,
3785,Sabar Kantha,Bhiloda,Naroda,
3786,Sabar Kantha,Bhiloda,Mankdi,
3787,Sabar Kantha,Bhiloda,Shangal,
3788,Sabar Kantha,Bhiloda,Rampur,
3789,Sabar Kantha,Bhiloda,kheroj,
3790,Sabar Kantha,Bhiloda,Kaleka,
3791,Sabar Kantha,Bhiloda,Mandhari,
3792,Sabar Kantha,Bhiloda,Nandoj,
3793,Sabar Kantha,Bhiloda,Karanpur,
3794,Sabar Kantha,Bhiloda,Hardaspur,
3795,Sabar Kantha,Bhiloda,Dhamboliya,
3796,Sabar Kantha,Bhiloda,Palla,
3797,Sabar Kantha,Bhiloda,Dhuleta (Palla),
3798,Sabar Kantha,Bhiloda,Venpur,
3799,Sabar Kantha,Bhiloda,Vaktapur,
3800,Sabar Kantha,Bhiloda,Karchha,
3801,Sabar Kantha,Bhiloda,Mota Samera,
3802,Sabar Kantha,Bhiloda,Dahgamda,
3803,Sabar Kantha,Bhiloda,Ravtavada,
3804,Sabar Kantha,Bhiloda,Mota Kanthariya,
3805,Sabar Kantha,Bhiloda,Ramera,
3806,Sabar Kantha,Bhiloda,Lusadiya,
3807,Sabar Kantha,Bhiloda,Nana Kanthariya,
3808,Sabar Kantha,Bhiloda,Nana Samera,
3809,Sabar Kantha,Bhiloda,Padardi,
3810,Sabar Kantha,Bhiloda,Shamalaji,
3811,Sabar Kantha,Bhiloda,Rudardi,
3812,Sabar Kantha,Bhiloda,Meravada,
3813,Sabar Kantha,Bhiloda,Gadhiya,
3814,Sabar Kantha,Bhiloda,Rudral,
3815,Sabar Kantha,Bhiloda,Kheradi,
3816,Sabar Kantha,Bhiloda,Vanzar,
3817,Sabar Kantha,Bhiloda,Chibhadiyata,
3818,Sabar Kantha,Bhiloda,Bamna,
3819,Sabar Kantha,Bhiloda,Siholi,
3820,Sabar Kantha,Bhiloda,Punasan,
3821,Sabar Kantha,Bhiloda,Dhuleta,
3822,Sabar Kantha,Bhiloda,Vantdi,
3823,Sabar Kantha,Bhiloda,Hathrol,
3824,Sabar Kantha,Bhiloda,Janali,
3825,Sabar Kantha,Bhiloda,Moti Bebar,
3826,Sabar Kantha,Bhiloda,Napda (Khalsa),
3827,Sabar Kantha,Bhiloda,Vajapur (Kherancha),
3828,Sabar Kantha,Bhiloda,Khari,
3829,Sabar Kantha,Bhiloda,Shamalpur,
3830,Sabar Kantha,Bhiloda,Bahecharpura,
3831,Sabar Kantha,Bhiloda,Dolatpur,
3832,Sabar Kantha,Bhiloda,Rampur (Moti),
3833,Sabar Kantha,Bhiloda,Samran,
3834,Sabar Kantha,Bhiloda,Sarkilimdi,
3835,Sabar Kantha,Bhiloda,Lakshmanpura,
3836,Sabar Kantha,Bhiloda,Gali Semro,
3837,Sabar Kantha,Bhiloda,Vanka Timba,
3838,Sabar Kantha,Bhiloda,Kagda Mahuda,
3839,Sabar Kantha,Bhiloda,Vaghpur,
3840,Sabar Kantha,Bhiloda,Devni Mori,
3841,Sabar Kantha,Bhiloda,Bhavanpur,
3842,Sabar Kantha,Bhiloda,Kherancha,
3843,Sabar Kantha,Bhiloda,Sodpur,
3844,Sabar Kantha,Bhiloda,Napda (Jagiri),
3845,Sabar Kantha,Bhiloda,Khiloda,
3846,Sabar Kantha,Bhiloda,Shobhayada (Jagiri),
3847,Sabar Kantha,Bhiloda,Nani Bebar,
3848,Sabar Kantha,Bhiloda,Rajendranagar,
3849,Sabar Kantha,Bhiloda,Vansera,
3850,Sabar Kantha,Bhiloda,Gadadar,
3851,Sabar Kantha,Bhiloda,Asal,
3852,Sabar Kantha,Bhiloda,Khodamba,
3853,Sabar Kantha,Bhiloda,Kuski,
3854,Sabar Kantha,Bhiloda,Himatpur,
3855,Sabar Kantha,Bhiloda,Kundol (Dahgamda),
3856,Sabar Kantha,Bhiloda,Godh (Kuski),
3857,Sabar Kantha,Bhiloda,Adhera,
3858,Sabar Kantha,Bhiloda,Lalpur,
3859,Sabar Kantha,Bhiloda,Brahmpuri,
3860,Sabar Kantha,Bhiloda,Vandiyol,
3861,Sabar Kantha,Bhiloda,Sunokh,
3862,Sabar Kantha,Bhiloda,Vagodar,
3863,Sabar Kantha,Bhiloda,Chhapara Kuski,
3864,Sabar Kantha,Bhiloda,Jaliya,
3865,Sabar Kantha,Meghraj,Kantalu,
3866,Sabar Kantha,Meghraj,Rakhapur,
3867,Sabar Kantha,Meghraj,Vanka Timba,
3868,Sabar Kantha,Meghraj,Jalampur,
3869,Sabar Kantha,Meghraj,Rajpur (Isari),
3870,Sabar Kantha,Meghraj,Isari,
3871,Sabar Kantha,Meghraj,Patelna Chhapra,
3872,Sabar Kantha,Meghraj,Navagam (Isari),
3873,Sabar Kantha,Meghraj,Chhitadara,
3874,Sabar Kantha,Meghraj,Jamgadh,
3875,Sabar Kantha,Meghraj,Dhenkva,
3876,Sabar Kantha,Meghraj,Manda,
3877,Sabar Kantha,Meghraj,Moti Panduli,
3878,Sabar Kantha,Meghraj,Vaghpur,
3879,Sabar Kantha,Meghraj,Vaidi,
3880,Sabar Kantha,Meghraj,Gopavada,
3881,Sabar Kantha,Meghraj,Odha (Kasana),
3882,Sabar Kantha,Meghraj,Navagam (Kasana),
3883,Sabar Kantha,Meghraj,Kadvadi,
3884,Sabar Kantha,Meghraj,Intva,
3885,Sabar Kantha,Meghraj,Badartralna (Chhapra),
3886,Sabar Kantha,Meghraj,Ged,
3887,Sabar Kantha,Meghraj,Khakhariya,
3888,Sabar Kantha,Meghraj,Mota Math,
3889,Sabar Kantha,Meghraj,Punjapur,
3890,Sabar Kantha,Meghraj,Panibar,
3891,Sabar Kantha,Meghraj,Naranpur,
3892,Sabar Kantha,Meghraj,Dharola,
3893,Sabar Kantha,Meghraj,Ghorvada,
3894,Sabar Kantha,Meghraj,Antoli,
3895,Sabar Kantha,Meghraj,Odha (Panibar),
3896,Sabar Kantha,Meghraj,Tarakvada,
3897,Sabar Kantha,Meghraj,Zeriyawada,
3898,Sabar Kantha,Meghraj,Rellavada,
3899,Sabar Kantha,Meghraj,Dhundhera,
3900,Sabar Kantha,Meghraj,Lakhipur,
3901,Sabar Kantha,Meghraj,Kadvada,
3902,Sabar Kantha,Meghraj,Godhavada,
3903,Sabar Kantha,Meghraj,Futa,
3904,Sabar Kantha,Meghraj,Chhikari,
3905,Sabar Kantha,Meghraj,Nani Panduli,
3906,Sabar Kantha,Meghraj,Moti Mori,
3907,Sabar Kantha,Meghraj,Palla Kasana,
3908,Sabar Kantha,Meghraj,Godha,
3909,Sabar Kantha,Meghraj,Kasana,
3910,Sabar Kantha,Meghraj,Panchal,
3911,Sabar Kantha,Meghraj,Kunol,
3912,Sabar Kantha,Meghraj,Kolundra,
3913,Sabar Kantha,Meghraj,Mahudi,
3914,Sabar Kantha,Meghraj,Sangal,
3915,Sabar Kantha,Meghraj,Gokchuvan,
3916,Sabar Kantha,Meghraj,Vaniyavada,
3917,Sabar Kantha,Meghraj,Bhatkota,
3918,Sabar Kantha,Meghraj,Dhandhiya,
3919,Sabar Kantha,Meghraj,Zarda,
3920,Sabar Kantha,Meghraj,Pahadiya (Panchal),
3921,Sabar Kantha,Meghraj,Ukardi,
3922,Sabar Kantha,Meghraj,Jitpur,
3923,Sabar Kantha,Meghraj,Dhemda,
3924,Sabar Kantha,Meghraj,Nani Moydi,
3925,Sabar Kantha,Meghraj,Adepur,
3926,Sabar Kantha,Meghraj,Jivanpur,
3927,Sabar Kantha,Meghraj,Sisodara (Adepur),
3928,Sabar Kantha,Meghraj,Khokhariya,
3929,Sabar Kantha,Meghraj,Varthali,
3930,Sabar Kantha,Meghraj,Munshivada,
3931,Sabar Kantha,Meghraj,Vank,
3932,Sabar Kantha,Meghraj,Lalpur,
3933,Sabar Kantha,Meghraj,Brahman Kotda,
3934,Sabar Kantha,Meghraj,Rola,
3935,Sabar Kantha,Meghraj,Gay Vachhda,
3936,Sabar Kantha,Meghraj,Valuna,
3937,Sabar Kantha,Meghraj,Ranjedi,
3938,Sabar Kantha,Meghraj,Tarakvadia,
3939,Sabar Kantha,Meghraj,Vaiya,
3940,Sabar Kantha,Meghraj,Behdaj,
3941,Sabar Kantha,Meghraj,Relyo,
3942,Sabar Kantha,Meghraj,Bhuval,
3943,Sabar Kantha,Meghraj,Palla (Bhemapur),
3944,Sabar Kantha,Meghraj,Satipura,
3945,Sabar Kantha,Meghraj,Limbhoi,
3946,Sabar Kantha,Meghraj,Moti Moydi,
3947,Sabar Kantha,Meghraj,Adhodiya,
3948,Sabar Kantha,Meghraj,Undva,
3949,Sabar Kantha,Meghraj,Limbodara(Dhundha),
3950,Sabar Kantha,Meghraj,Patelna Dhundha,
3951,Sabar Kantha,Meghraj,Damorna Dhundha,
3952,Sabar Kantha,Meghraj,Dhanivada,
3953,Sabar Kantha,Meghraj,Pahadiya (Meghraj),
3954,Sabar Kantha,Meghraj,Karanpur,
3955,Sabar Kantha,Meghraj,Kumbhera,
3956,Sabar Kantha,Meghraj,Khandivav,
3957,Sabar Kantha,Meghraj,Jashvantpura,
3958,Sabar Kantha,Meghraj,Pruthvipura,
3959,Sabar Kantha,Meghraj,Vasna,
3960,Sabar Kantha,Meghraj,Banthivada Lalakumpa,
3961,Sabar Kantha,Meghraj,Banthivada (Ajuhirola),
3962,Sabar Kantha,Meghraj,Bhemapur,
3963,Sabar Kantha,Meghraj,Kherai,
3964,Sabar Kantha,Meghraj,Sendaryo,
3965,Sabar Kantha,Meghraj,Vasai,
3966,Sabar Kantha,Meghraj,Royaniya,
3967,Sabar Kantha,Meghraj,Kaliya Kuva,
3968,Sabar Kantha,Meghraj,Lakhapur,
3969,Sabar Kantha,Meghraj,Surdevi,
3970,Sabar Kantha,Meghraj,Banthivada Jemana,
3971,Sabar Kantha,Meghraj,Sisodara (Megharaj),
3972,Sabar Kantha,Meghraj,Kamroda,
3973,Sabar Kantha,Meghraj,Iploda,
3974,Sabar Kantha,Meghraj,Pisal,
3975,Sabar Kantha,Meghraj,Hiratimba,
3976,Sabar Kantha,Meghraj,Rajpur (Ramgadhi),
3977,Sabar Kantha,Meghraj,Bhutiya,
3978,Sabar Kantha,Meghraj,Ramgadhi,
3979,Sabar Kantha,Meghraj,Rayavada,
3980,Sabar Kantha,Meghraj,Tumbaliya,
3981,Sabar Kantha,Meghraj,Vagora,
3982,Sabar Kantha,Meghraj,Mudshi,
3983,Sabar Kantha,Meghraj,Baskadanti,
3984,Sabar Kantha,Meghraj,Sarangpur,
3985,Sabar Kantha,Meghraj,Dachka,
3986,Sabar Kantha,Meghraj,Belyo,
3987,Sabar Kantha,Meghraj,Dungragod,
3988,Sabar Kantha,Meghraj,Bhunjri,
3989,Sabar Kantha,Meghraj,Lalodiya,
3990,Sabar Kantha,Meghraj,Nesda,
3991,Sabar Kantha,Meghraj,Limbodara (Ramgadhi),
3992,Sabar Kantha,Meghraj,Krushnapur,
3993,Sabar Kantha,Himatnagar,Bhadardi,
3994,Sabar Kantha,Himatnagar,Surpur (Likhi),
3995,Sabar Kantha,Himatnagar,Chhapara (Likhi),
3996,Sabar Kantha,Himatnagar,Dolpur,
3997,Sabar Kantha,Himatnagar,Kadodari,
3998,Sabar Kantha,Himatnagar,Motipura (Chandrni),
3999,Sabar Kantha,Himatnagar,Vasna (Chandarni),
4000,Sabar Kantha,Himatnagar,Hamirgadh (khed),
4001,Sabar Kantha,Himatnagar,Khandhol,
4002,Sabar Kantha,Himatnagar,Khanusa,
4003,Sabar Kantha,Himatnagar,Likhi,
4004,Sabar Kantha,Himatnagar,Kathavadiya,
4005,Sabar Kantha,Himatnagar,Nurpur,
4006,Sabar Kantha,Himatnagar,Mahadevpura (Khedavada),
4007,Sabar Kantha,Himatnagar,Gadha,
4008,Sabar Kantha,Himatnagar,Sachodar,
4009,Sabar Kantha,Himatnagar,Pipodar,
4010,Sabar Kantha,Himatnagar,Prempur,
4011,Sabar Kantha,Himatnagar,Jivapur,
4012,Sabar Kantha,Himatnagar,Pethapur,
4013,Sabar Kantha,Himatnagar,Kadoli,
4014,Sabar Kantha,Himatnagar,Munpur (Rangpur),
4015,Sabar Kantha,Himatnagar,Rangpur,
4016,Sabar Kantha,Himatnagar,Kanada,
4017,Sabar Kantha,Himatnagar,Kanai,
4018,Sabar Kantha,Himatnagar,Vaktapur,
4019,Sabar Kantha,Himatnagar,Lolasan,
4020,Sabar Kantha,Himatnagar,Jamla,
4021,Sabar Kantha,Himatnagar,Tandol,
4022,Sabar Kantha,Himatnagar,Kesharpura,
4023,Sabar Kantha,Himatnagar,Kaniyol,
4024,Sabar Kantha,Himatnagar,Vasana (Ghorvada),
4025,Sabar Kantha,Himatnagar,Arjanpura,
4026,Sabar Kantha,Himatnagar,Raisingpura,
4027,Sabar Kantha,Himatnagar,Khed,
4028,Sabar Kantha,Himatnagar,Chandarni,
4029,Sabar Kantha,Himatnagar,Hunj,
4030,Sabar Kantha,Himatnagar,Himatpur,
4031,Sabar Kantha,Himatnagar,Champalnar,
4032,Sabar Kantha,Himatnagar,Mordungra,
4033,Sabar Kantha,Himatnagar,Ambavada,
4034,Sabar Kantha,Himatnagar,Jambudi,
4035,Sabar Kantha,Himatnagar,Rampur (Ghorvada),
4036,Sabar Kantha,Himatnagar,Kenpur,
4037,Sabar Kantha,Himatnagar,Demai Nani,
4038,Sabar Kantha,Himatnagar,Ghorvada,
4039,Sabar Kantha,Himatnagar,Dhabal,
4040,Sabar Kantha,Himatnagar,Rajpur (Nava),
4041,Sabar Kantha,Himatnagar,Hansalpur,
4042,Sabar Kantha,Himatnagar,Virpur,
4043,Sabar Kantha,Himatnagar,Ilol,
4044,Sabar Kantha,Himatnagar,Khedavada,
4045,Sabar Kantha,Himatnagar,Mahadevpura (Lolasan),
4046,Sabar Kantha,Himatnagar,Jorapur,
4047,Sabar Kantha,Himatnagar,Maherpura,
4048,Sabar Kantha,Himatnagar,Lalpur (Savgadh),
4049,Sabar Kantha,Himatnagar,Dhandha,
4050,Sabar Kantha,Himatnagar,Nava,
4051,Sabar Kantha,Himatnagar,Amarapur,
4052,Sabar Kantha,Himatnagar,Balochpur,
4053,Sabar Kantha,Himatnagar,Demai Moti,
4054,Sabar Kantha,Himatnagar,Pratappura,
4055,Sabar Kantha,Himatnagar,Surpur (Hamirgadh),
4056,Sabar Kantha,Himatnagar,Kump,
4057,Sabar Kantha,Himatnagar,Vasani,
4058,Sabar Kantha,Himatnagar,Lalpur (Vavdi),
4059,Sabar Kantha,Himatnagar,Vavdi,
4060,Sabar Kantha,Himatnagar,Manpur (Bankhor),
4061,Sabar Kantha,Himatnagar,Bankhor,
4062,Sabar Kantha,Himatnagar,Raygadh,
4063,Sabar Kantha,Himatnagar,Javanpura,
4064,Sabar Kantha,Himatnagar,Navalpur (Bhatoda),
4065,Sabar Kantha,Himatnagar,Javangadh,
4066,Sabar Kantha,Himatnagar,Mathasuliya,
4067,Sabar Kantha,Himatnagar,Shravana,
4068,Sabar Kantha,Himatnagar,Surajpura,
4069,Sabar Kantha,Himatnagar,Vantda,
4070,Sabar Kantha,Himatnagar,Hamirgadh (Vantda),
4071,Sabar Kantha,Himatnagar,Viravada,
4072,Sabar Kantha,Himatnagar,Berna,
4073,Sabar Kantha,Himatnagar,Balvantpura,
4074,Sabar Kantha,Himatnagar,Katwad,
4075,Sabar Kantha,Himatnagar,Dedhrota,
4076,Sabar Kantha,Himatnagar,Derol,
4077,Sabar Kantha,Himatnagar,Navanagar,
4078,Sabar Kantha,Himatnagar,Navalpur,
4079,Sabar Kantha,Himatnagar,Polajpur,
4080,Sabar Kantha,Himatnagar,Hapa,
4081,Sabar Kantha,Himatnagar,Motipur,
4082,Sabar Kantha,Himatnagar,Kanknol,
4083,Sabar Kantha,Himatnagar,Gamdi,
4084,Sabar Kantha,Himatnagar,Vamoj,
4085,Sabar Kantha,Himatnagar,Dhundhar,
4086,Sabar Kantha,Himatnagar,Karanpur,
4087,Sabar Kantha,Himatnagar,Gambhoi,
4088,Sabar Kantha,Himatnagar,Rajpur (Gambhoi),
4089,Sabar Kantha,Himatnagar,Mahadevpura (Sadha),
4090,Sabar Kantha,Himatnagar,Sadha,
4091,Sabar Kantha,Himatnagar,Vagdi,
4092,Sabar Kantha,Himatnagar,Raipur,
4093,Sabar Kantha,Himatnagar,Bilpan,
4094,Sabar Kantha,Himatnagar,Adpodra,
4095,Sabar Kantha,Himatnagar,Nadri,
4096,Sabar Kantha,Himatnagar,Bhavpur,
4097,Sabar Kantha,Himatnagar,Vejarap No Math,
4098,Sabar Kantha,Himatnagar,Manorpur,
4099,Sabar Kantha,Himatnagar,Agiyol,
4100,Sabar Kantha,Himatnagar,Thumra,
4101,Sabar Kantha,Himatnagar,Hadiyol,
4102,Sabar Kantha,Himatnagar,Piplodi,
4103,Sabar Kantha,Himatnagar,Boriya Khurad,
4104,Sabar Kantha,Himatnagar,Jitod,
4105,Sabar Kantha,Himatnagar,Tajpuri,
4106,Sabar Kantha,Himatnagar,Sayebapur,
4107,Sabar Kantha,Himatnagar,Saroli,
4108,Sabar Kantha,Himatnagar,Mahadevpura (Kundol),
4109,Sabar Kantha,Himatnagar,Kundol,
4110,Sabar Kantha,Himatnagar,Nadri Pethapur,
4111,Sabar Kantha,Himatnagar,Hajipur,
4112,Sabar Kantha,Himatnagar,Gadhoda,
4113,Sabar Kantha,Himatnagar,Akodra,
4114,Sabar Kantha,Himatnagar,Pural,
4115,Sabar Kantha,Himatnagar,Sakrodiya,
4116,Sabar Kantha,Himatnagar,Desasan,
4117,Sabar Kantha,Himatnagar,Rupal,
4118,Sabar Kantha,Himatnagar,Rampur (Rupal),
4119,Sabar Kantha,Himatnagar,Pedhmala,
4120,Sabar Kantha,Himatnagar,Mali,
4121,Sabar Kantha,Himatnagar,Pipaliya,
4122,Sabar Kantha,Himatnagar,Bavsar,
4123,Sabar Kantha,Himatnagar,Nikoda,
4124,Sabar Kantha,Himatnagar,Vajapur,
4125,Sabar Kantha,Himatnagar,Hathrol,
4126,Sabar Kantha,Himatnagar,Adapur,
4127,Sabar Kantha,Prantij,Ged,
4128,Sabar Kantha,Prantij,Morvad,
4129,Sabar Kantha,Prantij,Katwad,
4130,Sabar Kantha,Prantij,Dalpur,
4131,Sabar Kantha,Prantij,Nananpur,
4132,Sabar Kantha,Prantij,Asroda,
4133,Sabar Kantha,Prantij,Chhadarda,
4134,Sabar Kantha,Prantij,Nikodiya,
4135,Sabar Kantha,Prantij,Takhatgadh,
4136,Sabar Kantha,Prantij,Fatepur,
4137,Sabar Kantha,Prantij,Mauchha,
4138,Sabar Kantha,Prantij,Amodra,
4139,Sabar Kantha,Prantij,Sonasan,
4140,Sabar Kantha,Prantij,Rasulpur,
4141,Sabar Kantha,Prantij,Salal,
4142,Sabar Kantha,Prantij,Moyad,
4143,Sabar Kantha,Prantij,Sanpad,
4144,Sabar Kantha,Prantij,Vaghpur,
4145,Sabar Kantha,Prantij,Piludra,
4146,Sabar Kantha,Prantij,Poglu,
4147,Sabar Kantha,Prantij,Zinzva,
4148,Sabar Kantha,Prantij,Vaghrota,
4149,Sabar Kantha,Prantij,Ambavada,
4150,Sabar Kantha,Prantij,Hadmatiya,
4151,Sabar Kantha,Prantij,Vajapur,
4152,Sabar Kantha,Prantij,Mahadevpura (Ghadi),
4153,Sabar Kantha,Prantij,Ghadi,
4154,Sabar Kantha,Prantij,Memadpur,
4155,Sabar Kantha,Prantij,Pallachar,
4156,Sabar Kantha,Prantij,Aminpur,
4157,Sabar Kantha,Prantij,Kamalpur,
4158,Sabar Kantha,Prantij,Sadoliya,
4159,Sabar Kantha,Prantij,Galesara,
4160,Sabar Kantha,Prantij,Oran,
4161,Sabar Kantha,Prantij,Katpur,
4162,Sabar Kantha,Prantij,Mamroli,
4163,Sabar Kantha,Prantij,Bakarpur,
4164,Sabar Kantha,Prantij,Vadrad,
4165,Sabar Kantha,Prantij,Lalpur (Jenpur),
4166,Sabar Kantha,Prantij,Kalipura,
4167,Sabar Kantha,Prantij,Jenpur,
4168,Sabar Kantha,Prantij,Amrapur,
4169,Sabar Kantha,Prantij,Raslod,
4170,Sabar Kantha,Prantij,Unchha,
4171,Sabar Kantha,Prantij,Limla,
4172,Sabar Kantha,Prantij,Vadvasa,
4173,Sabar Kantha,Prantij,Sitvada,
4174,Sabar Kantha,Prantij,Poyada,
4175,Sabar Kantha,Prantij,Indrajpur,
4176,Sabar Kantha,Prantij,Bobha,
4177,Sabar Kantha,Prantij,Majra,
4178,Sabar Kantha,Prantij,Tajpur (Oran),
4179,Sabar Kantha,Prantij,Karol,
4180,Sabar Kantha,Prantij,Balisana,
4181,Sabar Kantha,Prantij,Baini Muvadi,
4182,Sabar Kantha,Prantij,Mavani Muvadi,
4183,Sabar Kantha,Prantij,Zalani Muvadi,
4184,Sabar Kantha,Prantij,Kesharpur,
4185,Sabar Kantha,Prantij,Dalani Muvadi,
4186,Sabar Kantha,Prantij,Punadra,
4187,Sabar Kantha,Prantij,Sadani Muvadi,
4188,Sabar Kantha,Prantij,Ghadkan,
4189,Sabar Kantha,Prantij,Sukhad,
4190,Sabar Kantha,Prantij,Padhayda,
4191,Sabar Kantha,Talod,Kabodra,
4192,Sabar Kantha,Talod,Kabodri,
4193,Sabar Kantha,Talod,Charanvata,
4194,Sabar Kantha,Talod,Malvan,
4195,Sabar Kantha,Talod,Lalpur (Ranasan),
4196,Sabar Kantha,Talod,Navalpur,
4197,Sabar Kantha,Talod,Fojivada,
4198,Sabar Kantha,Talod,Bhimpada,
4199,Sabar Kantha,Talod,Ranasan,
4200,Sabar Kantha,Talod,Nava,
4201,Sabar Kantha,Talod,Kathwada,
4202,Sabar Kantha,Talod,Mohanpur,
4203,Sabar Kantha,Talod,Varvada,
4204,Sabar Kantha,Talod,Morali,
4205,Sabar Kantha,Talod,Ahmedpura,
4206,Sabar Kantha,Talod,Motesari,
4207,Sabar Kantha,Talod,Dadarda,
4208,Sabar Kantha,Talod,Antrolivas Punjaji,
4209,Sabar Kantha,Talod,Mota Chekhla,
4210,Sabar Kantha,Talod,Gundiya,
4211,Sabar Kantha,Talod,Gulabpura,
4212,Sabar Kantha,Talod,Punsri,
4213,Sabar Kantha,Talod,Modhuka,
4214,Sabar Kantha,Talod,Nana Chekhla,
4215,Sabar Kantha,Talod,Antrolivas Dolji,
4216,Sabar Kantha,Talod,Harsol,
4217,Sabar Kantha,Talod,Mahelav,
4218,Sabar Kantha,Talod,Chhatrisa,
4219,Sabar Kantha,Talod,Anjana,
4220,Sabar Kantha,Talod,Badarni Muvadi,
4221,Sabar Kantha,Talod,Chandpur,
4222,Sabar Kantha,Talod,Rupal,
4223,Sabar Kantha,Talod,Gora,
4224,Sabar Kantha,Talod,Gambhirpura,
4225,Sabar Kantha,Talod,Tajpur Camp,
4226,Sabar Kantha,Talod,Deviya,
4227,Sabar Kantha,Talod,Rojhad,
4228,Sabar Kantha,Talod,Vav,
4229,Sabar Kantha,Talod,Umed Ni Muvadi,
4230,Sabar Kantha,Talod,Madhavgadh,
4231,Sabar Kantha,Talod,Dhadh Vasna,
4232,Sabar Kantha,Talod,Tantarda,
4233,Sabar Kantha,Talod,Dolatabad,
4234,Sabar Kantha,Talod,Mahiyal,
4235,Sabar Kantha,Talod,Mahadevpura (Mahiyal),
4236,Sabar Kantha,Talod,Salatpur,
4237,Sabar Kantha,Talod,Gulab Ni Muvadi,
4238,Sabar Kantha,Talod,Sultanpur,
4239,Sabar Kantha,Talod,Padusan,
4240,Sabar Kantha,Talod,Sagpur,
4241,Sabar Kantha,Talod,Ranipura,
4242,Sabar Kantha,Talod,Balisana,
4243,Sabar Kantha,Talod,Aniod,
4244,Sabar Kantha,Talod,Javanpur,
4245,Sabar Kantha,Talod,Nani Shiholi,
4246,Sabar Kantha,Talod,Rayaniya,
4247,Sabar Kantha,Talod,Valiyampura,
4248,Sabar Kantha,Talod,Bhatiya,
4249,Sabar Kantha,Talod,Mudhasana,
4250,Sabar Kantha,Talod,Mokamni Muvadi,
4251,Sabar Kantha,Talod,Kherol,
4252,Sabar Kantha,Talod,Ujediya,
4253,Sabar Kantha,Talod,Navavas,
4254,Sabar Kantha,Talod,Semaliya,
4255,Sabar Kantha,Talod,Badodara,
4256,Sabar Kantha,Talod,Ankhol,
4257,Sabar Kantha,Talod,Gobarjini Muvadi,
4258,Sabar Kantha,Talod,Gadhavad,
4259,Sabar Kantha,Talod,Lalani Muvadi,
4260,Sabar Kantha,Talod,Jorajini Muvadi,
4261,Sabar Kantha,Talod,Karmipura,
4262,Sabar Kantha,Talod,Boriya Becharaji,
4263,Sabar Kantha,Talod,Mahekal,
4264,Sabar Kantha,Modasa,Gadhada,
4265,Sabar Kantha,Modasa,Davli,
4266,Sabar Kantha,Modasa,Vantada (Bolundra),
4267,Sabar Kantha,Modasa,Padar,
4268,Sabar Kantha,Modasa,Bamanvad,
4269,Sabar Kantha,Modasa,Nandisan,
4270,Sabar Kantha,Modasa,Tintoi,
4271,Sabar Kantha,Modasa,Kudol,
4272,Sabar Kantha,Modasa,Umedpur (Dadhaliya),
4273,Sabar Kantha,Modasa,Jitpur (Dadhaliya),
4274,Sabar Kantha,Modasa,Math,
4275,Sabar Kantha,Modasa,Jivanpur,
4276,Sabar Kantha,Modasa,Futa,
4277,Sabar Kantha,Modasa,Umedpur (Bolundra),
4278,Sabar Kantha,Modasa,Bolundra,
4279,Sabar Kantha,Modasa,Sardoi,
4280,Sabar Kantha,Modasa,Lalpur (Sardoi),
4281,Sabar Kantha,Modasa,Rampur (Gadhada),
4282,Sabar Kantha,Modasa,Vanta,
4283,Sabar Kantha,Modasa,Shampur,
4284,Sabar Kantha,Modasa,Tintisar,
4285,Sabar Kantha,Modasa,Bhatkota,
4286,Sabar Kantha,Modasa,Madhupur,
4287,Sabar Kantha,Modasa,Rajli,
4288,Sabar Kantha,Modasa,Bhilkuva,
4289,Sabar Kantha,Modasa,Jambusar,
4290,Sabar Kantha,Modasa,Hathipura,
4291,Sabar Kantha,Modasa,Dadhaliya,
4292,Sabar Kantha,Modasa,Motipur,
4293,Sabar Kantha,Modasa,Surpur,
4294,Sabar Kantha,Modasa,Isrol (Moti),
4295,Sabar Kantha,Modasa,Isrol (Nani),
4296,Sabar Kantha,Modasa,Gokharva,
4297,Sabar Kantha,Modasa,Sajapur,
4298,Sabar Kantha,Modasa,Salampur,
4299,Sabar Kantha,Modasa,Khambhisar,
4300,Sabar Kantha,Modasa,Paliyapur,
4301,Sabar Kantha,Modasa,Bodi,
4302,Sabar Kantha,Modasa,Madasana,
4303,Sabar Kantha,Modasa,Medhasan,
4304,Sabar Kantha,Modasa,Mahadevgram,
4305,Sabar Kantha,Modasa,Malvan (Keshapur),
4306,Sabar Kantha,Modasa,Vaghediya,
4307,Sabar Kantha,Modasa,Jitpur (Mahadevgram),
4308,Sabar Kantha,Modasa,Charanvada,
4309,Sabar Kantha,Modasa,Varthu,
4310,Sabar Kantha,Modasa,Vaniyad,
4311,Sabar Kantha,Modasa,Modarsumba,
4312,Sabar Kantha,Modasa,Dholvani,
4313,Sabar Kantha,Modasa,Muloj,
4314,Sabar Kantha,Modasa,Rampur (Sinavad),
4315,Sabar Kantha,Modasa,Kokapur,
4316,Sabar Kantha,Modasa,Mora,
4317,Sabar Kantha,Modasa,Sayra,
4318,Sabar Kantha,Modasa,Gajan,
4319,Sabar Kantha,Modasa,Rakhiyal,
4320,Sabar Kantha,Modasa,Bhachadiya,
4321,Sabar Kantha,Modasa,Khumapur,
4322,Sabar Kantha,Modasa,Vantada (Medhasan),
4323,Sabar Kantha,Modasa,Dholiya (Nana - Mota),
4324,Sabar Kantha,Modasa,Lachchhai,
4325,Sabar Kantha,Modasa,Gadha,
4326,Sabar Kantha,Modasa,Moti Chichano,
4327,Sabar Kantha,Modasa,Nani Chichano,
4328,Sabar Kantha,Modasa,Limbhoi,
4329,Sabar Kantha,Modasa,Palanpur,
4330,Sabar Kantha,Modasa,Ganeshpur,
4331,Sabar Kantha,Modasa,Bajkot,
4332,Sabar Kantha,Modasa,Hafsabad,
4333,Sabar Kantha,Modasa,Munshivada,
4334,Sabar Kantha,Modasa,Sinavad,
4335,Sabar Kantha,Modasa,Vallavanta,
4336,Sabar Kantha,Modasa,Badodara,
4337,Sabar Kantha,Modasa,Sarurpur,
4338,Sabar Kantha,Modasa,Dolpur (Sinavad),
4339,Sabar Kantha,Modasa,Dariyapur,
4340,Sabar Kantha,Modasa,Volva,
4341,Sabar Kantha,Modasa,Khalikpur,
4342,Sabar Kantha,Modasa,Sabalpur,
4343,Sabar Kantha,Modasa,Rasulpur,
4344,Sabar Kantha,Modasa,Galsundra,
4345,Sabar Kantha,Modasa,Itadi,
4346,Sabar Kantha,Modasa,Jamana Chhapra,
4347,Sabar Kantha,Modasa,Nava Vadvasa,
4348,Sabar Kantha,Modasa,Juna Vadvasa,
4349,Sabar Kantha,Modasa,Dhankhrol,
4350,Sabar Kantha,Modasa,Kishorpura,
4351,Sabar Kantha,Modasa,Bayal,
4352,Sabar Kantha,Modasa,Khadoda,
4353,Sabar Kantha,Modasa,Dhunavada,
4354,Sabar Kantha,Modasa,Pahadpur,
4355,Sabar Kantha,Modasa,Sitpur,
4356,Sabar Kantha,Modasa,Dungarvada,
4357,Sabar Kantha,Modasa,Sakariya,
4358,Sabar Kantha,Modasa,Zhalodar,
4359,Sabar Kantha,Modasa,Fareri,
4360,Sabar Kantha,Modasa,Mathasuliya,
4361,Sabar Kantha,Modasa,Andapur,
4362,Sabar Kantha,Modasa,Bordi,
4363,Sabar Kantha,Modasa,Bherunda,
4364,Sabar Kantha,Modasa,Kolikhad,
4365,Sabar Kantha,Modasa,Garudi,
4366,Sabar Kantha,Modasa,Alampur,
4367,Sabar Kantha,Modasa,Kau,
4368,Sabar Kantha,Modasa,Amlai,
4369,Sabar Kantha,Dhansura,Ramos,
4370,Sabar Kantha,Dhansura,Amodara,
4371,Sabar Kantha,Dhansura,Jashvantpura,
4372,Sabar Kantha,Dhansura,Shinol,
4373,Sabar Kantha,Dhansura,Rahiyol,
4374,Sabar Kantha,Dhansura,Kolavada,
4375,Sabar Kantha,Dhansura,Rupan,
4376,Sabar Kantha,Dhansura,Ramana,
4377,Sabar Kantha,Dhansura,Malekpur,
4378,Sabar Kantha,Dhansura,Shika,
4379,Sabar Kantha,Dhansura,Antisara,
4380,Sabar Kantha,Dhansura,Bhensavada,
4381,Sabar Kantha,Dhansura,Dolpur (Vadagam),
4382,Sabar Kantha,Dhansura,Kanjodiya,
4383,Sabar Kantha,Dhansura,Lalpur (Shinol),
4384,Sabar Kantha,Dhansura,Kidi,
4385,Sabar Kantha,Dhansura,Kashipura,
4386,Sabar Kantha,Dhansura,Ambasar,
4387,Sabar Kantha,Dhansura,Rampur (Vadagam),
4388,Sabar Kantha,Dhansura,Kanal,
4389,Sabar Kantha,Dhansura,Jalampur,
4390,Sabar Kantha,Dhansura,Jamtha,
4391,Sabar Kantha,Dhansura,Butal,
4392,Sabar Kantha,Dhansura,Dhansura,
4393,Sabar Kantha,Dhansura,Bhotudev-no-Math,
4394,Sabar Kantha,Dhansura,Gadhada Kot,
4395,Sabar Kantha,Dhansura,Vantda Suka,
4396,Sabar Kantha,Dhansura,Karanpur,
4397,Sabar Kantha,Dhansura,Barnoli,
4398,Sabar Kantha,Dhansura,Sardi Sarkhandi,
4399,Sabar Kantha,Dhansura,Bilvaniya,
4400,Sabar Kantha,Dhansura,Dhamaniya,
4401,Sabar Kantha,Dhansura,Panchkuhada,
4402,Sabar Kantha,Dhansura,Borvai,
4403,Sabar Kantha,Dhansura,Nani Vav,
4404,Sabar Kantha,Dhansura,Vadagam,
4405,Sabar Kantha,Dhansura,Vakhatpur,
4406,Sabar Kantha,Dhansura,Lalino Math,
4407,Sabar Kantha,Dhansura,Navalpur,
4408,Sabar Kantha,Dhansura,Khilodiya,
4409,Sabar Kantha,Dhansura,Jitpur (Vadgam),
4410,Sabar Kantha,Dhansura,Rajpur (Vadagam),
4411,Sabar Kantha,Dhansura,Moti Vav,
4412,Sabar Kantha,Dhansura,Hirapur,
4413,Sabar Kantha,Dhansura,Karoli,
4414,Sabar Kantha,Dhansura,Chogamda,
4415,Sabar Kantha,Dhansura,Jashvantpura,
4416,Sabar Kantha,Dhansura,Kesharpura (Bilvaniya),
4417,Sabar Kantha,Dhansura,Khadol,
4418,Sabar Kantha,Dhansura,Sengiyani Rayan,
4419,Sabar Kantha,Dhansura,Motipura,
4420,Sabar Kantha,Dhansura,Simli,
4421,Sabar Kantha,Dhansura,Kheda,
4422,Sabar Kantha,Dhansura,Hirapur Kampo,
4423,Sabar Kantha,Dhansura,Akrund,
4424,Sabar Kantha,Dhansura,Galalni Muvadi,
4425,Sabar Kantha,Dhansura,Alva,
4426,Sabar Kantha,Dhansura,Nana,
4427,Sabar Kantha,Dhansura,Lalu,
4428,Sabar Kantha,Dhansura,Poyda,
4429,Sabar Kantha,Dhansura,Kamli,
4430,Sabar Kantha,Dhansura,Chhevadiya,
4431,Sabar Kantha,Dhansura,Gopalpura,
4432,Sabar Kantha,Dhansura,Rampura Kampo,
4433,Sabar Kantha,Dhansura,Haripura Kampo,
4434,Sabar Kantha,Dhansura,Khanpurni Muvadi,
4435,Sabar Kantha,Dhansura,Jalampura (Ambaliyara),
4436,Sabar Kantha,Dhansura,Kesharpura Kampo,
4437,Sabar Kantha,Dhansura,Udepur,
4438,Sabar Kantha,Dhansura,Patyo,
4439,Sabar Kantha,Dhansura,Amarpura,
4440,Sabar Kantha,Dhansura,Rampura,
4441,Sabar Kantha,Malpur,Dholeshvar,
4442,Sabar Kantha,Malpur,Nathavas,
4443,Sabar Kantha,Malpur,Velaniya,
4444,Sabar Kantha,Malpur,Godh,
4445,Sabar Kantha,Malpur,Dodiya,
4446,Sabar Kantha,Malpur,Rampur,
4447,Sabar Kantha,Malpur,Mevda,
4448,Sabar Kantha,Malpur,Jalampur,
4449,Sabar Kantha,Malpur,Manvav,
4450,Sabar Kantha,Malpur,Rinchhvad,
4451,Sabar Kantha,Malpur,Gajan,
4452,Sabar Kantha,Malpur,Odha,
4453,Sabar Kantha,Malpur,Agatiya,
4454,Sabar Kantha,Malpur,Bhuka Kutari,
4455,Sabar Kantha,Malpur,Kanela,
4456,Sabar Kantha,Malpur,Kasvada,
4457,Sabar Kantha,Malpur,Parsoda,
4458,Sabar Kantha,Malpur,Hamirpur,
4459,Sabar Kantha,Malpur,Nava Takhatpur,
4460,Sabar Kantha,Malpur,Chumfari,
4461,Sabar Kantha,Malpur,Tiski,
4462,Sabar Kantha,Malpur,Mathvas,
4463,Sabar Kantha,Malpur,Jesvadi,
4464,Sabar Kantha,Malpur,Gopalpur,
4465,Sabar Kantha,Malpur,Fagodiya,
4466,Sabar Kantha,Malpur,Nanavada,
4467,Sabar Kantha,Malpur,Navagam,
4468,Sabar Kantha,Malpur,Vavdibara,
4469,Sabar Kantha,Malpur,Piprana,
4470,Sabar Kantha,Malpur,Sonikpur,
4471,Sabar Kantha,Malpur,Medi Timba,
4472,Sabar Kantha,Malpur,Sompur,
4473,Sabar Kantha,Malpur,Mahiyapur,
4474,Sabar Kantha,Malpur,Surajpur,
4475,Sabar Kantha,Malpur,Satarda,
4476,Sabar Kantha,Malpur,Rasapur,
4477,Sabar Kantha,Malpur,Laljina Pahadiya,
4478,Sabar Kantha,Malpur,Vavdi,
4479,Sabar Kantha,Malpur,Juna Takhatpur,
4480,Sabar Kantha,Malpur,Bhempur,
4481,Sabar Kantha,Malpur,Maljina Pahadiya,
4482,Sabar Kantha,Malpur,Govindpur,
4483,Sabar Kantha,Malpur,Nava,
4484,Sabar Kantha,Malpur,Goriya,
4485,Sabar Kantha,Malpur,Dhirakhantna Muvada,
4486,Sabar Kantha,Malpur,Galiya Danti,
4487,Sabar Kantha,Malpur,Mangalpur,
4488,Sabar Kantha,Malpur,Sonariya,
4489,Sabar Kantha,Malpur,Jesingpur,
4490,Sabar Kantha,Malpur,Trikampur,
4491,Sabar Kantha,Malpur,Surana Pahadiya,
4492,Sabar Kantha,Malpur,Damorna Muvada,
4493,Sabar Kantha,Malpur,Molli,
4494,Sabar Kantha,Malpur,Parpotiya,
4495,Sabar Kantha,Malpur,Kothi,
4496,Sabar Kantha,Malpur,Aniyor,
4497,Sabar Kantha,Malpur,Kothiya,
4498,Sabar Kantha,Malpur,Valinathna Muvada,
4499,Sabar Kantha,Malpur,Viraniya,
4500,Sabar Kantha,Malpur,Koyaliya,
4501,Sabar Kantha,Malpur,Ambava,
4502,Sabar Kantha,Malpur,Rugnathpur,
4503,Sabar Kantha,Malpur,Panavada,
4504,Sabar Kantha,Malpur,Devdanti,
4505,Sabar Kantha,Malpur,Jitpur,
4506,Sabar Kantha,Malpur,Andhari Vadi,
4507,Sabar Kantha,Malpur,Masadara,
4508,Sabar Kantha,Malpur,Bamni,
4509,Sabar Kantha,Malpur,Ambaliya,
4510,Sabar Kantha,Malpur,Choriwad,
4511,Sabar Kantha,Malpur,Sardarkhantni Muvadi,
4512,Sabar Kantha,Malpur,Punjarani Muvadi,
4513,Sabar Kantha,Malpur,Kidiad,
4514,Sabar Kantha,Malpur,Boradiya,
4515,Sabar Kantha,Malpur,Harbaina Pahadiya,
4516,Sabar Kantha,Malpur,Lodhiyana Pahadiya,
4517,Sabar Kantha,Malpur,Pahadiya,
4518,Sabar Kantha,Malpur,Suvarchar,
4519,Sabar Kantha,Malpur,Vankaneda,
4520,Sabar Kantha,Malpur,Khalikpur,
4521,Sabar Kantha,Malpur,Hathikhantna Muvada,
4522,Sabar Kantha,Malpur,Pateliyana Muvada,
4523,Sabar Kantha,Malpur,Ubhran,
4524,Sabar Kantha,Malpur,Kaveriya,
4525,Sabar Kantha,Malpur,Tunadar,
4526,Sabar Kantha,Malpur,Sakhwaniya,
4527,Sabar Kantha,Malpur,Jalamkhantna Muvada,
4528,Sabar Kantha,Malpur,Bhempoda,
4529,Sabar Kantha,Malpur,Bhutan,
4530,Sabar Kantha,Malpur,Magodi,
4531,Sabar Kantha,Malpur,Fansarel,
4532,Sabar Kantha,Malpur,Butiya,
4533,Sabar Kantha,Malpur,Khetavada,
4534,Sabar Kantha,Malpur,Rambhoda,
4535,Sabar Kantha,Malpur,Lalpur,
4536,Sabar Kantha,Malpur,Dabaran,
4537,Sabar Kantha,Malpur,Ankaliya,
4538,Sabar Kantha,Malpur,Helodar,
4539,Sabar Kantha,Malpur,Katkuva,
4540,Sabar Kantha,Bayad,Limb,
4541,Sabar Kantha,Bayad,Mathasuliya,
4542,Sabar Kantha,Bayad,Chandarej,
4543,Sabar Kantha,Bayad,Vajepura Gam,
4544,Sabar Kantha,Bayad,Alana,
4545,Sabar Kantha,Bayad,Akodiya,
4546,Sabar Kantha,Bayad,Vatrakgadh,
4547,Sabar Kantha,Bayad,Ratanpur,
4548,Sabar Kantha,Bayad,Fatepur,
4549,Sabar Kantha,Bayad,Alva,
4550,Sabar Kantha,Bayad,Jitpur (Akodiya),
4551,Sabar Kantha,Bayad,Bibipura,
4552,Sabar Kantha,Bayad,Dahegamda,
4553,Sabar Kantha,Bayad,Ranechi,
4554,Sabar Kantha,Bayad,Simlaj,
4555,Sabar Kantha,Bayad,Lalpur (Mota),
4556,Sabar Kantha,Bayad,Hematral,
4557,Sabar Kantha,Bayad,Dolpur (Gabat),
4558,Sabar Kantha,Bayad,Jumatral,
4559,Sabar Kantha,Bayad,Nabhela,
4560,Sabar Kantha,Bayad,Prantvel,
4561,Sabar Kantha,Bayad,Gotapur,
4562,Sabar Kantha,Bayad,Gabat,
4563,Sabar Kantha,Bayad,Sarsoli,
4564,Sabar Kantha,Bayad,Radodara,
4565,Sabar Kantha,Bayad,Vantda Bayad,
4566,Sabar Kantha,Bayad,Takhatpura,
4567,Sabar Kantha,Bayad,Hamirpur,
4568,Sabar Kantha,Bayad,Chamarpur,
4569,Sabar Kantha,Bayad,Bhukhel,
4570,Sabar Kantha,Bayad,Rugnathpur (Bhukhel),
4571,Sabar Kantha,Bayad,Narmiyani Muvadi,
4572,Sabar Kantha,Bayad,Ramas,
4573,Sabar Kantha,Bayad,Ghodnal,
4574,Sabar Kantha,Bayad,Vajepura Kampo,
4575,Sabar Kantha,Bayad,Vasni,
4576,Sabar Kantha,Bayad,Untarda,
4577,Sabar Kantha,Bayad,Tenpur,
4578,Sabar Kantha,Bayad,Ambliyara,
4579,Sabar Kantha,Bayad,Jitpur,
4580,Sabar Kantha,Bayad,Jantral,
4581,Sabar Kantha,Bayad,Fatepur (Dabha),
4582,Sabar Kantha,Bayad,Amargadh,
4583,Sabar Kantha,Bayad,Vanta,
4584,Sabar Kantha,Bayad,Choila,
4585,Sabar Kantha,Bayad,Amrapur,
4586,Sabar Kantha,Bayad,Kotda,
4587,Sabar Kantha,Bayad,Ambagam,
4588,Sabar Kantha,Bayad,Kadavia,
4589,Sabar Kantha,Bayad,Vasadara,
4590,Sabar Kantha,Bayad,Netrodiya,
4591,Sabar Kantha,Bayad,Badarpura,
4592,Sabar Kantha,Bayad,Rupnagar,
4593,Sabar Kantha,Bayad,Dharamadi Vanta,
4594,Sabar Kantha,Bayad,Semaliya,
4595,Sabar Kantha,Bayad,Jitpur (Ramsi),
4596,Sabar Kantha,Bayad,Dalpatpura,
4597,Sabar Kantha,Bayad,Ahmadpura,
4598,Sabar Kantha,Bayad,Totu,
4599,Sabar Kantha,Bayad,Odha,
4600,Sabar Kantha,Bayad,Pipodara,
4601,Sabar Kantha,Bayad,Dakhaneshvar,
4602,Sabar Kantha,Bayad,Madhav Kampo,
4603,Sabar Kantha,Bayad,Varena Bor Timba,
4604,Sabar Kantha,Bayad,Gulabpura,
4605,Sabar Kantha,Bayad,Dolpur (Ramas),
4606,Sabar Kantha,Bayad,Lalpur,
4607,Sabar Kantha,Bayad,Rugnathpura,
4608,Sabar Kantha,Bayad,Junavada,
4609,Sabar Kantha,Bayad,Bhundasan,
4610,Sabar Kantha,Bayad,Deriya,
4611,Sabar Kantha,Bayad,Ganeshpura (Ambaliyara),
4612,Sabar Kantha,Bayad,Vankaneda,
4613,Sabar Kantha,Bayad,Sultanpur,
4614,Sabar Kantha,Bayad,Paldi,
4615,Sabar Kantha,Bayad,Amiyapur,
4616,Sabar Kantha,Bayad,Jodhpur,
4617,Sabar Kantha,Bayad,Dabha,
4618,Sabar Kantha,Bayad,Bhajpur,
4619,Sabar Kantha,Bayad,Manpur,
4620,Sabar Kantha,Bayad,Bibinivav,
4621,Sabar Kantha,Bayad,Vasnirel,
4622,Sabar Kantha,Bayad,Sangal,
4623,Sabar Kantha,Bayad,Bormath,
4624,Sabar Kantha,Bayad,Mahadevpura,
4625,Sabar Kantha,Bayad,Savela,
4626,Sabar Kantha,Bayad,Kojan,
4627,Sabar Kantha,Bayad,Ganeshpura (Sathamba),
4628,Sabar Kantha,Bayad,Ajabpura,
4629,Sabar Kantha,Bayad,Kalajina Muvada,
4630,Sabar Kantha,Bayad,Dolpur (Sathamba),
4631,Sabar Kantha,Bayad,Takhatpura (Sathamba),
4632,Sabar Kantha,Bayad,Pagiyana Muvada,
4633,Sabar Kantha,Bayad,Dhom,
4634,Sabar Kantha,Bayad,Jalampura (Sathamba),
4635,Sabar Kantha,Bayad,Champlavat,
4636,Sabar Kantha,Bayad,Patel-Na-Muvada,
4637,Sabar Kantha,Bayad,Vijayganj,
4638,Sabar Kantha,Bayad,Talod,
4639,Sabar Kantha,Bayad,Nagano Math,
4640,Sabar Kantha,Bayad,Lank,
4641,Sabar Kantha,Bayad,Demai,
4642,Sabar Kantha,Bayad,Vasna Mota,
4643,Sabar Kantha,Bayad,Chhabhau,
4644,Sabar Kantha,Bayad,Vantda-Kavath,
4645,Sabar Kantha,Bayad,Borol,
4646,Sabar Kantha,Bayad,Fata Dhirpura,
4647,Sabar Kantha,Bayad,Motipura (Savela),
4648,Sabar Kantha,Bayad,Bordi,
4649,Sabar Kantha,Bayad,Mudiya,
4650,Sabar Kantha,Bayad,Kashiyavat,
4651,Sabar Kantha,Bayad,Vajavat,
4652,Sabar Kantha,Bayad,Hathipura,
4653,Sabar Kantha,Bayad,Narsela,
4654,Sabar Kantha,Bayad,Khari,
4655,Sabar Kantha,Bayad,Indran,
4656,Sabar Kantha,Bayad,Amodara,
4657,Sabar Kantha,Bayad,Desaipura Kampo,
4658,Sabar Kantha,Bayad,Deroli,
4659,Sabar Kantha,Bayad,Munjina Muvada,
4660,Sabar Kantha,Bayad,Zankhariya,
4661,Gandhinagar,Kalol,Veda,
4662,Gandhinagar,Kalol,Himmatpura,
4663,Gandhinagar,Kalol,Jamla,
4664,Gandhinagar,Kalol,Vagosana,
4665,Gandhinagar,Kalol,Dhendhu,
4666,Gandhinagar,Kalol,Sobhasan,
4667,Gandhinagar,Kalol,Itla,
4668,Gandhinagar,Kalol,Limbodara,
4669,Gandhinagar,Kalol,Aluva,
4670,Gandhinagar,Kalol,Mubarakpura,
4671,Gandhinagar,Kalol,Balva,
4672,Gandhinagar,Kalol,(2) Rampura,
4673,Gandhinagar,Kalol,(1) Pratappura,
4674,Gandhinagar,Kalol,Chandisana,
4675,Gandhinagar,Kalol,Amaja,
4676,Gandhinagar,Kalol,Nadri,
4677,Gandhinagar,Kalol,Soja,
4678,Gandhinagar,Kalol,Paliyad,
4679,Gandhinagar,Kalol,Khorajdabhi,
4680,Gandhinagar,Kalol,Bhavpura,
4681,Gandhinagar,Kalol,Kantha,
4682,Gandhinagar,Kalol,Nava,
4683,Gandhinagar,Kalol,Golthara,
4684,Gandhinagar,Kalol,Nardipur,
4685,Gandhinagar,Kalol,Mokhasan,
4686,Gandhinagar,Kalol,Dingucha,
4687,Gandhinagar,Kalol,Pansar,
4688,Gandhinagar,Kalol,Bhadol,
4689,Gandhinagar,Kalol,Isand,
4690,Gandhinagar,Kalol,Vadavsvami,
4691,Gandhinagar,Kalol,Bileshvarpura,
4692,Gandhinagar,Kalol,Pratappura,
4693,Gandhinagar,Kalol,Piyaj,
4694,Gandhinagar,Kalol,Dhanaj,
4695,Gandhinagar,Kalol,Palsana,
4696,Gandhinagar,Kalol,Sherisa,
4697,Gandhinagar,Kalol,Ramnagar,
4698,Gandhinagar,Kalol,Vansajada,
4699,Gandhinagar,Kalol,Bhoyan Moti,
4700,Gandhinagar,Kalol,Sabaspur,
4701,Gandhinagar,Kalol,Usmanabad,
4702,Gandhinagar,Kalol,Ganpatpura,
4703,Gandhinagar,Kalol,Jaspur,
4704,Gandhinagar,Kalol,Dantali,
4705,Gandhinagar,Kalol,Vadsar,
4706,Gandhinagar,Kalol,Karoli,
4707,Gandhinagar,Kalol,Hajipur,
4708,Gandhinagar,Kalol,Bhimasan,
4709,Gandhinagar,Kalol,Jethlaj,
4710,Gandhinagar,Kalol,Khatraj,
4711,Gandhinagar,Kalol,Sanavad,
4712,Gandhinagar,Kalol,Santej,
4713,Gandhinagar,Kalol,Rakanpur,
4714,Gandhinagar,Kalol,Ranchhodpura,
4715,Gandhinagar,Kalol,Nasmed,
4716,Gandhinagar,Kalol,Adhana,
4717,Gandhinagar,Kalol,Mulasana,
4718,Gandhinagar,Kalol,Vayana,
4719,Gandhinagar,Kalol,Vansajada Dhedia,
4720,Gandhinagar,Kalol,Unali,
4721,Gandhinagar,Kalol,Rancharada,
4722,Gandhinagar,Kalol,Nandoli,
4723,Gandhinagar,Kalol,Dhamasna,
4724,Gandhinagar,Kalol,Palodiya,
4725,Gandhinagar,Mansa,Mandali (Vihar),
4726,Gandhinagar,Mansa,Vihar,
4727,Gandhinagar,Mansa,Chadasana,
4728,Gandhinagar,Mansa,Paldi Vyas,
4729,Gandhinagar,Mansa,Veda (Motopura),
4730,Gandhinagar,Mansa,Khadat,
4731,Gandhinagar,Mansa,Pundhara,
4732,Gandhinagar,Mansa,Ajol,
4733,Gandhinagar,Mansa,Delvada,
4734,Gandhinagar,Mansa,Paldi Rathod,
4735,Gandhinagar,Mansa,Bilodra,
4736,Gandhinagar,Mansa,Harnahoda,
4737,Gandhinagar,Mansa,Samou,
4738,Gandhinagar,Mansa,Padusma,
4739,Gandhinagar,Mansa,Charada,
4740,Gandhinagar,Mansa,Patanpura,
4741,Gandhinagar,Mansa,Mahudi,
4742,Gandhinagar,Mansa,Anodiya,
4743,Gandhinagar,Mansa,Lakroda,
4744,Gandhinagar,Mansa,Rangpur,
4745,Gandhinagar,Mansa,Kuvadara,
4746,Gandhinagar,Mansa,Lodra,
4747,Gandhinagar,Mansa,Ridrol,
4748,Gandhinagar,Mansa,Dhameda,
4749,Gandhinagar,Mansa,Bapupura,
4750,Gandhinagar,Mansa,Solaiya,
4751,Gandhinagar,Mansa,Amarpura,
4752,Gandhinagar,Mansa,Kharna,
4753,Gandhinagar,Mansa,Parsa,
4754,Gandhinagar,Mansa,Khata Amba,
4755,Gandhinagar,Mansa,Boru,
4756,Gandhinagar,Mansa,Itadara,
4757,Gandhinagar,Mansa,Fatehpura,
4758,Gandhinagar,Mansa,Galthara,
4759,Gandhinagar,Mansa,Badpura,
4760,Gandhinagar,Mansa,Varsoda,
4761,Gandhinagar,Mansa,Gunma,
4762,Gandhinagar,Mansa,Ambod,
4763,Gandhinagar,Mansa,Manekpur Makakhad,
4764,Gandhinagar,Mansa,Rampura (M),
4765,Gandhinagar,Mansa,Gulabpura,
4766,Gandhinagar,Mansa,Indrapura,
4767,Gandhinagar,Mansa,Parbatpura,
4768,Gandhinagar,Mansa,Bhimpura,
4769,Gandhinagar,Mansa,Dholakuva,
4770,Gandhinagar,Mansa,Rajpura,
4771,Gandhinagar,Mansa,Delvad,
4772,Gandhinagar,Mansa,Amarapur,
4773,Gandhinagar,Gandhinagar,Rupal,
4774,Gandhinagar,Gandhinagar,Vasan,
4775,Gandhinagar,Gandhinagar,Unava,
4776,Gandhinagar,Gandhinagar,Pindharada,
4777,Gandhinagar,Gandhinagar,Rajpur,
4778,Gandhinagar,Gandhinagar,Sadra,
4779,Gandhinagar,Gandhinagar,Madhavgadh,
4780,Gandhinagar,Gandhinagar,Chandrala,
4781,Gandhinagar,Gandhinagar,Chhala,
4782,Gandhinagar,Gandhinagar,Jakhora,
4783,Gandhinagar,Gandhinagar,Chekhalarani,
4784,Gandhinagar,Gandhinagar,Piplaj,
4785,Gandhinagar,Gandhinagar,Randheja,
4786,Gandhinagar,Gandhinagar,Sonipur,
4787,Gandhinagar,Gandhinagar,Sardhav,
4788,Gandhinagar,Gandhinagar,Jalund,
4789,Gandhinagar,Gandhinagar,Adraj Moti,
4790,Gandhinagar,Gandhinagar,Nava Dharmpur,
4791,Gandhinagar,Gandhinagar,Dolarana Vasana,
4792,Gandhinagar,Gandhinagar,Giyod,
4793,Gandhinagar,Gandhinagar,Dhanap,
4794,Gandhinagar,Gandhinagar,Dashela,
4795,Gandhinagar,Gandhinagar,Lekawada,
4796,Gandhinagar,Gandhinagar,Pundarasan,
4797,Gandhinagar,Gandhinagar,Titoda,
4798,Gandhinagar,Gandhinagar,Bhoyan Rathod,
4799,Gandhinagar,Gandhinagar,Alampur,
4800,Gandhinagar,Gandhinagar,Shiholi Moti,
4801,Gandhinagar,Gandhinagar,Mahudara,
4802,Gandhinagar,Gandhinagar,Isanpur Mota,
4803,Gandhinagar,Gandhinagar,Chiloda (Dabhoda),
4804,Gandhinagar,Gandhinagar,Dantali,
4805,Gandhinagar,Gandhinagar,Prantiya,
4806,Gandhinagar,Gandhinagar,Magodi,
4807,Gandhinagar,Gandhinagar,Vadodara,
4808,Gandhinagar,Gandhinagar,Dabhoda,
4809,Gandhinagar,Gandhinagar,Lavarpur,
4810,Gandhinagar,Gandhinagar,Shahpur,
4811,Gandhinagar,Gandhinagar,Khoraj,
4812,Gandhinagar,Gandhinagar,Ratanpur,
4813,Gandhinagar,Gandhinagar,Pirojpur,
4814,Gandhinagar,Gandhinagar,Vankanerda,
4815,Gandhinagar,Gandhinagar,Galudan,
4816,Gandhinagar,Gandhinagar,Sonarda,
4817,Gandhinagar,Gandhinagar,Vira Talavdi,
4818,Gandhinagar,Gandhinagar,Valad,
4819,Gandhinagar,Gandhinagar,Limbadia,
4820,Gandhinagar,Gandhinagar,Medra,
4821,Gandhinagar,Dehgam,Ottampur,
4822,Gandhinagar,Dehgam,Chekhlapagi,
4823,Gandhinagar,Dehgam,Babra,
4824,Gandhinagar,Dehgam,Udan,
4825,Gandhinagar,Dehgam,Patna Kuva,
4826,Gandhinagar,Dehgam,Kantharpur,
4827,Gandhinagar,Dehgam,Vasana Chaudhary,
4828,Gandhinagar,Dehgam,Halisa,
4829,Gandhinagar,Dehgam,Bilamana,
4830,Gandhinagar,Dehgam,Nana Jalundra,
4831,Gandhinagar,Dehgam,Navanagar,
4832,Gandhinagar,Dehgam,Bhadroda,
4833,Gandhinagar,Dehgam,Dod,
4834,Gandhinagar,Dehgam,Vadod,
4835,Gandhinagar,Dehgam,Machhang Nani ,
4836,Gandhinagar,Dehgam,Machhang Moti ,
4837,Gandhinagar,Dehgam,Mirjapur,
4838,Gandhinagar,Dehgam,Rakhiyal,
4839,Gandhinagar,Dehgam,Badpur,
4840,Gandhinagar,Dehgam,Dharisana,
4841,Gandhinagar,Dehgam,Vadvasa,
4842,Gandhinagar,Dehgam,Sanoda,
4843,Gandhinagar,Dehgam,Salki,
4844,Gandhinagar,Dehgam,Vardhana Muvada,
4845,Gandhinagar,Dehgam,Anguthala,
4846,Gandhinagar,Dehgam,Jaliyano Math,
4847,Gandhinagar,Dehgam,Sagdalpur,
4848,Gandhinagar,Dehgam,Sametri,
4849,Gandhinagar,Dehgam,Sahebji Na Muvada,
4850,Gandhinagar,Dehgam,Piplaj,
4851,Gandhinagar,Dehgam,Meghraj Na Muvada,
4852,Gandhinagar,Dehgam,Jindva,
4853,Gandhinagar,Dehgam,Kalyanji Na Muvada,
4854,Gandhinagar,Dehgam,Khanpur,
4855,Gandhinagar,Dehgam,Sampa,
4856,Gandhinagar,Dehgam,Ahamadpur,
4857,Gandhinagar,Dehgam,Nandol,
4858,Gandhinagar,Dehgam,Palaiya,
4859,Gandhinagar,Dehgam,Mosampur,
4860,Gandhinagar,Dehgam,Sujana Muvada,
4861,Gandhinagar,Dehgam,Velpura,
4862,Gandhinagar,Dehgam,Pahadiya,
4863,Gandhinagar,Dehgam,Lihoda,
4864,Gandhinagar,Dehgam,Antoli,
4865,Gandhinagar,Dehgam,Dumecha,
4866,Gandhinagar,Dehgam,Thadakuva,
4867,Gandhinagar,Dehgam,Khadiya,
4868,Gandhinagar,Dehgam,Mithana Muvada,
4869,Gandhinagar,Dehgam,Antroli,
4870,Gandhinagar,Dehgam,Lavad,
4871,Gandhinagar,Dehgam,Harakhjina Muvada,
4872,Gandhinagar,Dehgam,Shiyavada,
4873,Gandhinagar,Dehgam,Kadjodra,
4874,Gandhinagar,Dehgam,Najupura,
4875,Gandhinagar,Dehgam,Moti Pavthi,
4876,Gandhinagar,Dehgam,Sambela,
4877,Gandhinagar,Dehgam,Motipura,
4878,Gandhinagar,Dehgam,Mahudiya,
4879,Gandhinagar,Dehgam,Devkaran Na Muvada,
4880,Gandhinagar,Dehgam,Arajanjina Muvada,
4881,Gandhinagar,Dehgam,Vasna Sogthi,
4882,Gandhinagar,Dehgam,Chiskari,
4883,Gandhinagar,Dehgam,Palundra,
4884,Gandhinagar,Dehgam,Vasna Rathod,
4885,Gandhinagar,Dehgam,Jalundra Mota,
4886,Gandhinagar,Dehgam,Zak,
4887,Gandhinagar,Dehgam,Kadadara,
4888,Gandhinagar,Dehgam,Harsoli,
4889,Gandhinagar,Dehgam,Jivajini Muvadi,
4890,Gandhinagar,Dehgam,Vatva,
4891,Gandhinagar,Dehgam,Bardoli (Kothi),
4892,Gandhinagar,Dehgam,Amrajina Muvada,
4893,Gandhinagar,Dehgam,Hathijan,
4894,Gandhinagar,Dehgam,Isanpur Dodiya,
4895,Gandhinagar,Dehgam,Bariya,
4896,Gandhinagar,Dehgam,Bardoli (Bariya),
4897,Gandhinagar,Dehgam,Bahiyel,
4898,Gandhinagar,Dehgam,Krishnanagar,
4899,Gandhinagar,Dehgam,Ramnagar,
4900,Gandhinagar,Dehgam,Karoli,
4901,Gandhinagar,Dehgam,Kodrali,
4902,Gandhinagar,Dehgam,Ghamij,
4903,Gandhinagar,Dehgam,Kamalbandh Vasna,
4904,Gandhinagar,Dehgam,Hilol Vasna,
4905,Gandhinagar,Dehgam,Kanipur,
4906,Gandhinagar,Dehgam,Mirapur,
4907,Gandhinagar,Dehgam,Pallano Math,
4908,Gandhinagar,Dehgam,Pasuniya,
4909,Gandhinagar,Dehgam,Shiyapur,
4910,Gandhinagar,Dehgam,Hilol,
4911,Gandhinagar,Dehgam,Demaliya,
4912,Gandhinagar,Dehgam,Chamla,
4913,Ahmadabad,Mandal,Hansalpur Becharaji,
4914,Ahmadabad,Mandal,Sitapur,
4915,Ahmadabad,Mandal,Kachrol,
4916,Ahmadabad,Mandal,Zanzarava,
4917,Ahmadabad,Mandal,Sinaj,
4918,Ahmadabad,Mandal,Kanpura (Sinaj),
4919,Ahmadabad,Mandal,Anandpura,
4920,Ahmadabad,Mandal,Dadhana,
4921,Ahmadabad,Mandal,Vinchhan,
4922,Ahmadabad,Mandal,Jalisana,
4923,Ahmadabad,Mandal,Nayakpur,
4924,Ahmadabad,Mandal,Varmor,
4925,Ahmadabad,Mandal,Vinzuvada,
4926,Ahmadabad,Mandal,Vanpardi,
4927,Ahmadabad,Mandal,Dalod,
4928,Ahmadabad,Mandal,Kunpur,
4929,Ahmadabad,Mandal,Vasna Kunpur,
4930,Ahmadabad,Mandal,Vitthapur,
4931,Ahmadabad,Mandal,Ughroj,
4932,Ahmadabad,Mandal,Ughrojpura,
4933,Ahmadabad,Mandal,Ukardi,
4934,Ahmadabad,Mandal,Manpura,
4935,Ahmadabad,Mandal,Solgam,
4936,Ahmadabad,Mandal,Sadra,
4937,Ahmadabad,Mandal,Sher,
4938,Ahmadabad,Mandal,Mithapur,
4939,Ahmadabad,Mandal,Mandal,
4940,Ahmadabad,Mandal,Kadvasan,
4941,Ahmadabad,Mandal,Navagam,
4942,Ahmadabad,Mandal,Rakhiyana,
4943,Ahmadabad,Mandal,Dhedhasana,
4944,Ahmadabad,Mandal,Ribdi,
4945,Ahmadabad,Mandal,Karshanpura,
4946,Ahmadabad,Mandal,Endla,
4947,Ahmadabad,Mandal,Nana Ubhada,
4948,Ahmadabad,Mandal,Odaki,
4949,Ahmadabad,Mandal,Trent,
4950,Ahmadabad,Detroj-Rampura,Gunjala,
4951,Ahmadabad,Detroj-Rampura,Dabhsar,
4952,Ahmadabad,Detroj-Rampura,Rudatal,
4953,Ahmadabad,Detroj-Rampura,Bantai,
4954,Ahmadabad,Detroj-Rampura,Moti Rantai,
4955,Ahmadabad,Detroj-Rampura,Amarpura,
4956,Ahmadabad,Detroj-Rampura,Sunvala,
4957,Ahmadabad,Detroj-Rampura,Sujpura,
4958,Ahmadabad,Detroj-Rampura,Bhatariya,
4959,Ahmadabad,Detroj-Rampura,Telavi,
4960,Ahmadabad,Detroj-Rampura,Balsasan,
4961,Ahmadabad,Detroj-Rampura,Rajpura,
4962,Ahmadabad,Detroj-Rampura,Fatepura,
4963,Ahmadabad,Detroj-Rampura,Nani Rantai,
4964,Ahmadabad,Detroj-Rampura,Jethipura,
4965,Ahmadabad,Detroj-Rampura,Odhav,
4966,Ahmadabad,Detroj-Rampura,Odhav paru,
4967,Ahmadabad,Detroj-Rampura,Gamanpura,
4968,Ahmadabad,Detroj-Rampura,Nadishala,
4969,Ahmadabad,Detroj-Rampura,Abasna,
4970,Ahmadabad,Detroj-Rampura,Madrisana,
4971,Ahmadabad,Detroj-Rampura,Dangarva,
4972,Ahmadabad,Detroj-Rampura,Bamroli,
4973,Ahmadabad,Detroj-Rampura,Shobhasan,
4974,Ahmadabad,Detroj-Rampura,Bhonyni,
4975,Ahmadabad,Detroj-Rampura,Ghelda,
4976,Ahmadabad,Detroj-Rampura,Indrapura,
4977,Ahmadabad,Detroj-Rampura,Jaspura,
4978,Ahmadabad,Detroj-Rampura,Umedpura,
4979,Ahmadabad,Detroj-Rampura,Dekavada,
4980,Ahmadabad,Detroj-Rampura,Marusana,
4981,Ahmadabad,Detroj-Rampura,Ratanpura,
4982,Ahmadabad,Detroj-Rampura,Nathpura,
4983,Ahmadabad,Detroj-Rampura,Kukvav,
4984,Ahmadabad,Detroj-Rampura,Bhonynipura,
4985,Ahmadabad,Detroj-Rampura,Damodaripura,
4986,Ahmadabad,Detroj-Rampura,Hathipura,
4987,Ahmadabad,Detroj-Rampura,Sangpara,
4988,Ahmadabad,Detroj-Rampura,Detroj,
4989,Ahmadabad,Detroj-Rampura,Mota Karanpura,
4990,Ahmadabad,Detroj-Rampura,Nana Karanpura,
4991,Ahmadabad,Detroj-Rampura,Sadatpura,
4992,Ahmadabad,Detroj-Rampura,Bhagapura,
4993,Ahmadabad,Detroj-Rampura,Shihor,
4994,Ahmadabad,Detroj-Rampura,Chhaniyar,
4995,Ahmadabad,Detroj-Rampura,Kanz,
4996,Ahmadabad,Detroj-Rampura,Ghatisana,
4997,Ahmadabad,Detroj-Rampura,Kantrodi,
4998,Ahmadabad,Detroj-Rampura,Rampura,
4999,Ahmadabad,Detroj-Rampura,Bhankoda,
5000,Ahmadabad,Detroj-Rampura,Vasna (Chhaniyar),
5001,Ahmadabad,Detroj-Rampura,Aghar (Ashoknagar),
5002,Ahmadabad,Detroj-Rampura,Boska,
5003,Ahmadabad,Detroj-Rampura,Kointiya,
5004,Ahmadabad,Detroj-Rampura,Panar,
5005,Ahmadabad,Viramgam,Dalsana,
5006,Ahmadabad,Viramgam,Kanpura (Dalsana),
5007,Ahmadabad,Viramgam,Sabalpura,
5008,Ahmadabad,Viramgam,Chuninapura,
5009,Ahmadabad,Viramgam,Shivpura,
5010,Ahmadabad,Viramgam,Devpura,
5011,Ahmadabad,Viramgam,Bhavda,
5012,Ahmadabad,Viramgam,Kariyana,
5013,Ahmadabad,Viramgam,Chanothiya,
5014,Ahmadabad,Viramgam,Bhadana,
5015,Ahmadabad,Viramgam,Ukhalod,
5016,Ahmadabad,Viramgam,Dhakdi,
5017,Ahmadabad,Viramgam,Dediyasan,
5018,Ahmadabad,Viramgam,Kaliyana,
5019,Ahmadabad,Viramgam,Bhojva,
5020,Ahmadabad,Viramgam,Juna Padar,
5021,Ahmadabad,Viramgam,Jaksi,
5022,Ahmadabad,Viramgam,Nadiyana,
5023,Ahmadabad,Viramgam,Khudad,
5024,Ahmadabad,Viramgam,Kadipur,
5025,Ahmadabad,Viramgam,Melaj,
5026,Ahmadabad,Viramgam,Sarsavadi,
5027,Ahmadabad,Viramgam,Kokta,
5028,Ahmadabad,Viramgam,Nilki,
5029,Ahmadabad,Viramgam,Dumana,
5030,Ahmadabad,Viramgam,Goraiya,
5031,Ahmadabad,Viramgam,Vadgas,
5032,Ahmadabad,Viramgam,Thori Vadgas,
5033,Ahmadabad,Viramgam,Kankaravadi,
5034,Ahmadabad,Viramgam,Vani,
5035,Ahmadabad,Viramgam,Viramgam (Rural),
5036,Ahmadabad,Viramgam,Valana,
5037,Ahmadabad,Viramgam,Moti Kumad,
5038,Ahmadabad,Viramgam,Memadpura,
5039,Ahmadabad,Viramgam,Rangpur,
5040,Ahmadabad,Viramgam,Nani Kumad,
5041,Ahmadabad,Viramgam,Sokali,
5042,Ahmadabad,Viramgam,Hansalpur Sereshvar,
5043,Ahmadabad,Viramgam,Rahemalpur,
5044,Ahmadabad,Viramgam,Thori Mubarak,
5045,Ahmadabad,Viramgam,Karakathal,
5046,Ahmadabad,Viramgam,Jakhwada,
5047,Ahmadabad,Viramgam,Sachana,
5048,Ahmadabad,Viramgam,Kalyanpur (Shiyal),
5049,Ahmadabad,Viramgam,Ogan,
5050,Ahmadabad,Viramgam,Liya,
5051,Ahmadabad,Viramgam,Vasveliya,
5052,Ahmadabad,Viramgam,Thori Thambha,
5053,Ahmadabad,Viramgam,Khengariya,
5054,Ahmadabad,Viramgam,Limbad,
5055,Ahmadabad,Viramgam,Vanthal,
5056,Ahmadabad,Viramgam,Jalampura,
5057,Ahmadabad,Viramgam,Varsava,
5058,Ahmadabad,Viramgam,Vasan,
5059,Ahmadabad,Viramgam,Thuleta,
5060,Ahmadabad,Viramgam,Ghoda,
5061,Ahmadabad,Viramgam,Kamijla,
5062,Ahmadabad,Viramgam,Kumarkhan,
5063,Ahmadabad,Viramgam,Zezara,
5064,Ahmadabad,Viramgam,Asalgam,
5065,Ahmadabad,Viramgam,Jetapur,
5066,Ahmadabad,Viramgam,Nani Kishol,
5067,Ahmadabad,Viramgam,Karangadh,
5068,Ahmadabad,Viramgam,Rupavati,
5069,Ahmadabad,Viramgam,Shahpur,
5070,Ahmadabad,Viramgam,Kayla,
5071,Ahmadabad,Viramgam,Moti Kishol,
5072,Ahmadabad,Viramgam,Vekariya,
5073,Ahmadabad,Sanand,Virochannagar,
5074,Ahmadabad,Sanand,Dodar,
5075,Ahmadabad,Sanand,Naranpura,
5076,Ahmadabad,Sanand,Iyava,
5077,Ahmadabad,Sanand,Rampura,
5078,Ahmadabad,Sanand,Anadej,
5079,Ahmadabad,Sanand,Bhavanpur,
5080,Ahmadabad,Sanand,Chekhla,
5081,Ahmadabad,Sanand,Garodiya,
5082,Ahmadabad,Sanand,Vasna Iyava,
5083,Ahmadabad,Sanand,Khoda,
5084,Ahmadabad,Sanand,Chharodi,
5085,Ahmadabad,Sanand,Khoraj,
5086,Ahmadabad,Sanand,Zolapur,
5087,Ahmadabad,Sanand,Shiyawada,
5088,Ahmadabad,Sanand,Kalana,
5089,Ahmadabad,Sanand,Bol,
5090,Ahmadabad,Sanand,Rupavati,
5091,Ahmadabad,Sanand,Vasodara,
5092,Ahmadabad,Sanand,Goraj,
5093,Ahmadabad,Sanand,Kunvar,
5094,Ahmadabad,Sanand,Hirapur,
5095,Ahmadabad,Sanand,Charal,
5096,Ahmadabad,Sanand,Bakrana,
5097,Ahmadabad,Sanand,Daduka,
5098,Ahmadabad,Sanand,Melasana,
5099,Ahmadabad,Sanand,Makhiyav,
5100,Ahmadabad,Sanand,Vinchhiya,
5101,Ahmadabad,Sanand,Kodaliya,
5102,Ahmadabad,Sanand,Fangdi,
5103,Ahmadabad,Sanand,Lekhamba,
5104,Ahmadabad,Sanand,Soyla,
5105,Ahmadabad,Sanand,Kolat,
5106,Ahmadabad,Sanand,Moti Devti,
5107,Ahmadabad,Sanand,Pipan,
5108,Ahmadabad,Sanand,Nani Devti,
5109,Ahmadabad,Sanand,Khicha,
5110,Ahmadabad,Sanand,Modasar,
5111,Ahmadabad,Sanand,Juda,
5112,Ahmadabad,Sanand,Mankol,
5113,Ahmadabad,Sanand,Kundal,
5114,Ahmadabad,Sanand,Rethal,
5115,Ahmadabad,Sanand,Govinda,
5116,Ahmadabad,Sanand,Upardal,
5117,Ahmadabad,Sanand,Vanaliya,
5118,Ahmadabad,Sanand,Aniyali,
5119,Ahmadabad,Sanand,Zamp,
5120,Ahmadabad,Sanand,Juwal,
5121,Ahmadabad,Sanand,Daran,
5122,Ahmadabad,Sanand,Lodariyal,
5123,Ahmadabad,Sanand,Palwada,
5124,Ahmadabad,Sanand,Tajpur,
5125,Ahmadabad,Daskroi,Lapkaman,
5126,Ahmadabad,Daskroi,Lilapur,
5127,Ahmadabad,Daskroi,Khodiyar,
5128,Ahmadabad,Daskroi,Muthiya,
5129,Ahmadabad,Daskroi,Pardhol,
5130,Ahmadabad,Daskroi,Vahelal,
5131,Ahmadabad,Daskroi,Huka,
5132,Ahmadabad,Daskroi,Navarangpura,
5133,Ahmadabad,Daskroi,Zanu,
5134,Ahmadabad,Daskroi,Lalpur,
5135,Ahmadabad,Daskroi,Bharkunda,
5136,Ahmadabad,Daskroi,Pasunj,
5137,Ahmadabad,Daskroi,Kubadthal,
5138,Ahmadabad,Daskroi,Bhuvaldi,
5139,Ahmadabad,Daskroi,Kuha,
5140,Ahmadabad,Daskroi,Chandial,
5141,Ahmadabad,Daskroi,Kaniyel,
5142,Ahmadabad,Daskroi,Vadod,
5143,Ahmadabad,Daskroi,Bhavda,
5144,Ahmadabad,Daskroi,Bakrol Bujrang,
5145,Ahmadabad,Daskroi,Gatrad,
5146,Ahmadabad,Daskroi,Memadpur,
5147,Ahmadabad,Daskroi,Bibipur,
5148,Ahmadabad,Daskroi,Geratnagar,
5149,Ahmadabad,Daskroi,Vanch,
5150,Ahmadabad,Daskroi,Dhamatvan,
5151,Ahmadabad,Daskroi,Harnivav,
5152,Ahmadabad,Daskroi,Undrel,
5153,Ahmadabad,Daskroi,Ranodara,
5154,Ahmadabad,Daskroi,Govindada,
5155,Ahmadabad,Daskroi,Chavlaj,
5156,Ahmadabad,Daskroi,Bhuval,
5157,Ahmadabad,Daskroi,Hirapur,
5158,Ahmadabad,Daskroi,Badodara,
5159,Ahmadabad,Daskroi,Geratpur,
5160,Ahmadabad,Daskroi,Ropda,
5161,Ahmadabad,Daskroi,Hathijan,
5162,Ahmadabad,Daskroi,Aslali,
5163,Ahmadabad,Daskroi,Visalpur,
5164,Ahmadabad,Daskroi,Paldi Kankaj,
5165,Ahmadabad,Daskroi,Ode,
5166,Ahmadabad,Daskroi,Gamdi,
5167,Ahmadabad,Daskroi,Devdi,
5168,Ahmadabad,Daskroi,Istolabad,
5169,Ahmadabad,Daskroi,Barejadi,
5170,Ahmadabad,Daskroi,Chosar,
5171,Ahmadabad,Daskroi,Jetalpur,
5172,Ahmadabad,Daskroi,Giramtha,
5173,Ahmadabad,Daskroi,Miroli,
5174,Ahmadabad,Daskroi,Kasindra,
5175,Ahmadabad,Daskroi,Bhat,
5176,Ahmadabad,Daskroi,Navapura,
5177,Ahmadabad,Daskroi,Timba,
5178,Ahmadabad,Daskroi,Mahijda,
5179,Ahmadabad,Daskroi,Vasai,
5180,Ahmadabad,Daskroi,Naz,
5181,Ahmadabad,Dholka,Badarkha,
5182,Ahmadabad,Dholka,Saroda,
5183,Ahmadabad,Dholka,Chandisar,
5184,Ahmadabad,Dholka,Vasna Keliya,
5185,Ahmadabad,Dholka,Chaloda,
5186,Ahmadabad,Dholka,Shekhdi,
5187,Ahmadabad,Dholka,Sindhraj,
5188,Ahmadabad,Dholka,Ranoda,
5189,Ahmadabad,Dholka,Jalalpur Vazifa,
5190,Ahmadabad,Dholka,Rajpur,
5191,Ahmadabad,Dholka,Ambaliyara,
5192,Ahmadabad,Dholka,Sathal,
5193,Ahmadabad,Dholka,Lana,
5194,Ahmadabad,Dholka,Shiyawada,
5195,Ahmadabad,Dholka,Kalyanpur,
5196,Ahmadabad,Dholka,Valthera,
5197,Ahmadabad,Dholka,Jalalpur Godhaneshvar,
5198,Ahmadabad,Dholka,Khanpur,
5199,Ahmadabad,Dholka,Mujpur,
5200,Ahmadabad,Dholka,Dholka (Rural),
5201,Ahmadabad,Dholka,Rampur,
5202,Ahmadabad,Dholka,Khatripur,
5203,Ahmadabad,Dholka,Sahij,
5204,Ahmadabad,Dholka,Ambethi,
5205,Ahmadabad,Dholka,Transad,
5206,Ahmadabad,Dholka,Bhetawada,
5207,Ahmadabad,Dholka,Nesda,
5208,Ahmadabad,Dholka,Dadusar,
5209,Ahmadabad,Dholka,Sarandi,
5210,Ahmadabad,Dholka,Begva,
5211,Ahmadabad,Dholka,Kariyana,
5212,Ahmadabad,Dholka,Kadipur,
5213,Ahmadabad,Dholka,Ambareli,
5214,Ahmadabad,Dholka,Paldi,
5215,Ahmadabad,Dholka,Pisawada,
5216,Ahmadabad,Dholka,Andhari,
5217,Ahmadabad,Dholka,Virpur,
5218,Ahmadabad,Dholka,Vautha,
5219,Ahmadabad,Dholka,Girand,
5220,Ahmadabad,Dholka,Virdi,
5221,Ahmadabad,Dholka,Ingoli,
5222,Ahmadabad,Dholka,Kauka,
5223,Ahmadabad,Dholka,Kaliyapura,
5224,Ahmadabad,Dholka,Kharanti,
5225,Ahmadabad,Dholka,Koth,
5226,Ahmadabad,Dholka,Rupgadh,
5227,Ahmadabad,Dholka,Simej,
5228,Ahmadabad,Dholka,Ganesar,
5229,Ahmadabad,Dholka,Ganol,
5230,Ahmadabad,Dholka,Raypur,
5231,Ahmadabad,Dholka,Dholi,
5232,Ahmadabad,Dholka,Kesargadh,
5233,Ahmadabad,Dholka,Arnej,
5234,Ahmadabad,Dholka,Bhurkhi,
5235,Ahmadabad,Dholka,Gundi,
5236,Ahmadabad,Dholka,Javaraj,
5237,Ahmadabad,Dholka,Vejalka,
5238,Ahmadabad,Dholka,Bhumli,
5239,Ahmadabad,Dholka,Vataman,
5240,Ahmadabad,Dholka,Rampura,
5241,Ahmadabad,Dholka,Anandpura,
5242,Ahmadabad,Dholka,Varna,
5243,Ahmadabad,Dholka,Jakhda,
5244,Ahmadabad,Dholka,Nani Boru,
5245,Ahmadabad,Dholka,Saragvala,
5246,Ahmadabad,Dholka,Uteliya,
5247,Ahmadabad,Dholka,Loliya,
5248,Ahmadabad,Dholka,Samani,
5249,Ahmadabad,Dholka,Bholad,
5250,Ahmadabad,Dholka,Moti Boru,
5251,Ahmadabad,Bavla,Vasna Nanodara,
5252,Ahmadabad,Bavla,Nanodara,
5253,Ahmadabad,Bavla,Kavla,
5254,Ahmadabad,Bavla,Sankod,
5255,Ahmadabad,Bavla,Vasna Dhedhal,
5256,Ahmadabad,Bavla,Dhedhal,
5257,Ahmadabad,Bavla,Kavitha,
5258,Ahmadabad,Bavla,Adroda,
5259,Ahmadabad,Bavla,Hasannagar,
5260,Ahmadabad,Bavla,Chhabasar,
5261,Ahmadabad,Bavla,Baldana,
5262,Ahmadabad,Bavla,Metal,
5263,Ahmadabad,Bavla,Devdholera,
5264,Ahmadabad,Bavla,Devadthal,
5265,Ahmadabad,Bavla,Durgi,
5266,Ahmadabad,Bavla,Meni,
5267,Ahmadabad,Bavla,Dumali,
5268,Ahmadabad,Bavla,Kesaradi,
5269,Ahmadabad,Bavla,Lagdana,
5270,Ahmadabad,Bavla,Dahegamda,
5271,Ahmadabad,Bavla,Ranesar,
5272,Ahmadabad,Bavla,Amipura,
5273,Ahmadabad,Bavla,Kochariya,
5274,Ahmadabad,Bavla,Rupal,
5275,Ahmadabad,Bavla,Saljada,
5276,Ahmadabad,Bavla,Juval Rupavati,
5277,Ahmadabad,Bavla,Zekda,
5278,Ahmadabad,Bavla,Kerala,
5279,Ahmadabad,Bavla,Chiyada,
5280,Ahmadabad,Bavla,Sakodara,
5281,Ahmadabad,Bavla,Dhanwada,
5282,Ahmadabad,Bavla,Bhayla,
5283,Ahmadabad,Bavla,Kalyangadh,
5284,Ahmadabad,Bavla,Bhamsara,
5285,Ahmadabad,Bavla,Kanotar,
5286,Ahmadabad,Bavla,Shiyal,
5287,Ahmadabad,Bavla,Sarala,
5288,Ahmadabad,Bavla,Gangad,
5289,Ahmadabad,Bavla,Rohika,
5290,Ahmadabad,Bavla,Bagodara,
5291,Ahmadabad,Bavla,Kaliveji,
5292,Ahmadabad,Bavla,Mithapur,
5293,Ahmadabad,Bavla,Gundanapara,
5294,Ahmadabad,Bavla,Memar,
5295,Ahmadabad,Bavla,Dhingda,
5296,Ahmadabad,Ranpur,Dharpipla,
5297,Ahmadabad,Ranpur,Keriya,
5298,Ahmadabad,Ranpur,Aniyali Kasbati,
5299,Ahmadabad,Ranpur,Devaliya,
5300,Ahmadabad,Ranpur,Patna,
5301,Ahmadabad,Ranpur,Baraniya,
5302,Ahmadabad,Ranpur,Bodiya,
5303,Ahmadabad,Ranpur,Kinara,
5304,Ahmadabad,Ranpur,Sanganpur,
5305,Ahmadabad,Ranpur,Gadhiya,
5306,Ahmadabad,Ranpur,Derdi,
5307,Ahmadabad,Ranpur,Umrala,
5308,Ahmadabad,Ranpur,Alampur,
5309,Ahmadabad,Ranpur,Rajpara,
5310,Ahmadabad,Ranpur,Khokharnesh,
5311,Ahmadabad,Ranpur,Hadmatala,
5312,Ahmadabad,Ranpur,Malanpur,
5313,Ahmadabad,Ranpur,Devgana,
5314,Ahmadabad,Ranpur,Sundariyana,
5315,Ahmadabad,Ranpur,Moti Vavdi,
5316,Ahmadabad,Ranpur,Nani Vavdi,
5317,Ahmadabad,Ranpur,Bubavav,
5318,Ahmadabad,Ranpur,Panvi,
5319,Ahmadabad,Ranpur,Kundli,
5320,Ahmadabad,Ranpur,Aniyali Kathi,
5321,Ahmadabad,Ranpur,Alau,
5322,Ahmadabad,Ranpur,Khas,
5323,Ahmadabad,Ranpur,Bagad,
5324,Ahmadabad,Ranpur,Jalila,
5325,Ahmadabad,Ranpur,Vejalka,
5326,Ahmadabad,Ranpur,Charanki,
5327,Ahmadabad,Ranpur,Godhawata,
5328,Ahmadabad,Ranpur,Gunda,
5329,Ahmadabad,Barwala,Khadsaliya,
5330,Ahmadabad,Barwala,Jharvaliya,
5331,Ahmadabad,Barwala,Polarpur,
5332,Ahmadabad,Barwala,Chokdi,
5333,Ahmadabad,Barwala,Nabhoi,
5334,Ahmadabad,Barwala,Sodhi,
5335,Ahmadabad,Barwala,Pipariya,
5336,Ahmadabad,Barwala,Ankevaliya,
5337,Ahmadabad,Barwala,Shahpur,
5338,Ahmadabad,Barwala,Rojid,
5339,Ahmadabad,Barwala,Ranpari,
5340,Ahmadabad,Barwala,Vahiya,
5341,Ahmadabad,Barwala,Chachariya,
5342,Ahmadabad,Barwala,Refda,
5343,Ahmadabad,Barwala,Salangpur,
5344,Ahmadabad,Barwala,Khambhada,
5345,Ahmadabad,Barwala,Bela,
5346,Ahmadabad,Barwala,Timbla,
5347,Ahmadabad,Barwala,Kundal,
5348,Ahmadabad,Barwala,Rampura,
5349,Ahmadabad,Barwala,Khamidana,
5350,Ahmadabad,Barwala,Kapadiyali,
5351,Ahmadabad,Barwala,Dhadhodar,
5352,Ahmadabad,Barwala,Vadhela,
5353,Ahmadabad,Barwala,Navda,
5354,Ahmadabad,Barwala,Sangasar,
5355,Ahmadabad,Barwala,Hebatpur,
5356,Ahmadabad,Dhandhuka,Mota Tradiya,
5357,Ahmadabad,Dhandhuka,Nana Tradiya,
5358,Ahmadabad,Dhandhuka,Bajarda,
5359,Ahmadabad,Dhandhuka,Zanzarka,
5360,Ahmadabad,Dhandhuka,Sarwal,
5361,Ahmadabad,Dhandhuka,Adval,
5362,Ahmadabad,Dhandhuka,Fedra,
5363,Ahmadabad,Dhandhuka,Dhanala,
5364,Ahmadabad,Dhandhuka,Kamiyala,
5365,Ahmadabad,Dhandhuka,Anandpur,
5366,Ahmadabad,Dhandhuka,Buranpur,
5367,Ahmadabad,Dhandhuka,Navagam,
5368,Ahmadabad,Dhandhuka,Pipli,
5369,Ahmadabad,Dhandhuka,Pachchham,
5370,Ahmadabad,Dhandhuka,Ratanpur,
5371,Ahmadabad,Dhandhuka,Fattepur,
5372,Ahmadabad,Dhandhuka,Khadol,
5373,Ahmadabad,Dhandhuka,Haripura,
5374,Ahmadabad,Dhandhuka,Rayka,
5375,Ahmadabad,Dhandhuka,Jaliya,
5376,Ahmadabad,Dhandhuka,Chharodiya,
5377,Ahmadabad,Dhandhuka,Vasana,
5378,Ahmadabad,Dhandhuka,Chhasiyana,
5379,Ahmadabad,Dhandhuka,Galsana,
5380,Ahmadabad,Dhandhuka,Vagad,
5381,Ahmadabad,Dhandhuka,Morasiya,
5382,Ahmadabad,Dhandhuka,Gunjar,
5383,Ahmadabad,Dhandhuka,Kotda,
5384,Ahmadabad,Dhandhuka,Khasta,
5385,Ahmadabad,Dhandhuka,Gamph,
5386,Ahmadabad,Dhandhuka,Valinda,
5387,Ahmadabad,Dhandhuka,Kamatalav,
5388,Ahmadabad,Dhandhuka,Ambli,
5389,Ahmadabad,Dhandhuka,Shela,
5390,Ahmadabad,Dhandhuka,Kasindra,
5391,Ahmadabad,Dhandhuka,Umargadh,
5392,Ahmadabad,Dhandhuka,Rojka,
5393,Ahmadabad,Dhandhuka,Kothadiya,
5394,Ahmadabad,Dhandhuka,Padana,
5395,Ahmadabad,Dhandhuka,Jaska,
5396,Ahmadabad,Dhandhuka,Aniyali Bhimji,
5397,Ahmadabad,Dhandhuka,Salasar,
5398,Ahmadabad,Dhandhuka,Chandarva,
5399,Ahmadabad,Dhandhuka,Unchdi,
5400,Ahmadabad,Dhandhuka,Pipal,
5401,Ahmadabad,Dhandhuka,Tagadi,
5402,Ahmadabad,Dhandhuka,Parabdi,
5403,Ahmadabad,Dhandhuka,Bhalgamda,
5404,Ahmadabad,Dhandhuka,Zinzar,
5405,Ahmadabad,Dhandhuka,Akru,
5406,Ahmadabad,Dhandhuka,Kharad,
5407,Ahmadabad,Dhandhuka,Cher,
5408,Ahmadabad,Dhandhuka,Gorasu,
5409,Ahmadabad,Dhandhuka,Bhadiyad,
5410,Ahmadabad,Dhandhuka,Kadipur,
5411,Ahmadabad,Dhandhuka,Gogla,
5412,Ahmadabad,Dhandhuka,Khun,
5413,Ahmadabad,Dhandhuka,Bhimtalav,
5414,Ahmadabad,Dhandhuka,Dholera,
5415,Ahmadabad,Dhandhuka,Otariya,
5416,Ahmadabad,Dhandhuka,Sandhida,
5417,Ahmadabad,Dhandhuka,Mundi,
5418,Ahmadabad,Dhandhuka,Rahtalav,
5419,Ahmadabad,Dhandhuka,Mahadevpura,
5420,Ahmadabad,Dhandhuka,Panchi,
5421,Ahmadabad,Dhandhuka,Bhangadh,
5422,Ahmadabad,Dhandhuka,Mingalpur,
5423,Ahmadabad,Dhandhuka,Zankhi,
5424,Ahmadabad,Dhandhuka,Bavliyari,
5425,Surendranagar,Halvad,Nava Ghatila,
5426,Surendranagar,Halvad,Tikar,
5427,Surendranagar,Halvad,Mangadh,
5428,Surendranagar,Halvad,Ajitgadh,
5429,Surendranagar,Halvad,Khod,
5430,Surendranagar,Halvad,Jogad,
5431,Surendranagar,Halvad,Enjar,
5432,Surendranagar,Halvad,Malaniyad,
5433,Surendranagar,Halvad,Kidi,
5434,Surendranagar,Halvad,Ingorala,
5435,Surendranagar,Halvad,Mayapur,
5436,Surendranagar,Halvad,Miyani,
5437,Surendranagar,Halvad,Chadadhra,
5438,Surendranagar,Halvad,Dhulkot,
5439,Surendranagar,Halvad,Survadar,
5440,Surendranagar,Halvad,Pratapagadh,
5441,Surendranagar,Halvad,Mayurnagar,
5442,Surendranagar,Halvad,Raysangpar,
5443,Surendranagar,Halvad,Nava Ghanshyamgadh,
5444,Surendranagar,Halvad,Juna Amrapar,
5445,Surendranagar,Halvad,Nava Amrapar,
5446,Surendranagar,Halvad,Isanpur,
5447,Surendranagar,Halvad,Ghanad,
5448,Surendranagar,Halvad,Ranmalpur,
5449,Surendranagar,Halvad,Mangalpur,
5450,Surendranagar,Halvad,Butvada,
5451,Surendranagar,Halvad,Vegadvav,
5452,Surendranagar,Halvad,Ranjitgadh,
5453,Surendranagar,Halvad,Kedariya,
5454,Surendranagar,Halvad,Dhanala,
5455,Surendranagar,Halvad,Juna Devaliya,
5456,Surendranagar,Halvad,Nava Devaliya,
5457,Surendranagar,Halvad,Susvav,
5458,Surendranagar,Halvad,Shiroi,
5459,Surendranagar,Halvad,Mansar,
5460,Surendranagar,Halvad,Ranekpar,
5461,Surendranagar,Halvad,Sukhpar,
5462,Surendranagar,Halvad,Chandragadh,
5463,Surendranagar,Halvad,Kavadiya,
5464,Surendranagar,Halvad,Koyba,
5465,Surendranagar,Halvad,Ghanshyampur,
5466,Surendranagar,Halvad,Merupar,
5467,Surendranagar,Halvad,Sundargadh,
5468,Surendranagar,Halvad,Kadiyana,
5469,Surendranagar,Halvad,Devipur,
5470,Surendranagar,Halvad,Charadva,
5471,Surendranagar,Halvad,Samli,
5472,Surendranagar,Halvad,Raydhra,
5473,Surendranagar,Halvad,Ranchhodgadh,
5474,Surendranagar,Halvad,Sarambhada,
5475,Surendranagar,Halvad,Pandatirath,
5476,Surendranagar,Halvad,Golasan,
5477,Surendranagar,Halvad,Bhalgamda,
5478,Surendranagar,Halvad,Dhavana,
5479,Surendranagar,Halvad,Sapkada,
5480,Surendranagar,Halvad,Dighadiya,
5481,Surendranagar,Halvad,Palasan,
5482,Surendranagar,Halvad,Sundari,
5483,Surendranagar,Halvad,Mathak,
5484,Surendranagar,Halvad,Vankiya,
5485,Surendranagar,Halvad,Ratabhe,
5486,Surendranagar,Halvad,Dungarpur,
5487,Surendranagar,Halvad,Shivpur,
5488,Surendranagar,Halvad,Manekwada,
5489,Surendranagar,Halvad,Chumpani,
5490,Surendranagar,Halvad,Khetardi,
5491,Surendranagar,Halvad,Chitrodi,
5492,Surendranagar,Dhrangadhra,Koparani,
5493,Surendranagar,Dhrangadhra,Kuda,
5494,Surendranagar,Dhrangadhra,Nimaknagar,
5495,Surendranagar,Dhrangadhra,Narali,
5496,Surendranagar,Dhrangadhra,Jesada,
5497,Surendranagar,Dhrangadhra,Thala,
5498,Surendranagar,Dhrangadhra,Sultanpur,
5499,Surendranagar,Dhrangadhra,Bharada,
5500,Surendranagar,Dhrangadhra,Malvan,
5501,Surendranagar,Dhrangadhra,Sajjanpur,
5502,Surendranagar,Dhrangadhra,Virendragadh,
5503,Surendranagar,Dhrangadhra,Satapar,
5504,Surendranagar,Dhrangadhra,Juna Ghanshyamgadh,
5505,Surendranagar,Dhrangadhra,Jasmatpur,
5506,Surendranagar,Dhrangadhra,Vaghgadh,
5507,Surendranagar,Dhrangadhra,Kankavati,
5508,Surendranagar,Dhrangadhra,Gopalgadh,
5509,Surendranagar,Dhrangadhra,Pipala,
5510,Surendranagar,Dhrangadhra,Baisabgadh,
5511,Surendranagar,Dhrangadhra,Rajpar,
5512,Surendranagar,Dhrangadhra,Isadra,
5513,Surendranagar,Dhrangadhra,Vavdi,
5514,Surendranagar,Dhrangadhra,Vasadva,
5515,Surendranagar,Dhrangadhra,Dhrumath,
5516,Surendranagar,Dhrangadhra,Manpur,
5517,Surendranagar,Dhrangadhra,Dudapur,
5518,Surendranagar,Dhrangadhra,Gala,
5519,Surendranagar,Dhrangadhra,Rajgadh,
5520,Surendranagar,Dhrangadhra,Haripur,
5521,Surendranagar,Dhrangadhra,Soladi,
5522,Surendranagar,Dhrangadhra,Chuli,
5523,Surendranagar,Dhrangadhra,Jiva,
5524,Surendranagar,Dhrangadhra,Bavali,
5525,Surendranagar,Dhrangadhra,Jasapar,
5526,Surendranagar,Dhrangadhra,Vrajpar,
5527,Surendranagar,Dhrangadhra,Jegadva,
5528,Surendranagar,Dhrangadhra,Ramgadh,
5529,Surendranagar,Dhrangadhra,Hirapur,
5530,Surendranagar,Dhrangadhra,Methan,
5531,Surendranagar,Dhrangadhra,Sarval,
5532,Surendranagar,Dhrangadhra,Sokhada,
5533,Surendranagar,Dhrangadhra,Rajcharadi,
5534,Surendranagar,Dhrangadhra,Hampar,
5535,Surendranagar,Dhrangadhra,Navalgadh,
5536,Surendranagar,Dhrangadhra,Bhechada,
5537,Surendranagar,Dhrangadhra,Gajanvav,
5538,Surendranagar,Dhrangadhra,Kondh,
5539,Surendranagar,Dhrangadhra,Ratanpar,
5540,Surendranagar,Dhrangadhra,Rampara,
5541,Surendranagar,Dhrangadhra,Raygadh,
5542,Surendranagar,Dhrangadhra,Ravaliyavadar,
5543,Surendranagar,Dhrangadhra,Narichana,
5544,Surendranagar,Dhrangadhra,Mota Ankevaliya,
5545,Surendranagar,Dhrangadhra,Dholi,
5546,Surendranagar,Dhrangadhra,Khambhda,
5547,Surendranagar,Dhrangadhra,Bharad,
5548,Surendranagar,Dhrangadhra,Ganjela,
5549,Surendranagar,Dhrangadhra,Dumana,
5550,Surendranagar,Dhrangadhra,Pratappur,
5551,Surendranagar,Dhrangadhra,Rajsitapur,
5552,Surendranagar,Dhrangadhra,Prathugadh,
5553,Surendranagar,Dhrangadhra,Gujarvadi,
5554,Surendranagar,Dhrangadhra,Devcharadi,
5555,Surendranagar,Dasada,Visnagar,
5556,Surendranagar,Dasada,Surel,
5557,Surendranagar,Dasada,Rozva,
5558,Surendranagar,Dasada,Navapura,
5559,Surendranagar,Dasada,Padiwada,
5560,Surendranagar,Dasada,Sali,
5561,Surendranagar,Dasada,Zadiyana,
5562,Surendranagar,Dasada,Chhatrot,
5563,Surendranagar,Dasada,Sushiya,
5564,Surendranagar,Dasada,Gosana,
5565,Surendranagar,Dasada,Manavada,
5566,Surendranagar,Dasada,Mera,
5567,Surendranagar,Dasada,Naviyani,
5568,Surendranagar,Dasada,Valevada,
5569,Surendranagar,Dasada,Vanod,
5570,Surendranagar,Dasada,Erwada,
5571,Surendranagar,Dasada,Adariyana,
5572,Surendranagar,Dasada,Fatepur,
5573,Surendranagar,Dasada,Vachharajpura,
5574,Surendranagar,Dasada,Zinzuwada,
5575,Surendranagar,Dasada,Dhama,
5576,Surendranagar,Dasada,Bhalgam,
5577,Surendranagar,Dasada,Panva,
5578,Surendranagar,Dasada,Bubvana,
5579,Surendranagar,Dasada,Echhvada,
5580,Surendranagar,Dasada,Alampura,
5581,Surendranagar,Dasada,Gavana,
5582,Surendranagar,Dasada,Vadgam,
5583,Surendranagar,Dasada,Zezra,
5584,Surendranagar,Dasada,Visavadi,
5585,Surendranagar,Dasada,Nagvada,
5586,Surendranagar,Dasada,Mithagodha,
5587,Surendranagar,Dasada,Mulada,
5588,Surendranagar,Dasada,Jainabad,
5589,Surendranagar,Dasada,Rasulabad,
5590,Surendranagar,Dasada,Rustamgadh,
5591,Surendranagar,Dasada,Dasada,
5592,Surendranagar,Dasada,Jagdishan,
5593,Surendranagar,Dasada,Ambala,
5594,Surendranagar,Dasada,Metasar,
5595,Surendranagar,Dasada,Kathada,
5596,Surendranagar,Dasada,Ahmedgadh,
5597,Surendranagar,Dasada,Chikasar,
5598,Surendranagar,Dasada,Odu,
5599,Surendranagar,Dasada,Savda,
5600,Surendranagar,Dasada,Goriyavad,
5601,Surendranagar,Dasada,Kochada,
5602,Surendranagar,Dasada,Malanpur,
5603,Surendranagar,Dasada,Mota Ubhada,
5604,Surendranagar,Dasada,Amnagar,
5605,Surendranagar,Dasada,Vaghada,
5606,Surendranagar,Dasada,Hathipura,
5607,Surendranagar,Dasada,Haripura,
5608,Surendranagar,Dasada,Bamanva,
5609,Surendranagar,Dasada,Degam,
5610,Surendranagar,Dasada,Bajana,
5611,Surendranagar,Dasada,Savlas,
5612,Surendranagar,Dasada,Nava Sadla,
5613,Surendranagar,Dasada,Surajpura,
5614,Surendranagar,Dasada,Jarvala,
5615,Surendranagar,Dasada,Navrangpura,
5616,Surendranagar,Dasada,Ghaspur,
5617,Surendranagar,Dasada,Upariyala,
5618,Surendranagar,Dasada,Joravarpura,
5619,Surendranagar,Dasada,Porda,
5620,Surendranagar,Dasada,Jivangadh,
5621,Surendranagar,Dasada,Kamalpur,
5622,Surendranagar,Dasada,Nani Majethi,
5623,Surendranagar,Dasada,Nana Goraiya,
5624,Surendranagar,Dasada,Malvan,
5625,Surendranagar,Dasada,Pipli,
5626,Surendranagar,Dasada,Akhiyana,
5627,Surendranagar,Dasada,Sedla,
5628,Surendranagar,Dasada,Sidhsar,
5629,Surendranagar,Dasada,Kacholiya,
5630,Surendranagar,Dasada,Moti Majethi,
5631,Surendranagar,Dasada,Rajpar,
5632,Surendranagar,Dasada,Bhadena,
5633,Surendranagar,Dasada,Hebatpur,
5634,Surendranagar,Dasada,Chhabali,
5635,Surendranagar,Dasada,Kamalpur,
5636,Surendranagar,Dasada,Ramgari,
5637,Surendranagar,Dasada,Gediya,
5638,Surendranagar,Dasada,Kherva,
5639,Surendranagar,Dasada,Zezri,
5640,Surendranagar,Dasada,Nagadka,
5641,Surendranagar,Dasada,Limbad,
5642,Surendranagar,Lakhtar,Pedhda,
5643,Surendranagar,Lakhtar,Nana Ankewaliya,
5644,Surendranagar,Lakhtar,Modhwana,
5645,Surendranagar,Lakhtar,Savlana,
5646,Surendranagar,Lakhtar,Ingrodi,
5647,Surendranagar,Lakhtar,Karela,
5648,Surendranagar,Lakhtar,Bhaskarpara,
5649,Surendranagar,Lakhtar,Jyotipura,
5650,Surendranagar,Lakhtar,Babajipara,
5651,Surendranagar,Lakhtar,Vitthalpara,
5652,Surendranagar,Lakhtar,Vitthalgadh,
5653,Surendranagar,Lakhtar,Kalyanpara,
5654,Surendranagar,Lakhtar,Gangad,
5655,Surendranagar,Lakhtar,Chharad,
5656,Surendranagar,Lakhtar,Dhanki,
5657,Surendranagar,Lakhtar,Lilapur,
5658,Surendranagar,Lakhtar,Kesariya,
5659,Surendranagar,Lakhtar,Sadad,
5660,Surendranagar,Lakhtar,Ghanad,
5661,Surendranagar,Lakhtar,Vana,
5662,Surendranagar,Lakhtar,Larkhadiya,
5663,Surendranagar,Lakhtar,Adalsar,
5664,Surendranagar,Lakhtar,Kadu,
5665,Surendranagar,Lakhtar,Olak,
5666,Surendranagar,Lakhtar,Vadla,
5667,Surendranagar,Lakhtar,Malika,
5668,Surendranagar,Lakhtar,Sakar,
5669,Surendranagar,Lakhtar,Dervala,
5670,Surendranagar,Lakhtar,Kalam,
5671,Surendranagar,Lakhtar,Lakhtar,
5672,Surendranagar,Lakhtar,Bajrangpura,
5673,Surendranagar,Lakhtar,Zamar,
5674,Surendranagar,Lakhtar,Talvani,
5675,Surendranagar,Lakhtar,Tanmaniya,
5676,Surendranagar,Lakhtar,Bhalala,
5677,Surendranagar,Lakhtar,Vadekhan,
5678,Surendranagar,Lakhtar,Talsana,
5679,Surendranagar,Lakhtar,Aniyali,
5680,Surendranagar,Lakhtar,Bhathariya,
5681,Surendranagar,Lakhtar,Bhadwana,
5682,Surendranagar,Lakhtar,Devaliya,
5683,Surendranagar,Lakhtar,Varsani,
5684,Surendranagar,Lakhtar,Tavi,
5685,Surendranagar,Wadhwan,Rupavati,
5686,Surendranagar,Wadhwan,Velavadar,
5687,Surendranagar,Wadhwan,Khodu,
5688,Surendranagar,Wadhwan,Nagara,
5689,Surendranagar,Wadhwan,Prangadh,
5690,Surendranagar,Wadhwan,Katuda,
5691,Surendranagar,Wadhwan,Latuda,
5692,Surendranagar,Wadhwan,Bhadreshi,
5693,Surendranagar,Wadhwan,Anindra,
5694,Surendranagar,Wadhwan,Bala,
5695,Surendranagar,Wadhwan,karangadh,
5696,Surendranagar,Wadhwan,Bakarthali,
5697,Surendranagar,Wadhwan,Adheli,
5698,Surendranagar,Wadhwan,Chamaraj,
5699,Surendranagar,Wadhwan,Mulchand,
5700,Surendranagar,Wadhwan,Rajpar,
5701,Surendranagar,Wadhwan,Kothariya,
5702,Surendranagar,Wadhwan,Dedadara,
5703,Surendranagar,Wadhwan,Zampodad,
5704,Surendranagar,Wadhwan,Vadala,
5705,Surendranagar,Wadhwan,Khamisana,
5706,Surendranagar,Wadhwan,Kherali,
5707,Surendranagar,Wadhwan,Memka,
5708,Surendranagar,Wadhwan,Khajeli,
5709,Surendranagar,Wadhwan,Bhadiyad,
5710,Surendranagar,Wadhwan,Sankali,
5711,Surendranagar,Wadhwan,Nana Kerala,
5712,Surendranagar,Wadhwan,Vaghela,
5713,Surendranagar,Wadhwan,Malod,
5714,Surendranagar,Wadhwan,Munjpur (Parmar),
5715,Surendranagar,Wadhwan,Kholadiad,
5716,Surendranagar,Wadhwan,Timba,
5717,Surendranagar,Wadhwan,Kharva,
5718,Surendranagar,Wadhwan,Rai,
5719,Surendranagar,Wadhwan,Gomta,
5720,Surendranagar,Wadhwan,Kariyani,
5721,Surendranagar,Wadhwan,Gundiyala,
5722,Surendranagar,Wadhwan,Rampara,
5723,Surendranagar,Wadhwan,Fulgram,
5724,Surendranagar,Wadhwan,Tuva,
5725,Surendranagar,Wadhwan,Vadod,
5726,Surendranagar,Wadhwan,Baldana,
5727,Surendranagar,Wadhwan,Madhad (Muli),
5728,Surendranagar,Wadhwan,Madhad (Wadhwan),
5729,Surendranagar,Wadhwan,Vastadi,
5730,Surendranagar,Muli,Karsangadh,
5731,Surendranagar,Muli,Ambardi,
5732,Surendranagar,Muli,Rampar,
5733,Surendranagar,Muli,Naldhari,
5734,Surendranagar,Muli,Sara,
5735,Surendranagar,Muli,Mahadevgadh,
5736,Surendranagar,Muli,Liya,
5737,Surendranagar,Muli,Kuntalpur,
5738,Surendranagar,Muli,Kalmad,
5739,Surendranagar,Muli,Pandavara,
5740,Surendranagar,Muli,Danawada,
5741,Surendranagar,Muli,Shekhpar,
5742,Surendranagar,Muli,Godavari,
5743,Surendranagar,Muli,Digsar,
5744,Surendranagar,Muli,Sujangadh,
5745,Surendranagar,Muli,Sarla,
5746,Surendranagar,Muli,Gadhada,
5747,Surendranagar,Muli,Vadadhra,
5748,Surendranagar,Muli,Velala (Dhrangadhra),
5749,Surendranagar,Muli,Virpar,
5750,Surendranagar,Muli,Dadholiya,
5751,Surendranagar,Muli,Bhet,
5752,Surendranagar,Muli,Sangadhra,
5753,Surendranagar,Muli,Jepar,
5754,Surendranagar,Muli,Raysangpar,
5755,Surendranagar,Muli,Khampaliya,
5756,Surendranagar,Muli,Dudhai,
5757,Surendranagar,Muli,Tikar,
5758,Surendranagar,Muli,Gautamgadh,
5759,Surendranagar,Muli,Limli,
5760,Surendranagar,Muli,Kukda,
5761,Surendranagar,Muli,Muli,
5762,Surendranagar,Muli,Khatdi,
5763,Surendranagar,Muli,Dholiya,
5764,Surendranagar,Muli,Asundrali,
5765,Surendranagar,Muli,Bhavanigadh,
5766,Surendranagar,Muli,Ranipat,
5767,Surendranagar,Muli,Khakharathal,
5768,Surendranagar,Muli,Nalkhambha,
5769,Surendranagar,Muli,Manpar,
5770,Surendranagar,Muli,Khakhrala,
5771,Surendranagar,Muli,Palasa,
5772,Surendranagar,Muli,Ramparda,
5773,Surendranagar,Muli,Gadhad,
5774,Surendranagar,Muli,jasapar,
5775,Surendranagar,Muli,Chanpar,
5776,Surendranagar,Muli,Naliya,
5777,Surendranagar,Muli,Hematpar,
5778,Surendranagar,Muli,Tidana,
5779,Surendranagar,Muli,Umarda,
5780,Surendranagar,Muli,Vagadiya,
5781,Surendranagar,Muli,Devpara,
5782,Surendranagar,Muli,Velala (Sayla),
5783,Surendranagar,Muli,Chandreliya,
5784,Surendranagar,Muli,Dharmendragadh,
5785,Surendranagar,Muli,Somasar,
5786,Surendranagar,Muli,Sidhsar,
5787,Surendranagar,Muli,Navaniya,
5788,Surendranagar,Chotila,Undvi,
5789,Surendranagar,Chotila,Vijaliya,
5790,Surendranagar,Chotila,Varmadhar,
5791,Surendranagar,Chotila,Tarnetar,
5792,Surendranagar,Chotila,Manadasar,
5793,Surendranagar,Chotila,Morthala,
5794,Surendranagar,Chotila,Sarsana,
5795,Surendranagar,Chotila,Navagam (Than),
5796,Surendranagar,Chotila,Amarapar,
5797,Surendranagar,Chotila,Kanpar,
5798,Surendranagar,Chotila,Songadh,
5799,Surendranagar,Chotila,Abhepar,
5800,Surendranagar,Chotila,Devpara,
5801,Surendranagar,Chotila,Anandpur (Than),
5802,Surendranagar,Chotila,Hirana,
5803,Surendranagar,Chotila,Ravrani,
5804,Surendranagar,Chotila,Khakharavali,
5805,Surendranagar,Chotila,Devaliya,
5806,Surendranagar,Chotila,Lakhamachi,
5807,Surendranagar,Chotila,Rampara (Sarodi),
5808,Surendranagar,Chotila,Sarodi,
5809,Surendranagar,Chotila,Rupavati(Sarodi),
5810,Surendranagar,Chotila,Jamvali,
5811,Surendranagar,Chotila,Gugaliyana,
5812,Surendranagar,Chotila,Vavdi,
5813,Surendranagar,Chotila,Devsar,
5814,Surendranagar,Chotila,Rampara (Rajavad),
5815,Surendranagar,Chotila,Naliyeri,
5816,Surendranagar,Chotila,Pajvali,
5817,Surendranagar,Chotila,Rupavati (Rajavad),
5818,Surendranagar,Chotila,Nava,
5819,Surendranagar,Chotila,Rajavad,
5820,Surendranagar,Chotila,Magharikhada,
5821,Surendranagar,Chotila,Nana Kandhasar,
5822,Surendranagar,Chotila,Kumbhara,
5823,Surendranagar,Chotila,Navagam (Chotila),
5824,Surendranagar,Chotila,Janivadla,
5825,Surendranagar,Chotila,Gundala,
5826,Surendranagar,Chotila,Jivapar (Bamanbore),
5827,Surendranagar,Chotila,Bamanbore,
5828,Surendranagar,Chotila,Navagam (Bamanbore),
5829,Surendranagar,Chotila,Moti Moldi,
5830,Surendranagar,Chotila,Nani Moldi,
5831,Surendranagar,Chotila,Chanpa,
5832,Surendranagar,Chotila,Sangani,
5833,Surendranagar,Chotila,Mota Kandhasar,
5834,Surendranagar,Chotila,Jasapar,
5835,Surendranagar,Chotila,Nani Morsal,
5836,Surendranagar,Chotila,Nana Paliyad,
5837,Surendranagar,Chotila,Dudheli,
5838,Surendranagar,Chotila,Bhimgadh,
5839,Surendranagar,Chotila,Kherdi,
5840,Surendranagar,Chotila,Zinzuda,
5841,Surendranagar,Chotila,Garida,
5842,Surendranagar,Chotila,Doshalighuna,
5843,Surendranagar,Chotila,Loma Kotadi,
5844,Surendranagar,Chotila,Mevasa (Bamanbore),
5845,Surendranagar,Chotila,Pipaliya (Bamanbore),
5846,Surendranagar,Chotila,Chiroda (Rajpara),
5847,Surendranagar,Chotila,Kalasar,
5848,Surendranagar,Chotila,Lakhachokiya,
5849,Surendranagar,Chotila,Kundhada,
5850,Surendranagar,Chotila,Hirasar,
5851,Surendranagar,Chotila,Habiyasar,
5852,Surendranagar,Chotila,Piprali,
5853,Surendranagar,Chotila,Akala,
5854,Surendranagar,Chotila,Panchavada,
5855,Surendranagar,Chotila,Reshamiya,
5856,Surendranagar,Chotila,Rampara (Rajpara),
5857,Surendranagar,Chotila,Shekhaliya,
5858,Surendranagar,Chotila,Khatadi,
5859,Surendranagar,Chotila,Rajpara (Chobari),
5860,Surendranagar,Chotila,Tramboda,
5861,Surendranagar,Chotila,Mokasar,
5862,Surendranagar,Chotila,Piyava,
5863,Surendranagar,Chotila,Naniyani,
5864,Surendranagar,Chotila,Mota Haraniya,
5865,Surendranagar,Chotila,Surai,
5866,Surendranagar,Chotila,Bhimora,
5867,Surendranagar,Chotila,Lakhanka,
5868,Surendranagar,Chotila,Kherana,
5869,Surendranagar,Chotila,Kabran,
5870,Surendranagar,Chotila,Dakvadla,
5871,Surendranagar,Chotila,Salkhada,
5872,Surendranagar,Chotila,Fulzar,
5873,Surendranagar,Chotila,Gunda,
5874,Surendranagar,Chotila,Bhojpari,
5875,Surendranagar,Chotila,Bhojpara,
5876,Surendranagar,Chotila,Mahidad,
5877,Surendranagar,Chotila,Sanosara,
5878,Surendranagar,Chotila,Mevasa (Sanosara),
5879,Surendranagar,Chotila,Gadhechi,
5880,Surendranagar,Chotila,Chiroda (Sanosara),
5881,Surendranagar,Chotila,Sukhsar,
5882,Surendranagar,Chotila,Rampara (Chobari),
5883,Surendranagar,Chotila,Chobari,
5884,Surendranagar,Chotila,Sakhpar,
5885,Surendranagar,Chotila,Tajpar,
5886,Surendranagar,Chotila,Rupavati (Anandpur),
5887,Surendranagar,Chotila,Jivapar (Anandpur),
5888,Surendranagar,Chotila,Ankadiya,
5889,Surendranagar,Chotila,Kanthariya,
5890,Surendranagar,Chotila,Anandpur (Bhadla),
5891,Surendranagar,Chotila,Devpara (Anandpur),
5892,Surendranagar,Chotila,Parabdi,
5893,Surendranagar,Chotila,Dharaie,
5894,Surendranagar,Chotila,Dhokalva,
5895,Surendranagar,Chotila,Golida,
5896,Surendranagar,Chotila,Monpar,
5897,Surendranagar,Chotila,Vadali,
5898,Surendranagar,Chotila,Pipaliya (Dhokalva),
5899,Surendranagar,Chotila,Bhetsuda,
5900,Surendranagar,Sayla,Chitralank,
5901,Surendranagar,Sayla,Ishvariya,
5902,Surendranagar,Sayla,Chorvira (Than),
5903,Surendranagar,Sayla,Sitagadh,
5904,Surendranagar,Sayla,Kansala,
5905,Surendranagar,Sayla,Kanpur,
5906,Surendranagar,Sayla,Bhaduka,
5907,Surendranagar,Sayla,Kashipara,
5908,Surendranagar,Sayla,Sayla,
5909,Surendranagar,Sayla,Nava Sudamda,
5910,Surendranagar,Sayla,Vakhatpar,
5911,Surendranagar,Sayla,Doliya,
5912,Surendranagar,Sayla,Aya,
5913,Surendranagar,Sayla,Sorimbhda,
5914,Surendranagar,Sayla,Hadala,
5915,Surendranagar,Sayla,Dharadungri,
5916,Surendranagar,Sayla,Brahmapuri (Vanki),
5917,Surendranagar,Sayla,Shapar,
5918,Surendranagar,Sayla,Dhedhuki,
5919,Surendranagar,Sayla,Samatpar,
5920,Surendranagar,Sayla,Kesarpar,
5921,Surendranagar,Sayla,Gosal,
5922,Surendranagar,Sayla,Madargadh,
5923,Surendranagar,Sayla,Juna Jashapar,
5924,Surendranagar,Sayla,Nava Jashapar,
5925,Surendranagar,Sayla,Thoriyali,
5926,Surendranagar,Sayla,Mota Kerala,
5927,Surendranagar,Sayla,Vadiya,
5928,Surendranagar,Sayla,Nathupara,
5929,Surendranagar,Sayla,Sudamda,
5930,Surendranagar,Sayla,chhadiyali,
5931,Surendranagar,Sayla,Sejakpar,
5932,Surendranagar,Sayla,Mota Sakhpar,
5933,Surendranagar,Sayla,Dhankaniya,
5934,Surendranagar,Sayla,Mangalkui,
5935,Surendranagar,Sayla,Sonpari,
5936,Surendranagar,Sayla,Ratanpar,
5937,Surendranagar,Sayla,Morsal,
5938,Surendranagar,Sayla,Ratadki,
5939,Surendranagar,Sayla,Titoda,
5940,Surendranagar,Sayla,Dhamrasala,
5941,Surendranagar,Sayla,Ovangadh,
5942,Surendranagar,Sayla,Vanta Vachh,
5943,Surendranagar,Sayla,Shirvaniya,
5944,Surendranagar,Sayla,Gadhshirvaniya,
5945,Surendranagar,Sayla,Sangoi,
5946,Surendranagar,Sayla,Nagadka,
5947,Surendranagar,Sayla,Loya,
5948,Surendranagar,Sayla,Chorvira (D),
5949,Surendranagar,Sayla,Mota Bhadla,
5950,Surendranagar,Sayla,Noli,
5951,Surendranagar,Sayla,Lakhavad,
5952,Surendranagar,Sayla,Khintla,
5953,Surendranagar,Sayla,Gundiyavada,
5954,Surendranagar,Sayla,Dhandhalpur,
5955,Surendranagar,Sayla,Sokhada,
5956,Surendranagar,Sayla,Adala,
5957,Surendranagar,Sayla,Navagam,
5958,Surendranagar,Sayla,Karadi,
5959,Surendranagar,Sayla,Dhajala,
5960,Surendranagar,Sayla,Limbala,
5961,Surendranagar,Sayla,Nadala (Devgadh),
5962,Surendranagar,Sayla,Garambhadi,
5963,Surendranagar,Sayla,Dhinkwali,
5964,Surendranagar,Sayla,Kotda,
5965,Surendranagar,Sayla,Pipaliya,
5966,Surendranagar,Sayla,Nana Haraniya,
5967,Surendranagar,Sayla,Ori,
5968,Surendranagar,Sayla,Shekhdod,
5969,Surendranagar,Sayla,Ninama,
5970,Surendranagar,Sayla,Nana Matra,
5971,Surendranagar,Sayla,Kaswali,
5972,Surendranagar,Sayla,Goraiya,
5973,Surendranagar,Sayla,Gangajal,
5974,Surendranagar,Sayla,Samadhiyala,
5975,Surendranagar,Chuda,Navi Morwad,
5976,Surendranagar,Chuda,Juni Morwad,
5977,Surendranagar,Chuda,Samdhiyala,
5978,Surendranagar,Chuda,Jepar,
5979,Surendranagar,Chuda,Laliyad,
5980,Surendranagar,Chuda,Karol,
5981,Surendranagar,Chuda,Mojidad,
5982,Surendranagar,Chuda,Acharda,
5983,Surendranagar,Chuda,Chamardi,
5984,Surendranagar,Chuda,Darod,
5985,Surendranagar,Chuda,Chachana,
5986,Surendranagar,Chuda,Khandiya,
5987,Surendranagar,Chuda,Sejakpar,
5988,Surendranagar,Chuda,Bhrugupur,
5989,Surendranagar,Chuda,Gokharwala,
5990,Surendranagar,Chuda,Chuda,
5991,Surendranagar,Chuda,Velavadar,
5992,Surendranagar,Chuda,Chokdi,
5993,Surendranagar,Chuda,Korda,
5994,Surendranagar,Chuda,Bhanejada,
5995,Surendranagar,Chuda,Kudla,
5996,Surendranagar,Chuda,Chachka,
5997,Surendranagar,Chuda,Ramdevgadh,
5998,Surendranagar,Chuda,Zinzavadar,
5999,Surendranagar,Chuda,Chhatriyala,
6000,Surendranagar,Chuda,Karmad,
6001,Surendranagar,Chuda,Zobala,
6002,Surendranagar,Chuda,Chhalala,
6003,Surendranagar,Chuda,Kanthariya,
6004,Surendranagar,Chuda,Vanala,
6005,Surendranagar,Chuda,Rangpur,
6006,Surendranagar,Chuda,Balala,
6007,Surendranagar,Chuda,Vejalka,
6008,Surendranagar,Chuda,Minapur,
6009,Surendranagar,Chuda,Bhensjal,
6010,Surendranagar,Chuda,Vaniyavadar,
6011,Surendranagar,Chuda,Nagnesh,
6012,Surendranagar,Chuda,Sontha,
6013,Surendranagar,Limbdi,Moti Kathechi,
6014,Surendranagar,Limbdi,Nani Kathechi,
6015,Surendranagar,Limbdi,Gadthal,
6016,Surendranagar,Limbdi,Jaliyala,
6017,Surendranagar,Limbdi,Bhagwanpar,
6018,Surendranagar,Limbdi,Ranagadh,
6019,Surendranagar,Limbdi,Fulwadi,
6020,Surendranagar,Limbdi,Rojasar,
6021,Surendranagar,Limbdi,Dhalwana,
6022,Surendranagar,Limbdi,Mulbavla,
6023,Surendranagar,Limbdi,Digvijaygadh,
6024,Surendranagar,Limbdi,Dhirajgadh,
6025,Surendranagar,Limbdi,Parali,
6026,Surendranagar,Limbdi,Bhathan,
6027,Surendranagar,Limbdi,Laxmisar,
6028,Surendranagar,Limbdi,Shiyani,
6029,Surendranagar,Limbdi,Jambu,
6030,Surendranagar,Limbdi,Parnala,
6031,Surendranagar,Limbdi,Jasmatpar,
6032,Surendranagar,Limbdi,Jalampar,
6033,Surendranagar,Limbdi,Ralol,
6034,Surendranagar,Limbdi,Gedi,
6035,Surendranagar,Limbdi,Ramrajpar,
6036,Surendranagar,Limbdi,Nana Timbla,
6037,Surendranagar,Limbdi,Natwargadh,
6038,Surendranagar,Limbdi,Ghaghretiya,
6039,Surendranagar,Limbdi,Umedpar,
6040,Surendranagar,Limbdi,Dolatpar,
6041,Surendranagar,Limbdi,Samla,
6042,Surendranagar,Limbdi,Raska,
6043,Surendranagar,Limbdi,Ankewaliya,
6044,Surendranagar,Limbdi,Bhalgamda,
6045,Surendranagar,Limbdi,Mota Timbla,
6046,Surendranagar,Limbdi,Ghaghosar,
6047,Surendranagar,Limbdi,Katariya,
6048,Surendranagar,Limbdi,Tokrala,
6049,Surendranagar,Limbdi,Kanpara,
6050,Surendranagar,Limbdi,Ghanshyampar,
6051,Surendranagar,Limbdi,Jansali,
6052,Surendranagar,Limbdi,Balol,
6053,Surendranagar,Limbdi,Devpara,
6054,Surendranagar,Limbdi,Panshina,
6055,Surendranagar,Limbdi,Khambhlav,
6056,Surendranagar,Limbdi,Jakhan,
6057,Surendranagar,Limbdi,Choki,
6058,Surendranagar,Limbdi,Choraniya,
6059,Surendranagar,Limbdi,Untadi,
6060,Surendranagar,Limbdi,Bodiya,
6061,Surendranagar,Limbdi,Ughal,
6062,Surendranagar,Limbdi,Borana,
6063,Surendranagar,Limbdi,Liyad,
6064,Surendranagar,Limbdi,Sauka,
6065,Surendranagar,Limbdi,Pandri,
6066,Surendranagar,Limbdi,Borna,
6067,Surendranagar,Limbdi,Zamdi,
6068,Surendranagar,Limbdi,Bhoika,
6069,Surendranagar,Limbdi,Bhojpara,
6070,Surendranagar,Limbdi,Kamalpar,
6071,Surendranagar,Limbdi,Aanandpar,
6072,Surendranagar,Limbdi,Hadala,
6073,Surendranagar,Limbdi,Jasapar,
6074,Surendranagar,Limbdi,Dholi,
6075,Surendranagar,Limbdi,Vakhatpar,
6076,Rajkot,Maliya,Jajasar,
6077,Rajkot,Maliya,Haripar,
6078,Rajkot,Maliya,Kajarda,
6079,Rajkot,Maliya,Chikhli,
6080,Rajkot,Maliya,Venasar,
6081,Rajkot,Maliya,Mandarki,
6082,Rajkot,Maliya,Ghantila,
6083,Rajkot,Maliya,Vejalpar,
6084,Rajkot,Maliya,Kumbhariya,
6085,Rajkot,Maliya,Vardusar,
6086,Rajkot,Maliya,Khirai,
6087,Rajkot,Maliya,Fattepar,
6088,Rajkot,Maliya,Rasangpar,
6089,Rajkot,Maliya,Songadh,
6090,Rajkot,Maliya,Nani Barar,
6091,Rajkot,Maliya,Bhavpar,
6092,Rajkot,Maliya,Bagasara,
6093,Rajkot,Maliya,Vavaniya,
6094,Rajkot,Maliya,Laxmivas,
6095,Rajkot,Maliya,Varsamedi,
6096,Rajkot,Maliya,Chamanpar,
6097,Rajkot,Maliya,Nana Bhela,
6098,Rajkot,Maliya,Mota Bhela,
6099,Rajkot,Maliya,Moti Barar,
6100,Rajkot,Maliya,Jasapar,
6101,Rajkot,Maliya,Navagam,
6102,Rajkot,Maliya,Virvadarka,
6103,Rajkot,Maliya,Vadharva,
6104,Rajkot,Maliya,Sultanpur,
6105,Rajkot,Maliya,Manaba,
6106,Rajkot,Maliya,Khakhrechi,
6107,Rajkot,Maliya,Rohishala,
6108,Rajkot,Maliya,Meghpar,
6109,Rajkot,Maliya,Derala,
6110,Rajkot,Maliya,Sarvad,
6111,Rajkot,Maliya,Targhari,
6112,Rajkot,Maliya,Mota Dahisara,
6113,Rajkot,Maliya,Navlakhi,
6114,Rajkot,Maliya,Lavanpur,
6115,Rajkot,Maliya,Bodki,
6116,Rajkot,Maliya,Khirsara,
6117,Rajkot,Maliya,Dahisara Nana,
6118,Rajkot,Maliya,Chanchavadarda,
6119,Rajkot,Maliya,Mahendragadh,
6120,Rajkot,Maliya,Kuntasi,
6121,Rajkot,Morvi,Sokhda,
6122,Rajkot,Morvi,Bahadurgadh,
6123,Rajkot,Morvi,Nava Nagdavas,
6124,Rajkot,Morvi,Piludi,
6125,Rajkot,Morvi,Rapar,
6126,Rajkot,Morvi,Aniyari,
6127,Rajkot,Morvi,Jetpar,
6128,Rajkot,Morvi,Vaghpar,
6129,Rajkot,Morvi,Juna Nagdavas,
6130,Rajkot,Morvi,Gungan,
6131,Rajkot,Morvi,Gala,
6132,Rajkot,Morvi,Sapar,
6133,Rajkot,Morvi,Jasmatgadh,
6134,Rajkot,Morvi,Chakampar,
6135,Rajkot,Morvi,Zinkiyali,
6136,Rajkot,Morvi,Jivapar Chakampar,
6137,Rajkot,Morvi,Kerala,
6138,Rajkot,Morvi,Haripar,
6139,Rajkot,Morvi,Nava Sadulka,
6140,Rajkot,Morvi,Ravapar Nadi,
6141,Rajkot,Morvi,Mansar,
6142,Rajkot,Morvi,Naranka,
6143,Rajkot,Morvi,Pipaliya,
6144,Rajkot,Morvi,Virparda,
6145,Rajkot,Morvi,Hajnali,
6146,Rajkot,Morvi,Modpar,
6147,Rajkot,Morvi,Lutavadar,
6148,Rajkot,Morvi,Barvala,
6149,Rajkot,Morvi,Khevaliya,
6150,Rajkot,Morvi,Khakhrala,
6151,Rajkot,Morvi,Vanaliya,
6152,Rajkot,Morvi,Juna Sadulka,
6153,Rajkot,Morvi,Bela Rangpar,
6154,Rajkot,Morvi,Rangpar,
6155,Rajkot,Morvi,Khareda,
6156,Rajkot,Morvi,Andarna,
6157,Rajkot,Morvi,Vankda,
6158,Rajkot,Morvi,Sanala (Talaviya),
6159,Rajkot,Morvi,Pipali,
6160,Rajkot,Morvi,Timbdi,
6161,Rajkot,Morvi,Dharampur,
6162,Rajkot,Morvi,Gor Khijadia,
6163,Rajkot,Morvi,Jepur,
6164,Rajkot,Morvi,Bagathala,
6165,Rajkot,Morvi,Biliya,
6166,Rajkot,Morvi,Kantipur,
6167,Rajkot,Morvi,Manekvada,
6168,Rajkot,Morvi,Nagalpar,
6169,Rajkot,Morvi,Nani Vavdi,
6170,Rajkot,Morvi,Amreli (Part),
6171,Rajkot,Morvi,Ghuntu,
6172,Rajkot,Morvi,Unchi Mandal,
6173,Rajkot,Morvi,Nichi Mandal,
6174,Rajkot,Morvi,Kalikanagar,
6175,Rajkot,Morvi,Lakhdhirpur,
6176,Rajkot,Morvi,Lalpar,
6177,Rajkot,Morvi,Madhapar (Part),
6178,Rajkot,Morvi,Panchasar,
6179,Rajkot,Morvi,Amrapar Nag,
6180,Rajkot,Morvi,Moti Vavdi,
6181,Rajkot,Morvi,Khanpar,
6182,Rajkot,Morvi,Chanchapar,
6183,Rajkot,Morvi,Thorala,
6184,Rajkot,Morvi,Rajpar,
6185,Rajkot,Morvi,Bhadiyad (Part),
6186,Rajkot,Morvi,Jodhpur Nadi,
6187,Rajkot,Morvi,Jambudiya,
6188,Rajkot,Morvi,Paneli,
6189,Rajkot,Morvi,Gidach,
6190,Rajkot,Morvi,Makansar,
6191,Rajkot,Morvi,Adepar,
6192,Rajkot,Morvi,Lakhdhirnagar,
6193,Rajkot,Morvi,Lilapar,
6194,Rajkot,Morvi,Ghunada Sajanpar,
6195,Rajkot,Tankara,Nesda Khanpar,
6196,Rajkot,Tankara,Mahendrapur,
6197,Rajkot,Tankara,Nana Rampar,
6198,Rajkot,Tankara,Nasitpar,
6199,Rajkot,Tankara,Virpar,
6200,Rajkot,Tankara,Lajai,
6201,Rajkot,Tankara,Rajavad,
6202,Rajkot,Tankara,Nana Khijadiya,
6203,Rajkot,Tankara,Ghunada Khanpar,
6204,Rajkot,Tankara,Meghpar Zala,
6205,Rajkot,Tankara,Mota Khijadiya,
6206,Rajkot,Tankara,Lakhdhir Gadh,
6207,Rajkot,Tankara,Hadmatiya,
6208,Rajkot,Tankara,Sajanpar,
6209,Rajkot,Tankara,Tankara,
6210,Rajkot,Tankara,Vaghgadh,
6211,Rajkot,Tankara,Bangavadi,
6212,Rajkot,Tankara,Khakhra,
6213,Rajkot,Tankara,Otala,
6214,Rajkot,Tankara,Devaliya,
6215,Rajkot,Tankara,Nesda Surji,
6216,Rajkot,Tankara,Kalyanpur,
6217,Rajkot,Tankara,Jabalpur,
6218,Rajkot,Tankara,Amrapar (Tol),
6219,Rajkot,Tankara,Tol,
6220,Rajkot,Tankara,JivaparTankara,
6221,Rajkot,Tankara,Harbatiyali,
6222,Rajkot,Tankara,Hirapar,
6223,Rajkot,Tankara,Saraya,
6224,Rajkot,Tankara,Savdi,
6225,Rajkot,Tankara,Jodhpar (Zala),
6226,Rajkot,Tankara,Virvav,
6227,Rajkot,Tankara,Bhutkotda,
6228,Rajkot,Tankara,Mitana,
6229,Rajkot,Tankara,Dhroliya,
6230,Rajkot,Tankara,Rohishala,
6231,Rajkot,Tankara,Neknam,
6232,Rajkot,Tankara,Hamirpar,
6233,Rajkot,Tankara,Chhattar,
6234,Rajkot,Tankara,Kagdadi,
6235,Rajkot,Tankara,Vachhakpar,
6236,Rajkot,Tankara,Sakhpar,
6237,Rajkot,Tankara,Kothariya,
6238,Rajkot,Tankara,Bedi,
6239,Rajkot,Tankara,Hadala,
6240,Rajkot,Tankara,Anandpar,
6241,Rajkot,Tankara,Vijaynagar,
6242,Rajkot,Wankaner,Ol,
6243,Rajkot,Wankaner,Jambudiya Vidi,
6244,Rajkot,Wankaner,Samtherva,
6245,Rajkot,Wankaner,Bhimguda,
6246,Rajkot,Wankaner,Virpar,
6247,Rajkot,Wankaner,Ratavirda,
6248,Rajkot,Wankaner,Sartanpar,
6249,Rajkot,Wankaner,Matel,
6250,Rajkot,Wankaner,Jamsar,
6251,Rajkot,Wankaner,Nagalpar,
6252,Rajkot,Wankaner,Rajgadh,
6253,Rajkot,Wankaner,Vardusar,
6254,Rajkot,Wankaner,Maktanpar,
6255,Rajkot,Wankaner,Anandpar,
6256,Rajkot,Wankaner,Lakaddhar,
6257,Rajkot,Wankaner,Dhuva,
6258,Rajkot,Wankaner,Panchasiya,
6259,Rajkot,Wankaner,Ranekpar,
6260,Rajkot,Wankaner,Jambudiya Bhayati,
6261,Rajkot,Wankaner,Vithalpar,
6262,Rajkot,Wankaner,Paddhara,
6263,Rajkot,Wankaner,Bherda,
6264,Rajkot,Wankaner,Palans,
6265,Rajkot,Wankaner,Chitrakhada,
6266,Rajkot,Wankaner,Lunasar,
6267,Rajkot,Wankaner,Khanpar,
6268,Rajkot,Wankaner,Derala,
6269,Rajkot,Wankaner,Jali,
6270,Rajkot,Wankaner,Jetparda,
6271,Rajkot,Wankaner,Bhojpara,
6272,Rajkot,Wankaner,Vaghasia,
6273,Rajkot,Wankaner,Vankiya,
6274,Rajkot,Wankaner,Kothariya,
6275,Rajkot,Wankaner,Rati Devli,
6276,Rajkot,Wankaner,Panchasar,
6277,Rajkot,Wankaner,Hasanpar,
6278,Rajkot,Wankaner,Palansdi,
6279,Rajkot,Wankaner,Sardharka,
6280,Rajkot,Wankaner,Rajthali,
6281,Rajkot,Wankaner,Gangiyavadar,
6282,Rajkot,Wankaner,Kachhiyagala,
6283,Rajkot,Wankaner,Lunsariya,
6284,Rajkot,Wankaner,Dhamalpar,
6285,Rajkot,Wankaner,Tithava,
6286,Rajkot,Wankaner,Arni Timba,
6287,Rajkot,Wankaner,Valasan,
6288,Rajkot,Wankaner,Pipaliyaraj,
6289,Rajkot,Wankaner,Panch Dwarka,
6290,Rajkot,Wankaner,Amarsar,
6291,Rajkot,Wankaner,Kerala,
6292,Rajkot,Wankaner,Bokad Thambha,
6293,Rajkot,Wankaner,Dighaliya,
6294,Rajkot,Wankaner,Kashipar,
6295,Rajkot,Wankaner,Daldi,
6296,Rajkot,Wankaner,Paj,
6297,Rajkot,Wankaner,Rasikgadh,
6298,Rajkot,Wankaner,Lalpar,
6299,Rajkot,Wankaner,Limbala,
6300,Rajkot,Wankaner,Rajavadla,
6301,Rajkot,Wankaner,Sindhavadar,
6302,Rajkot,Wankaner,Pratapgadh,
6303,Rajkot,Wankaner,Kalavadi Navi,
6304,Rajkot,Wankaner,Kotda Nayani,
6305,Rajkot,Wankaner,Pipaliya Agabhi,
6306,Rajkot,Wankaner,Kalavadi Juni,
6307,Rajkot,Wankaner,Kankot,
6308,Rajkot,Wankaner,Khijadiya,
6309,Rajkot,Wankaner,Bhojpara Vidi,
6310,Rajkot,Wankaner,Jodhpar,
6311,Rajkot,Wankaner,Gariya,
6312,Rajkot,Wankaner,Kanpar,
6313,Rajkot,Wankaner,Shekhardi,
6314,Rajkot,Wankaner,Chanchadiya,
6315,Rajkot,Wankaner,Vinaygadh,
6316,Rajkot,Wankaner,Ratadiya,
6317,Rajkot,Wankaner,Mahika,
6318,Rajkot,Wankaner,Kothi,
6319,Rajkot,Wankaner,Jalsika,
6320,Rajkot,Wankaner,Ghiyavad,
6321,Rajkot,Wankaner,Vanzara,
6322,Rajkot,Wankaner,Kherva,
6323,Rajkot,Wankaner,Khakhana,
6324,Rajkot,Wankaner,Pipardi,
6325,Rajkot,Wankaner,Holmadh,
6326,Rajkot,Wankaner,Garida,
6327,Rajkot,Wankaner,Samadhiala,
6328,Rajkot,Wankaner,Gundakhada,
6329,Rajkot,Wankaner,Satapar,
6330,Rajkot,Wankaner,Vithalgadh,
6331,Rajkot,Wankaner,Tarakiya,
6332,Rajkot,Wankaner,Adepar,
6333,Rajkot,Wankaner,Mesariya,
6334,Rajkot,Wankaner,Rangpar,
6335,Rajkot,Wankaner,Jalida,
6336,Rajkot,Wankaner,Vasundra,
6337,Rajkot,Wankaner,Rupavati,
6338,Rajkot,Wankaner,Jepur,
6339,Rajkot,Wankaner,Bhalgam,
6340,Rajkot,Wankaner,Thikariyala,
6341,Rajkot,Paddhari,Thoriyali,
6342,Rajkot,Paddhari,Khodapipar,
6343,Rajkot,Paddhari,Khakhada Bela,
6344,Rajkot,Paddhari,Khajurdi,
6345,Rajkot,Paddhari,Khamta,
6346,Rajkot,Paddhari,Haripar,
6347,Rajkot,Paddhari,Dahisarda (Aji),
6348,Rajkot,Paddhari,Ukarda,
6349,Rajkot,Paddhari,Govindpar,
6350,Rajkot,Paddhari,Depaliya,
6351,Rajkot,Paddhari,Rupavati,
6352,Rajkot,Paddhari,Jodhpar Chhala,
6353,Rajkot,Paddhari,Hadmatiya,
6354,Rajkot,Paddhari,Chanol Moti,
6355,Rajkot,Paddhari,Chanol Nani,
6356,Rajkot,Paddhari,Khijadiya Nana,
6357,Rajkot,Paddhari,Vanpari,
6358,Rajkot,Paddhari,Moviya,
6359,Rajkot,Paddhari,Adbalka,
6360,Rajkot,Paddhari,Gadhda,
6361,Rajkot,Paddhari,Dungarka,
6362,Rajkot,Paddhari,Rampar Mota,
6363,Rajkot,Paddhari,Bodi Ghodi,
6364,Rajkot,Paddhari,Chanol Navi,
6365,Rajkot,Paddhari,Fatepar,
6366,Rajkot,Paddhari,Visaman,
6367,Rajkot,Paddhari,Khokhri,
6368,Rajkot,Paddhari,Jivapar,
6369,Rajkot,Paddhari,Dhunana Gam,
6370,Rajkot,Paddhari,Jhilariya,
6371,Rajkot,Paddhari,Rampar Pati,
6372,Rajkot,Paddhari,Vachli Ghodi,
6373,Rajkot,Paddhari,Chhelli Ghodi,
6374,Rajkot,Paddhari,Metoda,
6375,Rajkot,Paddhari,Targhari,
6376,Rajkot,Paddhari,Baghi,
6377,Rajkot,Paddhari,Naranka,
6378,Rajkot,Paddhari,Khandheri,
6379,Rajkot,Paddhari,Rangpar,
6380,Rajkot,Paddhari,Sarapdad,
6381,Rajkot,Paddhari,Khijadiya Mota,
6382,Rajkot,Paddhari,Rojiya,
6383,Rajkot,Paddhari,Dahisarda Und,
6384,Rajkot,Paddhari,Sal Pipaliya,
6385,Rajkot,Paddhari,Radad,
6386,Rajkot,Paddhari,Kerala,
6387,Rajkot,Paddhari,Khambhala,
6388,Rajkot,Paddhari,Nyara,
6389,Rajkot,Paddhari,Dhokaliya,
6390,Rajkot,Paddhari,Suvag,
6391,Rajkot,Paddhari,Hidad,
6392,Rajkot,Paddhari,Domda Bhayuna,
6393,Rajkot,Paddhari,Sagaliya Nana,
6394,Rajkot,Paddhari,Intala Nana,
6395,Rajkot,Paddhari,Nanavada,
6396,Rajkot,Paddhari,Amreli,
6397,Rajkot,Paddhari,Ishvariya,
6398,Rajkot,Rajkot,Jaliya,
6399,Rajkot,Rajkot,Ratanpar,
6400,Rajkot,Rajkot,Khorana,
6401,Rajkot,Rajkot,Sanosara,
6402,Rajkot,Rajkot,Rampara (Suliya),
6403,Rajkot,Rajkot,Vankvad,
6404,Rajkot,Rajkot,Hirasar,
6405,Rajkot,Rajkot,Satda,
6406,Rajkot,Rajkot,Jhiyana,
6407,Rajkot,Rajkot,Khijadiya,
6408,Rajkot,Rajkot,Nagalpar,
6409,Rajkot,Rajkot,Rajgadh,
6410,Rajkot,Rajkot,Gavaridad,
6411,Rajkot,Rajkot,Para Pipaliya,
6412,Rajkot,Rajkot,Hadmatiya (Bedi),
6413,Rajkot,Rajkot,Nakaravadi,
6414,Rajkot,Rajkot,Pipaliya,
6415,Rajkot,Rajkot,Ranpar,
6416,Rajkot,Rajkot,Kuchiyadad,
6417,Rajkot,Rajkot,Rampara Beti,
6418,Rajkot,Rajkot,Parevala,
6419,Rajkot,Rajkot,Saypar,
6420,Rajkot,Rajkot,Kuvadva,
6421,Rajkot,Rajkot,Dhamalpar,
6422,Rajkot,Rajkot,Sokhada,
6423,Rajkot,Rajkot,Ronki,
6424,Rajkot,Rajkot,Vajdi Gadh,
6425,Rajkot,Rajkot,Vejagam,
6426,Rajkot,Rajkot,Maliyasan,
6427,Rajkot,Rajkot,Targhadiya,
6428,Rajkot,Rajkot,Gunda,
6429,Rajkot,Rajkot,Magharvada,
6430,Rajkot,Rajkot,Mesvada,
6431,Rajkot,Rajkot,Barvan,
6432,Rajkot,Rajkot,Chanchadiya,
6433,Rajkot,Rajkot,Jamgadh,
6434,Rajkot,Rajkot,Rafala,
6435,Rajkot,Rajkot,Kherdi,
6436,Rajkot,Rajkot,Amargadh,
6437,Rajkot,Rajkot,Vajdi (Virda),
6438,Rajkot,Rajkot,Mahika,
6439,Rajkot,Rajkot,Thebachda,
6440,Rajkot,Rajkot,Gadhka,
6441,Rajkot,Rajkot,Bedla,
6442,Rajkot,Rajkot,Fadadang,
6443,Rajkot,Rajkot,Deroi,
6444,Rajkot,Rajkot,Dhandhni,
6445,Rajkot,Rajkot,Kasturbadham,
6446,Rajkot,Rajkot,Kalipat,
6447,Rajkot,Rajkot,Lampasari,
6448,Rajkot,Rajkot,Kankot,
6449,Rajkot,Rajkot,Ramnagar,
6450,Rajkot,Rajkot,Khokhadadad,
6451,Rajkot,Rajkot,Vadali,
6452,Rajkot,Rajkot,Aniyala,
6453,Rajkot,Rajkot,Dhandhiya,
6454,Rajkot,Rajkot,Hadmatiya (Golida),
6455,Rajkot,Rajkot,Golida,
6456,Rajkot,Rajkot,Sajadiali Lili,
6457,Rajkot,Rajkot,Samadhiyala,
6458,Rajkot,Rajkot,Padasan,
6459,Rajkot,Rajkot,Lothada,
6460,Rajkot,Rajkot,Bhayasar,
6461,Rajkot,Rajkot,Kathrota,
6462,Rajkot,Rajkot,Lodhida,
6463,Rajkot,Rajkot,Lakhapar,
6464,Rajkot,Rajkot,Bhupgadh,
6465,Rajkot,Rajkot,Sardhar,
6466,Rajkot,Rajkot,Navagam,
6467,Rajkot,Rajkot,Chitravav,
6468,Rajkot,Rajkot,Rampara,
6469,Rajkot,Rajkot,Sar,
6470,Rajkot,Rajkot,Sajadiali Suki,
6471,Rajkot,Rajkot,Haripar,
6472,Rajkot,Rajkot,Kharachiya,
6473,Rajkot,Rajkot,Bhangda,
6474,Rajkot,Rajkot,Halenda,
6475,Rajkot,Rajkot,Umrali,
6476,Rajkot,Rajkot,Makanpar,
6477,Rajkot,Rajkot,Badpar,
6478,Rajkot,Rajkot,Hodthali,
6479,Rajkot,Rajkot,Dungarpar,
6480,Rajkot,Lodhika,Und Khijadiya,
6481,Rajkot,Lodhika,Dhudiya Domda,
6482,Rajkot,Lodhika,Laxmi Intala,
6483,Rajkot,Lodhika,Pambhar Intala,
6484,Rajkot,Lodhika,Haripar Pal,
6485,Rajkot,Lodhika,Rataiya,
6486,Rajkot,Lodhika,Motavada,
6487,Rajkot,Lodhika,Nagar Pipaliya,
6488,Rajkot,Lodhika,Devla,
6489,Rajkot,Lodhika,Khirsara (Ranmalji),
6490,Rajkot,Lodhika,Metoda,
6491,Rajkot,Lodhika,Vajdi (Vad),
6492,Rajkot,Lodhika,Jashvantpur,
6493,Rajkot,Lodhika,Vagudad,
6494,Rajkot,Lodhika,Devgam,
6495,Rajkot,Lodhika,Chhapra,
6496,Rajkot,Lodhika,Pipardi,
6497,Rajkot,Lodhika,Ratanpar,
6498,Rajkot,Lodhika,Balsar,
6499,Rajkot,Lodhika,Haripar Taravada,
6500,Rajkot,Lodhika,Pal,
6501,Rajkot,Lodhika,Kangashiyali,
6502,Rajkot,Lodhika,Dholara,
6503,Rajkot,Lodhika,Ravki,
6504,Rajkot,Lodhika,Taravada,
6505,Rajkot,Lodhika,Chibhda,
6506,Rajkot,Lodhika,Abhepar,
6507,Rajkot,Lodhika,Chandli,
6508,Rajkot,Lodhika,Jetakuba,
6509,Rajkot,Lodhika,Nadhu Pipaliya,
6510,Rajkot,Lodhika,Kotha Pipaliya,
6511,Rajkot,Lodhika,Lodhika,
6512,Rajkot,Lodhika,Sanganva,
6513,Rajkot,Lodhika,Makhavad,
6514,Rajkot,Lodhika,Khambha,
6515,Rajkot,Lodhika,Virva,
6516,Rajkot,Lodhika,Pardi,
6517,Rajkot,Lodhika,Pipaliya Pal,
6518,Rajkot,Kotda Sangani,Noghanchora,
6519,Rajkot,Kotda Sangani,Kalambhdi,
6520,Rajkot,Kotda Sangani,Champabeda,
6521,Rajkot,Kotda Sangani,Thordi,
6522,Rajkot,Kotda Sangani,Navi Mengani,
6523,Rajkot,Kotda Sangani,Juni Mengani,
6524,Rajkot,Kotda Sangani,Padavala,
6525,Rajkot,Kotda Sangani,Piplana,
6526,Rajkot,Kotda Sangani,Naranka,
6527,Rajkot,Kotda Sangani,Bhadoi,
6528,Rajkot,Kotda Sangani,Rajpara,
6529,Rajkot,Kotda Sangani,Anandpar,
6530,Rajkot,Kotda Sangani,Ardoi,
6531,Rajkot,Kotda Sangani,Ambaliala,
6532,Rajkot,Kotda Sangani,Anida,
6533,Rajkot,Kotda Sangani,Hadamatala,
6534,Rajkot,Kotda Sangani,Soliya,
6535,Rajkot,Kotda Sangani,Bhadva,
6536,Rajkot,Kotda Sangani,Devaliya,
6537,Rajkot,Kotda Sangani,Kotda Sangani,
6538,Rajkot,Kotda Sangani,Khokhri,
6539,Rajkot,Kotda Sangani,Panchtalavda,
6540,Rajkot,Kotda Sangani,Juna Rajpipla,
6541,Rajkot,Kotda Sangani,Nava Rajpipla,
6542,Rajkot,Kotda Sangani,Mota Mandava,
6543,Rajkot,Kotda Sangani,Manekvada,
6544,Rajkot,Kotda Sangani,Rajgadh,
6545,Rajkot,Kotda Sangani,Khareda,
6546,Rajkot,Kotda Sangani,Vadiya,
6547,Rajkot,Kotda Sangani,Vadipara,
6548,Rajkot,Kotda Sangani,Pipaliya Karmal,
6549,Rajkot,Kotda Sangani,Nana Mandava,
6550,Rajkot,Kotda Sangani,Ramod,
6551,Rajkot,Kotda Sangani,Bagdadiya,
6552,Rajkot,Kotda Sangani,Sandhavaya,
6553,Rajkot,Kotda Sangani,Detadiya,
6554,Rajkot,Kotda Sangani,Rampara,
6555,Rajkot,Kotda Sangani,Satapar,
6556,Rajkot,Kotda Sangani,Shishak,
6557,Rajkot,Jasdan,Boghravadar,
6558,Rajkot,Jasdan,Ranjitgadh,
6559,Rajkot,Jasdan,Raningpar,
6560,Rajkot,Jasdan,Dhedhuki,
6561,Rajkot,Jasdan,Ajmer,
6562,Rajkot,Jasdan,Chhasiya,
6563,Rajkot,Jasdan,Mota Hadmatiya,
6564,Rajkot,Jasdan,Moti Lakhavad,
6565,Rajkot,Jasdan,Kharachiya Jas,
6566,Rajkot,Jasdan,Mota Matra,
6567,Rajkot,Jasdan,Vangadhara,
6568,Rajkot,Jasdan,Thoriyali,
6569,Rajkot,Jasdan,Vinchhiya,
6570,Rajkot,Jasdan,Revaniya,
6571,Rajkot,Jasdan,Dadli,
6572,Rajkot,Jasdan,Veraval Bhadla,
6573,Rajkot,Jasdan,Virpur,
6574,Rajkot,Jasdan,Bhandariya,
6575,Rajkot,Jasdan,Gadhadiya (Jam),
6576,Rajkot,Jasdan,Adhiya,
6577,Rajkot,Jasdan,Bhadla,
6578,Rajkot,Jasdan,Dahinsara,
6579,Rajkot,Jasdan,Gundala (Jas),
6580,Rajkot,Jasdan,Kotda,
6581,Rajkot,Jasdan,Rupavati,
6582,Rajkot,Jasdan,Pipardi,
6583,Rajkot,Jasdan,Kandhevaliya,
6584,Rajkot,Jasdan,Amrapur,
6585,Rajkot,Jasdan,Hingolgadh,
6586,Rajkot,Jasdan,Khadkana,
6587,Rajkot,Jasdan,Kaduka,
6588,Rajkot,Jasdan,Madava,
6589,Rajkot,Jasdan,Kamlapur,
6590,Rajkot,Jasdan,Raja Vadla Jam,
6591,Rajkot,Jasdan,Ramaliya,
6592,Rajkot,Jasdan,Khadvavdi,
6593,Rajkot,Jasdan,Kanesara,
6594,Rajkot,Jasdan,Kundani,
6595,Rajkot,Jasdan,Rajavadla Jas,
6596,Rajkot,Jasdan,Barvala,
6597,Rajkot,Jasdan,Parewala,
6598,Rajkot,Jasdan,Devpara,
6599,Rajkot,Jasdan,Lilapur,
6600,Rajkot,Jasdan,Lalavadar,
6601,Rajkot,Jasdan,Bhonyra,
6602,Rajkot,Jasdan,Hathasani,
6603,Rajkot,Jasdan,Janada,
6604,Rajkot,Jasdan,Veraval Bhadli,
6605,Rajkot,Jasdan,Sanali,
6606,Rajkot,Jasdan,Asalpar,
6607,Rajkot,Jasdan,Devdhari,
6608,Rajkot,Jasdan,Patiyali,
6609,Rajkot,Jasdan,Modhuka,
6610,Rajkot,Jasdan,Fulzar,
6611,Rajkot,Jasdan,Kalasar,
6612,Rajkot,Jasdan,Hadmatiya khanda,
6613,Rajkot,Jasdan,Bakhalvad,
6614,Rajkot,Jasdan,Polarpar,
6615,Rajkot,Jasdan,Kothi,
6616,Rajkot,Jasdan,Nani Lakhavad,
6617,Rajkot,Jasdan,Virnagar,
6618,Rajkot,Jasdan,Baldhoi,
6619,Rajkot,Jasdan,Kharachiya Jam,
6620,Rajkot,Jasdan,Atkot,
6621,Rajkot,Jasdan,Chitaliya,
6622,Rajkot,Jasdan,Gadhadiya (Jas),
6623,Rajkot,Jasdan,Shivrajpur,
6624,Rajkot,Jasdan,Madhavipur,
6625,Rajkot,Jasdan,Godladhar,
6626,Rajkot,Jasdan,Som Pipaliya,
6627,Rajkot,Jasdan,Bandhali,
6628,Rajkot,Jasdan,Ankadiya,
6629,Rajkot,Jasdan,Sartanpar,
6630,Rajkot,Jasdan,Belda,
6631,Rajkot,Jasdan,Sanala,
6632,Rajkot,Jasdan,Vanala,
6633,Rajkot,Jasdan,Somalpar,
6634,Rajkot,Jasdan,Navagam,
6635,Rajkot,Jasdan,Vadod,
6636,Rajkot,Jasdan,Jangvad,
6637,Rajkot,Jasdan,Panchavada,
6638,Rajkot,Jasdan,Jasapar,
6639,Rajkot,Jasdan,Kanpar,
6640,Rajkot,Jasdan,Ishvariya,
6641,Rajkot,Jasdan,Veraval sanathali,
6642,Rajkot,Jasdan,Dolatpar,
6643,Rajkot,Jasdan,Pratappur,
6644,Rajkot,Jasdan,Juna Pipaliya,
6645,Rajkot,Jasdan,Jivapar,
6646,Rajkot,Jasdan,Gundala Jam,
6647,Rajkot,Jasdan,Gokhlana,
6648,Rajkot,Jasdan,Ambardi,
6649,Rajkot,Jasdan,Bhadli,
6650,Rajkot,Jasdan,Gadhala,
6651,Rajkot,Jasdan,Kansloliya,
6652,Rajkot,Jasdan,Sanathali,
6653,Rajkot,Jasdan,Dodiyala,
6654,Rajkot,Jasdan,Meghpar,
6655,Rajkot,Jasdan,Madhda,
6656,Rajkot,Jasdan,Zundala,
6657,Rajkot,Jasdan,Ranparda,
6658,Rajkot,Gondal,Mungavavdi,
6659,Rajkot,Gondal,Rib,
6660,Rajkot,Gondal,Ribda,
6661,Rajkot,Gondal,Gundasara,
6662,Rajkot,Gondal,Pipaliya,
6663,Rajkot,Gondal,Bharudi,
6664,Rajkot,Gondal,Daliya,
6665,Rajkot,Gondal,Valadhari,
6666,Rajkot,Gondal,Patiyali,
6667,Rajkot,Gondal,Hadamatala,
6668,Rajkot,Gondal,Ambardi,
6669,Rajkot,Gondal,Vanthali,
6670,Rajkot,Gondal,Betavad,
6671,Rajkot,Gondal,Kolithad,
6672,Rajkot,Gondal,Lunivav,
6673,Rajkot,Gondal,Analgadh,
6674,Rajkot,Gondal,Sindhavadar,
6675,Rajkot,Gondal,Mahika Nana,
6676,Rajkot,Gondal,Mahika Mota,
6677,Rajkot,Gondal,Bhunava,
6678,Rajkot,Gondal,Biliyala,
6679,Rajkot,Gondal,Shemla,
6680,Rajkot,Gondal,Panchiyavadar,
6681,Rajkot,Gondal,Bhojpara,
6682,Rajkot,Gondal,Nagadka,
6683,Rajkot,Gondal,Umvada Mota,
6684,Rajkot,Gondal,Umvada Nana,
6685,Rajkot,Gondal,Vejagam,
6686,Rajkot,Gondal,Garnala,
6687,Rajkot,Gondal,Hadmadiya,
6688,Rajkot,Gondal,Mespar,
6689,Rajkot,Gondal,Trakuda,
6690,Rajkot,Gondal,Daiya,
6691,Rajkot,Gondal,Anida,
6692,Rajkot,Gondal,Vachhra,
6693,Rajkot,Gondal,Khandadhar,
6694,Rajkot,Gondal,Dadva Hamirpara,
6695,Rajkot,Gondal,Kamarkotda,
6696,Rajkot,Gondal,Bandhiya,
6697,Rajkot,Gondal,Ghoghavadar,
6698,Rajkot,Gondal,Rupavati,
6699,Rajkot,Gondal,Jamvali,
6700,Rajkot,Gondal,Gundala,
6701,Rajkot,Gondal,Patidad,
6702,Rajkot,Gondal,Vekri,
6703,Rajkot,Gondal,Padavala,
6704,Rajkot,Gondal,Charakhdi,
6705,Rajkot,Gondal,Chordi,
6706,Rajkot,Gondal,Kantoliya,
6707,Rajkot,Gondal,Moviya,
6708,Rajkot,Gondal,Bildi,
6709,Rajkot,Gondal,Shrinathgadh,
6710,Rajkot,Gondal,Vorakotda,
6711,Rajkot,Gondal,Gomta,
6712,Rajkot,Gondal,Navagam,
6713,Rajkot,Gondal,Bandra,
6714,Rajkot,Gondal,Devachadi,
6715,Rajkot,Gondal,Mandankundla,
6716,Rajkot,Gondal,Kamadhiya,
6717,Rajkot,Gondal,Keshvala,
6718,Rajkot,Gondal,Vasavad,
6719,Rajkot,Gondal,Meta Khambhaliya,
6720,Rajkot,Gondal,Sajadiyali,
6721,Rajkot,Gondal,Karmal Kotda,
6722,Rajkot,Gondal,Shivrajgadh,
6723,Rajkot,Gondal,Lilakha,
6724,Rajkot,Gondal,Masitala,
6725,Rajkot,Gondal,Bhandariya,
6726,Rajkot,Gondal,Khambhalida,
6727,Rajkot,Gondal,Devla,
6728,Rajkot,Gondal,Dhudashiya,
6729,Rajkot,Gondal,Mota Sakhpar,
6730,Rajkot,Gondal,Nana Sakhpar,
6731,Rajkot,Gondal,Moti Khilori,
6732,Rajkot,Gondal,Dharala,
6733,Rajkot,Gondal,Ravna,
6734,Rajkot,Gondal,Patkhilori,
6735,Rajkot,Gondal,Derdi,
6736,Rajkot,Gondal,Vinzivad,
6737,Rajkot,Gondal,Sultanpur,
6738,Rajkot,Gondal,Ransiki,
6739,Rajkot,Jamkandorna,Chavandi,
6740,Rajkot,Jamkandorna,Dadar,
6741,Rajkot,Jamkandorna,Kanavadala,
6742,Rajkot,Jamkandorna,Dadvi,
6743,Rajkot,Jamkandorna,Pipaliya Agency,
6744,Rajkot,Jamkandorna,Rajpara,
6745,Rajkot,Jamkandorna,Gundasari,
6746,Rajkot,Jamkandorna,Matravad Nava,
6747,Rajkot,Jamkandorna,Matravad Juna,
6748,Rajkot,Jamkandorna,Khijadiya Moj,
6749,Rajkot,Jamkandorna,Thorala,
6750,Rajkot,Jamkandorna,Bardiya,
6751,Rajkot,Jamkandorna,Satudad,
6752,Rajkot,Jamkandorna,Pipaliya Maljibhi,
6753,Rajkot,Jamkandorna,Tarkasar,
6754,Rajkot,Jamkandorna,Meghavad,
6755,Rajkot,Jamkandorna,Thordi,
6756,Rajkot,Jamkandorna,Vavdi,
6757,Rajkot,Jamkandorna,Charel,
6758,Rajkot,Jamkandorna,Chitravad,
6759,Rajkot,Jamkandorna,Chitravad Pati,
6760,Rajkot,Jamkandorna,Khatli,
6761,Rajkot,Jamkandorna,Balapar,
6762,Rajkot,Jamkandorna,Pipardi,
6763,Rajkot,Jamkandorna,Rampar,
6764,Rajkot,Jamkandorna,Belda,
6765,Rajkot,Jamkandorna,Sajadiyali,
6766,Rajkot,Jamkandorna,Dholidhar,
6767,Rajkot,Jamkandorna,Rangpar,
6768,Rajkot,Jamkandorna,Boriya,
6769,Rajkot,Jamkandorna,Bandhiya,
6770,Rajkot,Jamkandorna,Ujala,
6771,Rajkot,Jamkandorna,Padariya,
6772,Rajkot,Jamkandorna,Khajurda,
6773,Rajkot,Jamkandorna,Sodvadar,
6774,Rajkot,Jamkandorna,Rodhel,
6775,Rajkot,Jamkandorna,Anchvad,
6776,Rajkot,Jamkandorna,Jasapar,
6777,Rajkot,Jamkandorna,Jam Kandorna,
6778,Rajkot,Jamkandorna,Mota Bhadra,
6779,Rajkot,Jamkandorna,Dudhivadar,
6780,Rajkot,Jamkandorna,Raydi,
6781,Rajkot,Jamkandorna,Hariyasan,
6782,Rajkot,Jamkandorna,Sanala,
6783,Rajkot,Jamkandorna,Adval,
6784,Rajkot,Jamkandorna,Taravda,
6785,Rajkot,Jamkandorna,Ishvariya,
6786,Rajkot,Upleta,Satvadi,
6787,Rajkot,Upleta,Makhiyala,
6788,Rajkot,Upleta,Padvala,
6789,Rajkot,Upleta,Vadali,
6790,Rajkot,Upleta,Khirsara,
6791,Rajkot,Upleta,Timbadi Jam,
6792,Rajkot,Upleta,Sajdiyali,
6793,Rajkot,Upleta,Arni,
6794,Rajkot,Upleta,Paneli Moti,
6795,Rajkot,Upleta,Hariyasan,
6796,Rajkot,Upleta,Jal,
6797,Rajkot,Upleta,Kalaria,
6798,Rajkot,Upleta,Bhankh,
6799,Rajkot,Upleta,Gadhala,
6800,Rajkot,Upleta,Mojira,
6801,Rajkot,Upleta,Kharachia,
6802,Rajkot,Upleta,Charelia,
6803,Rajkot,Upleta,Vadekhan,
6804,Rajkot,Upleta,Pransla,
6805,Rajkot,Upleta,Dhank,
6806,Rajkot,Upleta,Gadhethal,
6807,Rajkot,Upleta,Rajpara,
6808,Rajkot,Upleta,Rabarika,
6809,Rajkot,Upleta,Kolki,
6810,Rajkot,Upleta,Khakhi Jalia,
6811,Rajkot,Upleta,Kerala,
6812,Rajkot,Upleta,Navapara,
6813,Rajkot,Upleta,Sevantra,
6814,Rajkot,Upleta,Vadla,
6815,Rajkot,Upleta,Nagvadar,
6816,Rajkot,Upleta,Mervadar,
6817,Rajkot,Upleta,Tanasva,
6818,Rajkot,Upleta,Varjang Jalia,
6819,Rajkot,Upleta,Mekhatimbi,
6820,Rajkot,Upleta,Murakhada,
6821,Rajkot,Upleta,Dumiyani,
6822,Rajkot,Upleta,Chikhalia,
6823,Rajkot,Upleta,Hadfodi,
6824,Rajkot,Upleta,Gadha,
6825,Rajkot,Upleta,Isra,
6826,Rajkot,Upleta,Nilakha,
6827,Rajkot,Upleta,Ganod,
6828,Rajkot,Upleta,Bhimora,
6829,Rajkot,Upleta,Lath,
6830,Rajkot,Upleta,Meli Majethi,
6831,Rajkot,Upleta,Kundhech,
6832,Rajkot,Upleta,Talgana,
6833,Rajkot,Upleta,Samadhiyala,
6834,Rajkot,Upleta,Kathrota,
6835,Rajkot,Dhoraji,Moti Vavdi,
6836,Rajkot,Dhoraji,Zanzmer,
6837,Rajkot,Dhoraji,Umarkot,
6838,Rajkot,Dhoraji,Vegdi,
6839,Rajkot,Dhoraji,Bhukhi,
6840,Rajkot,Dhoraji,Supedi,
6841,Rajkot,Dhoraji,Nani Vavdi,
6842,Rajkot,Dhoraji,Bholgamda,
6843,Rajkot,Dhoraji,Chhadvavadar,
6844,Rajkot,Dhoraji,Bhola,
6845,Rajkot,Dhoraji,Bhutvad,
6846,Rajkot,Dhoraji,Fareni,
6847,Rajkot,Dhoraji,Jamnavad,
6848,Rajkot,Dhoraji,Pipaliya,
6849,Rajkot,Dhoraji,Nagalkhada,
6850,Rajkot,Dhoraji,Hadmatiya,
6851,Rajkot,Dhoraji,Moti Marad,
6852,Rajkot,Dhoraji,Moti Parabdi,
6853,Rajkot,Dhoraji,Toraniya,
6854,Rajkot,Dhoraji,Nani Parabdi,
6855,Rajkot,Dhoraji,Udakiya,
6856,Rajkot,Dhoraji,Bhadajaliya,
6857,Rajkot,Dhoraji,Nani Marad,
6858,Rajkot,Dhoraji,Chichod,
6859,Rajkot,Dhoraji,Patanvav,
6860,Rajkot,Dhoraji,Kalana,
6861,Rajkot,Dhoraji,Velariya,
6862,Rajkot,Dhoraji,Bhader,
6863,Rajkot,Dhoraji,Vadodar,
6864,Rajkot,Dhoraji,Chhatrasa,
6865,Rajkot,Jetpur,Umrali,
6866,Rajkot,Jetpur,Valadungra,
6867,Rajkot,Jetpur,Haripar,
6868,Rajkot,Jetpur,Mevasa,
6869,Rajkot,Jetpur,Jepur,
6870,Rajkot,Jetpur,Virpur,
6871,Rajkot,Jetpur,Thorala,
6872,Rajkot,Jetpur,Jambudi,
6873,Rajkot,Jetpur,Premgadh,
6874,Rajkot,Jetpur,Lunagara,
6875,Rajkot,Jetpur,Lunagiri,
6876,Rajkot,Jetpur,Kerali,
6877,Rajkot,Jetpur,Rabarika,
6878,Rajkot,Jetpur,Seluka,
6879,Rajkot,Jetpur,Kagvad,
6880,Rajkot,Jetpur,Pithadiya,
6881,Rajkot,Jetpur,Sardharpur,
6882,Rajkot,Jetpur,Panchpipla,
6883,Rajkot,Jetpur,Mota Gundala,
6884,Rajkot,Jetpur,Mandlikpur,
6885,Rajkot,Jetpur,Pedhla,
6886,Rajkot,Jetpur,Derdi,
6887,Rajkot,Jetpur,Monpar,
6888,Rajkot,Jetpur,Vadasada,
6889,Rajkot,Jetpur,Amarnagar,
6890,Rajkot,Jetpur,Khajuri Gundala,
6891,Rajkot,Jetpur,Khirsara,
6892,Rajkot,Jetpur,Champrajpur,
6893,Rajkot,Jetpur,Juni Sankali,
6894,Rajkot,Jetpur,Navi Sankali,
6895,Rajkot,Jetpur,Bordi Samadhiyala,
6896,Rajkot,Jetpur,Thana Galol,
6897,Rajkot,Jetpur,Station Vavdi,
6898,Rajkot,Jetpur,Charaniya,
6899,Rajkot,Jetpur,Charan Samadhiyala,
6900,Rajkot,Jetpur,Amrapar,
6901,Rajkot,Jetpur,Kharachiya,
6902,Rajkot,Jetpur,Rupavati,
6903,Rajkot,Jetpur,Dedarva,
6904,Rajkot,Jetpur,Pipalva,
6905,Rajkot,Jetpur,Akala,
6906,Rajkot,Jetpur,Arab Timbdi,
6907,Rajkot,Jetpur,Bava Pipaliya,
6908,Rajkot,Jetpur,Bheda Pipaliya,
6909,Rajkot,Jetpur,Reshamdi Galol,
6910,Rajkot,Jetpur,Devki Galol,
6911,Jamnagar,Okhamandal,Bhimrana,
6912,Jamnagar,Okhamandal,Padli,
6913,Jamnagar,Okhamandal,Hamusar,
6914,Jamnagar,Okhamandal,Shamlasar,
6915,Jamnagar,Okhamandal,Positra,
6916,Jamnagar,Okhamandal,Rajpara,
6917,Jamnagar,Okhamandal,Goriyali,
6918,Jamnagar,Okhamandal,Gadhechi,
6919,Jamnagar,Okhamandal,Batisa,
6920,Jamnagar,Okhamandal,Mojap,
6921,Jamnagar,Okhamandal,Makanpur,
6922,Jamnagar,Okhamandal,Vasai,
6923,Jamnagar,Okhamandal,Mevasa,
6924,Jamnagar,Okhamandal,Kalyanpur,
6925,Jamnagar,Okhamandal,Rangasar,
6926,Jamnagar,Okhamandal,Nageshvar,
6927,Jamnagar,Okhamandal,Mulvel,
6928,Jamnagar,Okhamandal,Khatumba,
6929,Jamnagar,Okhamandal,Aniari,
6930,Jamnagar,Okhamandal,Mulvasar,
6931,Jamnagar,Okhamandal,Dhrasan Vel,
6932,Jamnagar,Okhamandal,Tobar,
6933,Jamnagar,Okhamandal,Shivrajpur,
6934,Jamnagar,Okhamandal,Varavala,
6935,Jamnagar,Okhamandal,Nana Bhavda,
6936,Jamnagar,Okhamandal,Mota Bhavda,
6937,Jamnagar,Okhamandal,Tupani,
6938,Jamnagar,Okhamandal,Charakla,
6939,Jamnagar,Okhamandal,Dhinaki,
6940,Jamnagar,Okhamandal,Korada,
6941,Jamnagar,Okhamandal,Baradia,
6942,Jamnagar,Okhamandal,Vachhu,
6943,Jamnagar,Okhamandal,Lovrali,
6944,Jamnagar,Okhamandal,Gorinja,
6945,Jamnagar,Okhamandal,Juni Dhrevad,
6946,Jamnagar,Okhamandal,Navi Dhrevad,
6947,Jamnagar,Okhamandal,Maripur,
6948,Jamnagar,Okhamandal,Okhamadhi,
6949,Jamnagar,Okhamandal,Kuranga,
6950,Jamnagar,Khambhalia,Kalawad Simani,
6951,Jamnagar,Khambhalia,Chudeshvar,
6952,Jamnagar,Khambhalia,Goinj,
6953,Jamnagar,Khambhalia,Kotha Visotri,
6954,Jamnagar,Khambhalia,Sodasala,
6955,Jamnagar,Khambhalia,Parodiya,
6956,Jamnagar,Khambhalia,Mota Mandha,
6957,Jamnagar,Khambhalia,Nana Mandha,
6958,Jamnagar,Khambhalia,Nana Ambla,
6959,Jamnagar,Khambhalia,Mota Ambla,
6960,Jamnagar,Khambhalia,Vadinar,
6961,Jamnagar,Khambhalia,Bharana,
6962,Jamnagar,Khambhalia,Timbdi,
6963,Jamnagar,Khambhalia,Kathi Devaliya,
6964,Jamnagar,Khambhalia,Kajurda,
6965,Jamnagar,Khambhalia,Sumra Taradhari,
6966,Jamnagar,Khambhalia,Vadaliya Sinhan,
6967,Jamnagar,Khambhalia,Sakhpar,
6968,Jamnagar,Khambhalia,Nagada,
6969,Jamnagar,Khambhalia,Danta,
6970,Jamnagar,Khambhalia,Kabar Visotri,
6971,Jamnagar,Khambhalia,Samor,
6972,Jamnagar,Khambhalia,Charbara,
6973,Jamnagar,Khambhalia,Beh,
6974,Jamnagar,Khambhalia,Nana Ashota,
6975,Jamnagar,Khambhalia,Beraja,
6976,Jamnagar,Khambhalia,Zakasiya,
6977,Jamnagar,Khambhalia,Vadtra,
6978,Jamnagar,Khambhalia,Hansthal,
6979,Jamnagar,Khambhalia,Kuvadiya,
6980,Jamnagar,Khambhalia,Harshadpur,
6981,Jamnagar,Khambhalia,Haripar,
6982,Jamnagar,Khambhalia,Kanchanpur,
6983,Jamnagar,Khambhalia,Sinhan Kakabhai,
6984,Jamnagar,Khambhalia,Sinhan Aher,
6985,Jamnagar,Khambhalia,Sodha Tardhari,
6986,Jamnagar,Khambhalia,Dharampur,
6987,Jamnagar,Khambhalia,Ramnagar,
6988,Jamnagar,Khambhalia,Viramdad,
6989,Jamnagar,Khambhalia,Khajuriya,
6990,Jamnagar,Khambhalia,Bhatel,
6991,Jamnagar,Khambhalia,Sonaradi,
6992,Jamnagar,Khambhalia,Dhandhusar,
6993,Jamnagar,Khambhalia,Datrana,
6994,Jamnagar,Khambhalia,Hanjdapar,
6995,Jamnagar,Khambhalia,Sidhpur,
6996,Jamnagar,Khambhalia,Movan,
6997,Jamnagar,Khambhalia,Pipliya,
6998,Jamnagar,Khambhalia,Juvangadh,
6999,Jamnagar,Khambhalia,Madhupur,
7000,Jamnagar,Khambhalia,Vinzalpar,
7001,Jamnagar,Khambhalia,Manza,
7002,Jamnagar,Khambhalia,Bhatgam,
7003,Jamnagar,Khambhalia,Kota,
7004,Jamnagar,Khambhalia,Lakhasar Hapa,
7005,Jamnagar,Khambhalia,Mahadeviya,
7006,Jamnagar,Khambhalia,Pir Lakhasar,
7007,Jamnagar,Khambhalia,Bajana,
7008,Jamnagar,Khambhalia,Kandorna,
7009,Jamnagar,Khambhalia,Kolava,
7010,Jamnagar,Khambhalia,Laliya,
7011,Jamnagar,Khambhalia,Keshod,
7012,Jamnagar,Khambhalia,Thakar Sherdi,
7013,Jamnagar,Khambhalia,Golan Sherdi,
7014,Jamnagar,Khambhalia,Bhadthar,
7015,Jamnagar,Khambhalia,Bhinda,
7016,Jamnagar,Khambhalia,Bhankhokhari,
7017,Jamnagar,Khambhalia,Tathiya,
7018,Jamnagar,Khambhalia,Bhandariya,
7019,Jamnagar,Khambhalia,Ambardi,
7020,Jamnagar,Khambhalia,Devaliya (A),
7021,Jamnagar,Khambhalia,Sagariya,
7022,Jamnagar,Khambhalia,Sutariya,
7023,Jamnagar,Khambhalia,Kotadiya,
7024,Jamnagar,Khambhalia,Moti Khokhri,
7025,Jamnagar,Khambhalia,Bhara Beraja,
7026,Jamnagar,Khambhalia,Sheda Bhadthar,
7027,Jamnagar,Khambhalia,Laluka,
7028,Jamnagar,Khambhalia,Fot,
7029,Jamnagar,Khambhalia,Lalparda,
7030,Jamnagar,Khambhalia,Ajad Tapu,
7031,Jamnagar,Khambhalia,Panero(Kado),
7032,Jamnagar,Khambhalia,Gandhiya (Kado),
7033,Jamnagar,Khambhalia,Kalubhar Tapu,
7034,Jamnagar,Jamnagar,Sarmat,
7035,Jamnagar,Jamnagar,Gordhanpar,
7036,Jamnagar,Jamnagar,Khara Beraja,
7037,Jamnagar,Jamnagar,Dhinchda,
7038,Jamnagar,Jamnagar,Rozibet,
7039,Jamnagar,Jamnagar,Nava Nagna,
7040,Jamnagar,Jamnagar,Juna Nagna,
7041,Jamnagar,Jamnagar,Dhunvav,
7042,Jamnagar,Jamnagar,Khijadiya,
7043,Jamnagar,Jamnagar,Jambuda,
7044,Jamnagar,Jamnagar,Sachana,
7045,Jamnagar,Jamnagar,Rampar,
7046,Jamnagar,Jamnagar,Fala,
7047,Jamnagar,Jamnagar,Dhrangda,
7048,Jamnagar,Jamnagar,Khambhalida Nanovas,
7049,Jamnagar,Jamnagar,Khambhalida Motovas,
7050,Jamnagar,Jamnagar,Khijadiya Ravani,
7051,Jamnagar,Jamnagar,Ranjitpar,
7052,Jamnagar,Jamnagar,Khilos,
7053,Jamnagar,Jamnagar,Nani Banugar,
7054,Jamnagar,Jamnagar,Moti Banugar,
7055,Jamnagar,Jamnagar,Shekhpat,
7056,Jamnagar,Jamnagar,Khimrana,
7057,Jamnagar,Jamnagar,Naghedi,
7058,Jamnagar,Jamnagar,Vasai,
7059,Jamnagar,Jamnagar,Bed,
7060,Jamnagar,Jamnagar,Mungani,
7061,Jamnagar,Jamnagar,Gagva,
7062,Jamnagar,Jamnagar,Moti Khavdi,
7063,Jamnagar,Jamnagar,Nani Khavdi,
7064,Jamnagar,Jamnagar,Sapar,
7065,Jamnagar,Jamnagar,Amra,
7066,Jamnagar,Jamnagar,Ravalsar,
7067,Jamnagar,Jamnagar,Lakha Baval,
7068,Jamnagar,Jamnagar,Kansumara,
7069,Jamnagar,Jamnagar,Morkanda,
7070,Jamnagar,Jamnagar,Theba,
7071,Jamnagar,Jamnagar,Hapa,
7072,Jamnagar,Jamnagar,Bada,
7073,Jamnagar,Jamnagar,Suryapara,
7074,Jamnagar,Jamnagar,Lakhani Motovas,
7075,Jamnagar,Jamnagar,Lakhani Nanovas,
7076,Jamnagar,Jamnagar,Tamachan,
7077,Jamnagar,Jamnagar,Jamvanathali,
7078,Jamnagar,Jamnagar,Chavda,
7079,Jamnagar,Jamnagar,Moda,
7080,Jamnagar,Jamnagar,Gangajala,
7081,Jamnagar,Jamnagar,Alia,
7082,Jamnagar,Jamnagar,Mota Thavariya,
7083,Jamnagar,Jamnagar,Khimaliya,
7084,Jamnagar,Jamnagar,Dared,
7085,Jamnagar,Jamnagar,Masitiya,
7086,Jamnagar,Jamnagar,Champa Beraja,
7087,Jamnagar,Jamnagar,Jivapar,
7088,Jamnagar,Jamnagar,Gaduka,
7089,Jamnagar,Jamnagar,Balambhdi,
7090,Jamnagar,Jamnagar,Dodhiya,
7091,Jamnagar,Jamnagar,Vav Beraja,
7092,Jamnagar,Jamnagar,Chela,
7093,Jamnagar,Jamnagar,Dadiya,
7094,Jamnagar,Jamnagar,Mokhana,
7095,Jamnagar,Jamnagar,Suvarda,
7096,Jamnagar,Jamnagar,Vijarkhi,
7097,Jamnagar,Jamnagar,Sapda,
7098,Jamnagar,Jamnagar,Beraja,
7099,Jamnagar,Jamnagar,Jaga,
7100,Jamnagar,Jamnagar,Varna,
7101,Jamnagar,Jamnagar,Virpar,
7102,Jamnagar,Jamnagar,Veratiya,
7103,Jamnagar,Jamnagar,Khara Vedha,
7104,Jamnagar,Jamnagar,Sumri (Dhutarpar),
7105,Jamnagar,Jamnagar,Dhudasiya,
7106,Jamnagar,Jamnagar,Dhutarpar,
7107,Jamnagar,Jamnagar,Medi,
7108,Jamnagar,Jamnagar,Nani Matli,
7109,Jamnagar,Jamnagar,Pasaya,
7110,Jamnagar,Jamnagar,Modpar,
7111,Jamnagar,Jamnagar,Fachariya,
7112,Jamnagar,Jamnagar,Miyatra,
7113,Jamnagar,Jamnagar,Harshadpar,
7114,Jamnagar,Jamnagar,Naranpar,
7115,Jamnagar,Jamnagar,Changa,
7116,Jamnagar,Jamnagar,Chandragadh,
7117,Jamnagar,Jamnagar,Khoja Beraja,
7118,Jamnagar,Jamnagar,Lonthiya,
7119,Jamnagar,Jamnagar,Bavariya,
7120,Jamnagar,Jamnagar,Lavadiya,
7121,Jamnagar,Jamnagar,Naghuna,
7122,Jamnagar,Jamnagar,Nana Thavariya,
7123,Jamnagar,Jamnagar,Hadmatiya,
7124,Jamnagar,Jamnagar,Matva,
7125,Jamnagar,Jamnagar,Moti Bhalsan,
7126,Jamnagar,Jamnagar,Sumri (Bhalsan),
7127,Jamnagar,Jamnagar,Konza,
7128,Jamnagar,Jamnagar,Makvana,
7129,Jamnagar,Jamnagar,Dhandha,
7130,Jamnagar,Jamnagar,Chandraga,
7131,Jamnagar,Jamnagar,Vaniyagam,
7132,Jamnagar,Jamnagar,Vagadiya,
7133,Jamnagar,Jamnagar,Pirotan (Bet),
7134,Jamnagar,Jodiya,Untbet-Shampar,
7135,Jamnagar,Jodiya,Zinzuda,
7136,Jamnagar,Jodiya,Rajpar,
7137,Jamnagar,Jodiya,Fadsar,
7138,Jamnagar,Jodiya,Bela,
7139,Jamnagar,Jodiya,Rampar (Parabekar),
7140,Jamnagar,Jodiya,Kothariya,
7141,Jamnagar,Jodiya,Amran,
7142,Jamnagar,Jodiya,Kharachiya,
7143,Jamnagar,Jodiya,Kerali,
7144,Jamnagar,Jodiya,Fatsar,
7145,Jamnagar,Jodiya,Jivapar,
7146,Jamnagar,Jodiya,Badanpar (Amran),
7147,Jamnagar,Jodiya,Dhudkot,
7148,Jamnagar,Jodiya,Mavnugam,
7149,Jamnagar,Jodiya,Dudhai,
7150,Jamnagar,Jodiya,Manamora,
7151,Jamnagar,Jodiya,Bhimkata,
7152,Jamnagar,Jodiya,Jamsar,
7153,Jamnagar,Jodiya,Sampar,
7154,Jamnagar,Jodiya,Ambala,
7155,Jamnagar,Jodiya,Koyli,
7156,Jamnagar,Jodiya,Padana,
7157,Jamnagar,Jodiya,Jiragadh,
7158,Jamnagar,Jodiya,Tarana,
7159,Jamnagar,Jodiya,Madhapar,
7160,Jamnagar,Jodiya,Balambha,
7161,Jamnagar,Jodiya,Ranjitpar,
7162,Jamnagar,Jodiya,Jodiya,
7163,Jamnagar,Jodiya,Badanpar (Jodiya),
7164,Jamnagar,Jodiya,Kunad,
7165,Jamnagar,Jodiya,Balachadi,
7166,Jamnagar,Jodiya,Khiri,
7167,Jamnagar,Jodiya,Hadiyana,
7168,Jamnagar,Jodiya,Baradi,
7169,Jamnagar,Jodiya,Beraja,
7170,Jamnagar,Jodiya,Vavdi,
7171,Jamnagar,Jodiya,Nesda,
7172,Jamnagar,Jodiya,Limbuda,
7173,Jamnagar,Jodiya,Anada,
7174,Jamnagar,Jodiya,Bhadra,
7175,Jamnagar,Jodiya,Lakhtar,
7176,Jamnagar,Jodiya,Keshiya,
7177,Jamnagar,Jodiya,Manpar,
7178,Jamnagar,Jodiya,Morana,
7179,Jamnagar,Jodiya,Meghpar,
7180,Jamnagar,Jodiya,Jasapar,
7181,Jamnagar,Jodiya,Bodka,
7182,Jamnagar,Jodiya,Pithad,
7183,Jamnagar,Jodiya,Gajdi,
7184,Jamnagar,Jodiya,Rasnal,
7185,Jamnagar,Jodiya,Timbdi,
7186,Jamnagar,Dhrol,Majoth,
7187,Jamnagar,Dhrol,Mavapar,
7188,Jamnagar,Dhrol,Nana Garediya,
7189,Jamnagar,Dhrol,Hadatoda,
7190,Jamnagar,Dhrol,Hajamchora,
7191,Jamnagar,Dhrol,Bhensdad,
7192,Jamnagar,Dhrol,Manekpar,
7193,Jamnagar,Dhrol,Mota Garediya,
7194,Jamnagar,Dhrol,Nathuvadla,
7195,Jamnagar,Dhrol,Soyal,
7196,Jamnagar,Dhrol,Vankiya,
7197,Jamnagar,Dhrol,Haripar,
7198,Jamnagar,Dhrol,Nana Vagudad,
7199,Jamnagar,Dhrol,Latipur,
7200,Jamnagar,Dhrol,Sagaliya,
7201,Jamnagar,Dhrol,Mota Vagudad,
7202,Jamnagar,Dhrol,Jayva,
7203,Jamnagar,Dhrol,Kharva,
7204,Jamnagar,Dhrol,Bijalka,
7205,Jamnagar,Dhrol,Mota Itala,
7206,Jamnagar,Dhrol,Laiyala,
7207,Jamnagar,Dhrol,Sudhadhuna,
7208,Jamnagar,Dhrol,Dharampur,
7209,Jamnagar,Dhrol,Modpar,
7210,Jamnagar,Dhrol,Dedakdad,
7211,Jamnagar,Dhrol,Sanosara,
7212,Jamnagar,Dhrol,Jabida,
7213,Jamnagar,Dhrol,Gadhada,
7214,Jamnagar,Dhrol,Rajpar,
7215,Jamnagar,Dhrol,Hamapar,
7216,Jamnagar,Dhrol,Roziya,
7217,Jamnagar,Dhrol,Jaliya Mansar,
7218,Jamnagar,Dhrol,Khijadiya,
7219,Jamnagar,Dhrol,Sumra,
7220,Jamnagar,Dhrol,Pipartoda,
7221,Jamnagar,Dhrol,Khengarka,
7222,Jamnagar,Dhrol,Katda,
7223,Jamnagar,Dhrol,Chhalla,
7224,Jamnagar,Dhrol,Golita,
7225,Jamnagar,Dhrol,Dangra,
7226,Jamnagar,Dhrol,Khakhra,
7227,Jamnagar,Kalavad,Moti Matli,
7228,Jamnagar,Kalavad,Pithadiya,
7229,Jamnagar,Kalavad,Makaji Meghpar,
7230,Jamnagar,Kalavad,Vibhaniya,
7231,Jamnagar,Kalavad,Nani Nagajar,
7232,Jamnagar,Kalavad,Moti Nagajar,
7233,Jamnagar,Kalavad,Khandhera,
7234,Jamnagar,Kalavad,Khan Kotda,
7235,Jamnagar,Kalavad,Sarapadar,
7236,Jamnagar,Kalavad,Beraja,
7237,Jamnagar,Kalavad,Nani Bhalsan,
7238,Jamnagar,Kalavad,Dungrani Devaliya,
7239,Jamnagar,Kalavad,Ravashiya,
7240,Jamnagar,Kalavad,Banga,
7241,Jamnagar,Kalavad,Dudhala,
7242,Jamnagar,Kalavad,Nagpur,
7243,Jamnagar,Kalavad,Golaniya,
7244,Jamnagar,Kalavad,Haripar (Khandhera),
7245,Jamnagar,Kalavad,Vodisang,
7246,Jamnagar,Kalavad,Satiya,
7247,Jamnagar,Kalavad,Sortha,
7248,Jamnagar,Kalavad,Juvanpar,
7249,Jamnagar,Kalavad,Mota Vadala,
7250,Jamnagar,Kalavad,Bhimanugam,
7251,Jamnagar,Kalavad,Virvav,
7252,Jamnagar,Kalavad,Nana Badanpar,
7253,Jamnagar,Kalavad,Moti Bhagedi,
7254,Jamnagar,Kalavad,Laloi,
7255,Jamnagar,Kalavad,Galpadar,
7256,Jamnagar,Kalavad,Hansthal,
7257,Jamnagar,Kalavad,Rampar,
7258,Jamnagar,Kalavad,Chela Bedi,
7259,Jamnagar,Kalavad,Savli,
7260,Jamnagar,Kalavad,Davli,
7261,Jamnagar,Kalavad,Nani Bhagedi,
7262,Jamnagar,Kalavad,Nani Vavdi,
7263,Jamnagar,Kalavad,Jivapar,
7264,Jamnagar,Kalavad,Bava Khakhariya,
7265,Jamnagar,Kalavad,Bhayu Khakhariya,
7266,Jamnagar,Kalavad,Navania Khakhariya,
7267,Jamnagar,Kalavad,Pata Meghpar,
7268,Jamnagar,Kalavad,Shishang,
7269,Jamnagar,Kalavad,Dhedh Khijadiya,
7270,Jamnagar,Kalavad,Jashapar,
7271,Jamnagar,Kalavad,Sanala,
7272,Jamnagar,Kalavad,Machhalivad,
7273,Jamnagar,Kalavad,Vazir Khakhariya,
7274,Jamnagar,Kalavad,Morvadi,
7275,Jamnagar,Kalavad,Bodi,
7276,Jamnagar,Kalavad,Nana Panchdevda,
7277,Jamnagar,Kalavad,Mota Panchdevda,
7278,Jamnagar,Kalavad,Chhatar,
7279,Jamnagar,Kalavad,Arala,
7280,Jamnagar,Kalavad,Jamvali,
7281,Jamnagar,Kalavad,Jalansar,
7282,Jamnagar,Kalavad,Prabhuji Pipaliya,
7283,Jamnagar,Kalavad,Sarvaniya,
7284,Jamnagar,Kalavad,Khimani Sanosara,
7285,Jamnagar,Kalavad,Rajsthali,
7286,Jamnagar,Kalavad,Chapra,
7287,Jamnagar,Kalavad,Rajda,
7288,Jamnagar,Kalavad,Nikava,
7289,Jamnagar,Kalavad,Anandpar,
7290,Jamnagar,Kalavad,Pipaliya (Dhandhaliya),
7291,Jamnagar,Kalavad,Khad Dhoraji,
7292,Jamnagar,Kalavad,Bediya,
7293,Jamnagar,Kalavad,Kotha Bhadukiya,
7294,Jamnagar,Kalavad,Mota Bhadukiya,
7295,Jamnagar,Kalavad,Balambhadi,
7296,Jamnagar,Kalavad,Mulila,
7297,Jamnagar,Kalavad,Rinari,
7298,Jamnagar,Kalavad,Makrani Sanosara,
7299,Jamnagar,Kalavad,Moti Vavdi,
7300,Jamnagar,Kalavad,Sarvaniya Hakumati,
7301,Jamnagar,Kalavad,Dhundhoraji,
7302,Jamnagar,Kalavad,Navagam,
7303,Jamnagar,Kalavad,Machharda,
7304,Jamnagar,Kalavad,Fagas,
7305,Jamnagar,Kalavad,Napaniya Khijadiya,
7306,Jamnagar,Kalavad,Labukiya Bhadukiya,
7307,Jamnagar,Kalavad,Bhagat Khijadiya,
7308,Jamnagar,Kalavad,Pipar,
7309,Jamnagar,Kalavad,Nana Vadala,
7310,Jamnagar,Kalavad,Dangarvada,
7311,Jamnagar,Kalavad,Metiya,
7312,Jamnagar,Kalavad,Deri,
7313,Jamnagar,Kalavad,Kharedi,
7314,Jamnagar,Kalavad,Bamangam,
7315,Jamnagar,Kalavad,Toda,
7316,Jamnagar,Kalavad,Bhangda,
7317,Jamnagar,Kalavad,Umrala,
7318,Jamnagar,Kalavad,Haripar (Mevasa),
7319,Jamnagar,Kalavad,Mevasa (Haripar),
7320,Jamnagar,Kalavad,Bhavabhi Khijadiya,
7321,Jamnagar,Kalavad,Gunda,
7322,Jamnagar,Kalavad,Makha Karod,
7323,Jamnagar,Kalavad,Kalmeghada,
7324,Jamnagar,Kalavad,Moridad,
7325,Jamnagar,Lalpur,Singach,
7326,Jamnagar,Lalpur,Zankhar,
7327,Jamnagar,Lalpur,Jogvad,
7328,Jamnagar,Lalpur,Meghpar,
7329,Jamnagar,Lalpur,Padana,
7330,Jamnagar,Lalpur,Navagam,
7331,Jamnagar,Lalpur,Dera Chhikari,
7332,Jamnagar,Lalpur,Kana chhikari,
7333,Jamnagar,Lalpur,Pipli,
7334,Jamnagar,Lalpur,Meghnugam,
7335,Jamnagar,Lalpur,Kanalus,
7336,Jamnagar,Lalpur,Khatiya Beraja,
7337,Jamnagar,Lalpur,Lakhiya Nana,
7338,Jamnagar,Lalpur,Mithoi,
7339,Jamnagar,Lalpur,Rasangpar,
7340,Jamnagar,Lalpur,Lakhiya Mota,
7341,Jamnagar,Lalpur,Rangpar,
7342,Jamnagar,Lalpur,Setalus,
7343,Jamnagar,Lalpur,Arablus,
7344,Jamnagar,Lalpur,Meghavadar,
7345,Jamnagar,Lalpur,Veraval Moti,
7346,Jamnagar,Lalpur,Pipartoda,
7347,Jamnagar,Lalpur,Haripar,
7348,Jamnagar,Lalpur,Sevak Bhatiya,
7349,Jamnagar,Lalpur,Sevak Dhuniya,
7350,Jamnagar,Lalpur,Dabasang,
7351,Jamnagar,Lalpur,Machhu Beraja,
7352,Jamnagar,Lalpur,Sevak Bharudiya,
7353,Jamnagar,Lalpur,Modpar,
7354,Jamnagar,Lalpur,Jasapar,
7355,Jamnagar,Lalpur,Charantungi,
7356,Jamnagar,Lalpur,Daltungi,
7357,Jamnagar,Lalpur,Rafudad Moti,
7358,Jamnagar,Lalpur,Gajana,
7359,Jamnagar,Lalpur,Mulila,
7360,Jamnagar,Lalpur,Arikhana,
7361,Jamnagar,Lalpur,Memana,
7362,Jamnagar,Lalpur,Khengarpar,
7363,Jamnagar,Lalpur,Gala,
7364,Jamnagar,Lalpur,Karana,
7365,Jamnagar,Lalpur,Vadpanchasara,
7366,Jamnagar,Lalpur,Panchsara Mota,
7367,Jamnagar,Lalpur,Khad Khambhaliya,
7368,Jamnagar,Lalpur,Dhuniya Nava,
7369,Jamnagar,Lalpur,Khadba Mota,
7370,Jamnagar,Lalpur,Veraval Navi,
7371,Jamnagar,Lalpur,Lalpur,
7372,Jamnagar,Lalpur,Khirsara,
7373,Jamnagar,Lalpur,Pipar Navi,
7374,Jamnagar,Lalpur,Rafudad Nani,
7375,Jamnagar,Lalpur,Kanvirdi,
7376,Jamnagar,Lalpur,Apia,
7377,Jamnagar,Lalpur,Babarzar,
7378,Jamnagar,Lalpur,Govana,
7379,Jamnagar,Lalpur,Godavari,
7380,Jamnagar,Lalpur,Nanduri,
7381,Jamnagar,Lalpur,Bharudiya Mota,
7382,Jamnagar,Lalpur,Vijaypur,
7383,Jamnagar,Lalpur,Vavdi,
7384,Jamnagar,Lalpur,Rakka,
7385,Jamnagar,Lalpur,Khatiya,
7386,Jamnagar,Lalpur,Sajadiyali,
7387,Jamnagar,Lalpur,Badhla,
7388,Jamnagar,Lalpur,Khadba Nana,
7389,Jamnagar,Lalpur,Babariya,
7390,Jamnagar,Lalpur,Rinzpur,
7391,Jamnagar,Lalpur,Tebhada,
7392,Jamnagar,Lalpur,Dharampur,
7393,Jamnagar,Lalpur,Sanosri,
7394,Jamnagar,Lalpur,Kathitad,
7395,Jamnagar,Lalpur,Sansara,
7396,Jamnagar,Lalpur,Chorbedi,
7397,Jamnagar,Lalpur,Dantiyo (Kado),
7398,Jamnagar,Kalyanpur,Pindara,
7399,Jamnagar,Kalyanpur,Virpur Lusari,
7400,Jamnagar,Kalyanpur,Asota Mota,
7401,Jamnagar,Kalyanpur,Habardi Manipur,
7402,Jamnagar,Kalyanpur,Ran,
7403,Jamnagar,Kalyanpur,Mevasa,
7404,Jamnagar,Kalyanpur,Mahadeviya,
7405,Jamnagar,Kalyanpur,Ranjitpar,
7406,Jamnagar,Kalyanpur,Gurgadh,
7407,Jamnagar,Kalyanpur,Gaga,
7408,Jamnagar,Kalyanpur,Nandana,
7409,Jamnagar,Kalyanpur,Bhopalka,
7410,Jamnagar,Kalyanpur,Juvanpar,
7411,Jamnagar,Kalyanpur,Sidsara,
7412,Jamnagar,Kalyanpur,Manpara,
7413,Jamnagar,Kalyanpur,Meghpur Titodi,
7414,Jamnagar,Kalyanpur,Gadhka,
7415,Jamnagar,Kalyanpur,Patelka,
7416,Jamnagar,Kalyanpur,Khakharda,
7417,Jamnagar,Kalyanpur,Kenedi,
7418,Jamnagar,Kalyanpur,Bhatiya,
7419,Jamnagar,Kalyanpur,Bamanasa,
7420,Jamnagar,Kalyanpur,Bhatvadiya,
7421,Jamnagar,Kalyanpur,Goji Nes,
7422,Jamnagar,Kalyanpur,Bhogat,
7423,Jamnagar,Kalyanpur,Gokalpar,
7424,Jamnagar,Kalyanpur,Hadmatiya,
7425,Jamnagar,Kalyanpur,Bankodi,
7426,Jamnagar,Kalyanpur,Kalyanpur,
7427,Jamnagar,Kalyanpur,Khijadad,
7428,Jamnagar,Kalyanpur,Jampar,
7429,Jamnagar,Kalyanpur,Dhrumthal,
7430,Jamnagar,Kalyanpur,Chapar,
7431,Jamnagar,Kalyanpur,Kanakpar,
7432,Jamnagar,Kalyanpur,Kanpar Sherdi,
7433,Jamnagar,Kalyanpur,Rajpar,
7434,Jamnagar,Kalyanpur,Chur,
7435,Jamnagar,Kalyanpur,Mangariya,
7436,Jamnagar,Kalyanpur,Haripar,
7437,Jamnagar,Kalyanpur,Keshavpura,
7438,Jamnagar,Kalyanpur,Maleta,
7439,Jamnagar,Kalyanpur,Jodhpar,
7440,Jamnagar,Kalyanpur,Navadra,
7441,Jamnagar,Kalyanpur,Satapar,
7442,Jamnagar,Kalyanpur,Devaliya,
7443,Jamnagar,Kalyanpur,Paneli,
7444,Jamnagar,Kalyanpur,Jepur,
7445,Jamnagar,Kalyanpur,Ashiyavadar,
7446,Jamnagar,Kalyanpur,Dudhiya,
7447,Jamnagar,Kalyanpur,Dhaturiya,
7448,Jamnagar,Kalyanpur,Khirasara,
7449,Jamnagar,Kalyanpur,Nagadiya,
7450,Jamnagar,Kalyanpur,Dangarvad,
7451,Jamnagar,Kalyanpur,Ranparda,
7452,Jamnagar,Kalyanpur,Suryavadar,
7453,Jamnagar,Kalyanpur,Tankariya,
7454,Jamnagar,Kalyanpur,Sanosari,
7455,Jamnagar,Kalyanpur,Chachlana,
7456,Jamnagar,Kalyanpur,Lamba,
7457,Jamnagar,Kalyanpur,Gangdi,
7458,Jamnagar,Kalyanpur,Gandhvi,
7459,Jamnagar,Kalyanpur,Chandravada,
7460,Jamnagar,Kalyanpur,Premsar,
7461,Jamnagar,Kalyanpur,Gorana,
7462,Jamnagar,Bhanvad,Renta Kalavad,
7463,Jamnagar,Bhanvad,Gundla,
7464,Jamnagar,Bhanvad,Chandvad,
7465,Jamnagar,Bhanvad,Jampar,
7466,Jamnagar,Bhanvad,Chokhanda,
7467,Jamnagar,Bhanvad,Bhangor,
7468,Jamnagar,Bhanvad,Bhoriya,
7469,Jamnagar,Bhanvad,Kabarka,
7470,Jamnagar,Bhanvad,Shedhakhai,
7471,Jamnagar,Bhanvad,Morjhar,
7472,Jamnagar,Bhanvad,Sevak Devaliya,
7473,Jamnagar,Bhanvad,Gunda,
7474,Jamnagar,Bhanvad,Sajadiyali,
7475,Jamnagar,Bhanvad,Kantoliya,
7476,Jamnagar,Bhanvad,Sanakhala,
7477,Jamnagar,Bhanvad,Rojhivada,
7478,Jamnagar,Bhanvad,Navagam,
7479,Jamnagar,Bhanvad,Sai Devaliya,
7480,Jamnagar,Bhanvad,Bodki,
7481,Jamnagar,Bhanvad,Fotdi,
7482,Jamnagar,Bhanvad,Dharagar,
7483,Jamnagar,Bhanvad,Krushnagadh,
7484,Jamnagar,Bhanvad,Verad,
7485,Jamnagar,Bhanvad,Fatepur,
7486,Jamnagar,Bhanvad,Rupamora,
7487,Jamnagar,Bhanvad,Jharera,
7488,Jamnagar,Bhanvad,Bhavaneshvar,
7489,Jamnagar,Bhanvad,Dhebar,
7490,Jamnagar,Bhanvad,Bhenakvad,
7491,Jamnagar,Bhanvad,Ambaliyara,
7492,Jamnagar,Bhanvad,Ranparda,
7493,Jamnagar,Bhanvad,Bharatpur,
7494,Jamnagar,Bhanvad,Mevasa,
7495,Jamnagar,Bhanvad,Ambardi,
7496,Jamnagar,Bhanvad,Vanavad,
7497,Jamnagar,Bhanvad,Shiva,
7498,Jamnagar,Bhanvad,Mota Kalavad,
7499,Jamnagar,Bhanvad,Timbdi,
7500,Jamnagar,Bhanvad,Ghumli,
7501,Jamnagar,Bhanvad,Mokhana,
7502,Jamnagar,Bhanvad,Pachhatar,
7503,Jamnagar,Bhanvad,Dudhala,
7504,Jamnagar,Bhanvad,Hathla,
7505,Jamnagar,Bhanvad,Gadu,
7506,Jamnagar,Bhanvad,Ranpar,
7507,Jamnagar,Bhanvad,Pachhatardi,
7508,Jamnagar,Bhanvad,Kansaliyo Nes,
7509,Jamnagar,Bhanvad,Baradi Nes,
7510,Jamnagar,Bhanvad,Dandra Nes,
7511,Jamnagar,Bhanvad,Modpar,
7512,Jamnagar,Bhanvad,Kalyanpar,
7513,Jamnagar,Bhanvad,Katkola,
7514,Jamnagar,Bhanvad,Satsagar Nes,
7515,Jamnagar,Bhanvad,Rojhda,
7516,Jamnagar,Bhanvad,Khodiyar Nes,
7517,Jamnagar,Bhanvad,Suvardo Nes,
7518,Jamnagar,Bhanvad,Fuljhar Nes,
7519,Jamnagar,Bhanvad,Kasvirdo Nes,
7520,Jamnagar,Bhanvad,Jambusar,
7521,Jamnagar,Bhanvad,Jasapar,
7522,Jamnagar,Bhanvad,Ravno Nes,
7523,Jamnagar,Bhanvad,Chhapiyo Nes,
7524,Jamnagar,Bhanvad,Ranivav Nes,
7525,Jamnagar,Bhanvad,Moradiyo Nes,
7526,Jamnagar,Bhanvad,Gulabsagar Nes,
7527,Jamnagar,Bhanvad,Abhpara Nes,
7528,Jamnagar,Bhanvad,Thar Nes,
7529,Jamnagar,Bhanvad,Dhedhakhuna Nes,
7530,Jamnagar,Bhanvad,Dhola Dhuna Nes,
7531,Jamnagar,Bhanvad,Kathiyani Nes,
7532,Jamnagar,Bhanvad,Vagadiyo Nes,
7533,Jamnagar,Bhanvad,Dhramni Nes,
7534,Jamnagar,Bhanvad,Vi Nes,
7535,Jamnagar,Bhanvad,Gali Nes,
7536,Jamnagar,Bhanvad,Killeshwar Nes,
7537,Jamnagar,Bhanvad,Dhedhio Nes,
7538,Jamnagar,Bhanvad,Tadi Nes,
7539,Jamnagar,Bhanvad,Khatariyo Nes,
7540,Jamnagar,Bhanvad,Bado Nes,
7541,Jamnagar,Bhanvad,Kapurdi Nes,
7542,Jamnagar,Bhanvad,Ranasar Nes,
7543,Jamnagar,Bhanvad,Karanjvaro,
7544,Jamnagar,Bhanvad,Bharadi Nes,
7545,Jamnagar,Bhanvad,Savarkundla,
7546,Jamnagar,Bhanvad,Son kansari Nes,
7547,Jamnagar,Bhanvad,Baritalav Nes,
7548,Jamnagar,Bhanvad,Khunano Nes,
7549,Jamnagar,Bhanvad,Bataliyo Nes,
7550,Jamnagar,Bhanvad,Kathano Nes,
7551,Jamnagar,Bhanvad,Danderi Nes,
7552,Jamnagar,Bhanvad,Bari Nes,
7553,Jamnagar,Bhanvad,Kheral,
7554,Jamnagar,Bhanvad,Amrachhella,
7555,Jamnagar,Bhanvad,Sakroja,
7556,Jamnagar,Jamjodhpur,Karsanpar,
7557,Jamnagar,Jamjodhpur,Moti Gop,
7558,Jamnagar,Jamjodhpur,Meghpar,
7559,Jamnagar,Jamjodhpur,Zinavari,
7560,Jamnagar,Jamjodhpur,Ghelda,
7561,Jamnagar,Jamjodhpur,Ghunda,
7562,Jamnagar,Jamjodhpur,Kotha Virdi,
7563,Jamnagar,Jamjodhpur,Bamthiya,
7564,Jamnagar,Jamjodhpur,Bhojabedi,
7565,Jamnagar,Jamjodhpur,Virpur,
7566,Jamnagar,Jamjodhpur,Bavdidad,
7567,Jamnagar,Jamjodhpur,Samana,
7568,Jamnagar,Jamjodhpur,Dal Devaliya,
7569,Jamnagar,Jamjodhpur,Narmana,
7570,Jamnagar,Jamjodhpur,Luvarsar,
7571,Jamnagar,Jamjodhpur,Sukhpar Dhrafa,
7572,Jamnagar,Jamjodhpur,Laloi,
7573,Jamnagar,Jamjodhpur,Ambardi Jam,
7574,Jamnagar,Jamjodhpur,Ambardi Bhupat,
7575,Jamnagar,Jamjodhpur,Gadhakda,
7576,Jamnagar,Jamjodhpur,Veraval,
7577,Jamnagar,Jamjodhpur,Ishvariya,
7578,Jamnagar,Jamjodhpur,Rabarika,
7579,Jamnagar,Jamjodhpur,Son Vadiya,
7580,Jamnagar,Jamjodhpur,Mota Vadiya,
7581,Jamnagar,Jamjodhpur,Hothiji Khadba,
7582,Jamnagar,Jamjodhpur,Vanana,
7583,Jamnagar,Jamjodhpur,Nandana,
7584,Jamnagar,Jamjodhpur,Ambardi Deri,
7585,Jamnagar,Jamjodhpur,Sheth Vadala,
7586,Jamnagar,Jamjodhpur,Sogthi,
7587,Jamnagar,Jamjodhpur,Sadodar,
7588,Jamnagar,Jamjodhpur,Methan,
7589,Jamnagar,Jamjodhpur,Bharad Moti,
7590,Jamnagar,Jamjodhpur,Bhardki,
7591,Jamnagar,Jamjodhpur,Kalyanpur,
7592,Jamnagar,Jamjodhpur,Jasapar,
7593,Jamnagar,Jamjodhpur,Chiroda Muluji,
7594,Jamnagar,Jamjodhpur,Ambardi Meghpar,
7595,Jamnagar,Jamjodhpur,Ambardi Mevasa,
7596,Jamnagar,Jamjodhpur,Melan,
7597,Jamnagar,Jamjodhpur,Kadbal,
7598,Jamnagar,Jamjodhpur,Vasantpur,
7599,Jamnagar,Jamjodhpur,Jamvali,
7600,Jamnagar,Jamjodhpur,Chur,
7601,Jamnagar,Jamjodhpur,Balva,
7602,Jamnagar,Jamjodhpur,Kotda,
7603,Jamnagar,Jamjodhpur,Dhrafa,
7604,Jamnagar,Jamjodhpur,Gorkhadi,
7605,Jamnagar,Jamjodhpur,Chiroda Sang,
7606,Jamnagar,Jamjodhpur,Butavadar,
7607,Jamnagar,Jamjodhpur,Bagdhara,
7608,Jamnagar,Jamjodhpur,Mandasan,
7609,Jamnagar,Jamjodhpur,Valasan,
7610,Jamnagar,Jamjodhpur,Sidsar,
7611,Jamnagar,Jamjodhpur,Gingni,
7612,Jamnagar,Jamjodhpur,Naliyero,
7613,Jamnagar,Jamjodhpur,Mahiki,
7614,Jamnagar,Jamjodhpur,Vadwala,
7615,Jamnagar,Jamjodhpur,Satapar,
7616,Jamnagar,Jamjodhpur,Vansjaliya,
7617,Jamnagar,Jamjodhpur,Tarsai,
7618,Jamnagar,Jamjodhpur,Sukhpur,
7619,Jamnagar,Jamjodhpur,Udepur,
7620,Jamnagar,Jamjodhpur,Dhoriyo Nesh,
7621,Jamnagar,Jamjodhpur,Patan,
7622,Jamnagar,Jamjodhpur,Malvada,
7623,Jamnagar,Jamjodhpur,Paradva,
7624,Jamnagar,Jamjodhpur,Amrapar,
7625,Porbandar,Porbandar,Bhetkadi,
7626,Porbandar,Porbandar,Advana,
7627,Porbandar,Porbandar,Simar,
7628,Porbandar,Porbandar,Rojhivada,
7629,Porbandar,Porbandar,Ishvariya,
7630,Porbandar,Porbandar,Bhomiyavadar,
7631,Porbandar,Porbandar,Sodhana,
7632,Porbandar,Porbandar,Shingda,
7633,Porbandar,Porbandar,Sisli,
7634,Porbandar,Porbandar,Miyani,
7635,Porbandar,Porbandar,Bhavpara,
7636,Porbandar,Porbandar,Vadala,
7637,Porbandar,Porbandar,Ambarama,
7638,Porbandar,Porbandar,Fatana,
7639,Porbandar,Porbandar,Majivana,
7640,Porbandar,Porbandar,Kunvadar,
7641,Porbandar,Porbandar,Morana,
7642,Porbandar,Porbandar,Paravada,
7643,Porbandar,Porbandar,Nagka,
7644,Porbandar,Porbandar,Bavalvav,
7645,Porbandar,Porbandar,Natvarnagar,
7646,Porbandar,Porbandar,Khambhodar,
7647,Porbandar,Porbandar,Kindar Kheda,
7648,Porbandar,Porbandar,Modhvada,
7649,Porbandar,Porbandar,Sakhpur,
7650,Porbandar,Porbandar,Tukda Miyani,
7651,Porbandar,Porbandar,Visavada,
7652,Porbandar,Porbandar,Palkhada,
7653,Porbandar,Porbandar,Keshav,
7654,Porbandar,Porbandar,Bagvadar,
7655,Porbandar,Porbandar,Vachhoda,
7656,Porbandar,Porbandar,Khistri,
7657,Porbandar,Porbandar,Vinjhrana,
7658,Porbandar,Porbandar,Godhana,
7659,Porbandar,Porbandar,Katvana,
7660,Porbandar,Porbandar,Beran,
7661,Porbandar,Porbandar,Bharvada,
7662,Porbandar,Porbandar,Baradiya,
7663,Porbandar,Porbandar,Ratdi,
7664,Porbandar,Porbandar,Kantela,
7665,Porbandar,Porbandar,Shrinagar,
7666,Porbandar,Porbandar,Rinavada,
7667,Porbandar,Porbandar,Simani,
7668,Porbandar,Porbandar,Bakharla,
7669,Porbandar,Porbandar,Boricha,
7670,Porbandar,Porbandar,Pandavadar,
7671,Porbandar,Porbandar,Degam,
7672,Porbandar,Porbandar,Kuchhdi,
7673,Porbandar,Porbandar,Zaver (Part),
7674,Porbandar,Porbandar,Kolikhada,
7675,Porbandar,Porbandar,Ratanpar,
7676,Porbandar,Porbandar,Oddar,
7677,Porbandar,Porbandar,Tukda Gosa,
7678,Porbandar,Porbandar,Keshod (Lushala),
7679,Porbandar,Porbandar,Erada,
7680,Porbandar,Porbandar,Delodar,
7681,Porbandar,Porbandar,Mitrala,
7682,Porbandar,Porbandar,Rajpar,
7683,Porbandar,Porbandar,Gosa,
7684,Porbandar,Porbandar,Chikasa,
7685,Porbandar,Porbandar,Bhad,
7686,Porbandar,Porbandar,Garej,
7687,Porbandar,Porbandar,Navi Bandar,
7688,Porbandar,Porbandar,Ratiya,
7689,Porbandar,Porbandar,Untada,
7690,Porbandar,Porbandar,Balej,
7691,Porbandar,Porbandar,Kadachh,
7692,Porbandar,Porbandar,Mocha,
7693,Porbandar,Porbandar,Gorsar,
7694,Porbandar,Porbandar,Mander,
7695,Porbandar,Porbandar,Chingariya,
7696,Porbandar,Porbandar,Pata,
7697,Porbandar,Porbandar,Madhavpur,
7698,Porbandar,Porbandar,Sinhjhar Nes,
7699,Porbandar,Ranavav,Ashiyapat,
7700,Porbandar,Ranavav,Hanumangadh,
7701,Porbandar,Ranavav,Bileshwar,
7702,Porbandar,Ranavav,Khambhala,
7703,Porbandar,Ranavav,Dharampur,
7704,Porbandar,Ranavav,Ramgadh,
7705,Porbandar,Ranavav,Bordi,
7706,Porbandar,Ranavav,Dolatgadh,
7707,Porbandar,Ranavav,Khirsara,
7708,Porbandar,Ranavav,Daiyar,
7709,Porbandar,Ranavav,Valotra,
7710,Porbandar,Ranavav,Aniali,
7711,Porbandar,Ranavav,Bhod,
7712,Porbandar,Ranavav,Pipaliya,
7713,Porbandar,Ranavav,Digvijaygadh,
7714,Porbandar,Ranavav,Virpur,
7715,Porbandar,Ranavav,Vadwala-Rana,
7716,Porbandar,Ranavav,Kandorna-Rana,
7717,Porbandar,Ranavav,Khijdad,
7718,Porbandar,Ranavav,Thoyana,
7719,Porbandar,Ranavav,Bapodar,
7720,Porbandar,Ranavav,Mokar,
7721,Porbandar,Ranavav,Padardi,
7722,Porbandar,Ranavav,Kerala,
7723,Porbandar,Ranavav,Jambu,
7724,Porbandar,Ranavav,Bhoddar,
7725,Porbandar,Ranavav,Mahira,
7726,Porbandar,Ranavav,Nerana,
7727,Porbandar,Ranavav,Khakhravala Nes,
7728,Porbandar,Ranavav,Bhukhbara Nes,
7729,Porbandar,Ranavav,Ajmapat Nes,
7730,Porbandar,Ranavav,Malek Nes,
7731,Porbandar,Ranavav,Vijfadiya Nes,
7732,Porbandar,Ranavav,Gandiyavad Nes,
7733,Porbandar,Ranavav,Munjvaro Nes,
7734,Porbandar,Ranavav,Fataltem Nes,
7735,Porbandar,Ranavav,Sajanwada Nes,
7736,Porbandar,Ranavav,Krushnay Nes,
7737,Porbandar,Ranavav,Kathiyo Nes,
7738,Porbandar,Ranavav,Chhapravala Nes,
7739,Porbandar,Ranavav,Khodiyar Nes,
7740,Porbandar,Ranavav,Fulzar Nes,
7741,Porbandar,Ranavav,Boriavala Nes,
7742,Porbandar,Ranavav,Karval Nes,
7743,Porbandar,Ranavav,Jarera Nes,
7744,Porbandar,Ranavav,Shermalki Nes,
7745,Porbandar,Ranavav,Ranava Nes,
7746,Porbandar,Ranavav,Satvira Nes,
7747,Porbandar,Ranavav,Dhorivav Nes,
7748,Porbandar,Ranavav,Morivirda Nes,
7749,Porbandar,Ranavav,Umrivala Nes,
7750,Porbandar,Ranavav,Dhuna Nes,
7751,Porbandar,Ranavav,Anti Nes,
7752,Porbandar,Ranavav,Dhraphadiya Nes,
7753,Porbandar,Ranavav,Bedawada Nes,
7754,Porbandar,Ranavav,Kothavaro Nes,
7755,Porbandar,Ranavav,Dataniya Nes,
7756,Porbandar,Ranavav,Kharavira Nes,
7757,Porbandar,Ranavav,Shermlanki Khunano Nes,
7758,Porbandar,Ranavav,Kharavira Khunano Nes,
7759,Porbandar,Ranavav,Dhoria Nes,
7760,Porbandar,Kutiyana,Devda,
7761,Porbandar,Kutiyana,Ramnagar,
7762,Porbandar,Kutiyana,Khageshri,
7763,Porbandar,Kutiyana,Dhruvala,
7764,Porbandar,Kutiyana,Ishvariya,
7765,Porbandar,Kutiyana,Amar,
7766,Porbandar,Kutiyana,Bavlavadar,
7767,Porbandar,Kutiyana,Mahobatpara,
7768,Porbandar,Kutiyana,Hamadpara,
7769,Porbandar,Kutiyana,Helabeli,
7770,Porbandar,Kutiyana,Sindhpur,
7771,Porbandar,Kutiyana,Malanka,
7772,Porbandar,Kutiyana,Vadala,
7773,Porbandar,Kutiyana,Daduka,
7774,Porbandar,Kutiyana,Bildi,
7775,Porbandar,Kutiyana,Roghada,
7776,Porbandar,Kutiyana,Gokaran,
7777,Porbandar,Kutiyana,Khunpur,
7778,Porbandar,Kutiyana,Teri,
7779,Porbandar,Kutiyana,Choliyana,
7780,Porbandar,Kutiyana,Baloch,
7781,Porbandar,Kutiyana,Mal,
7782,Porbandar,Kutiyana,Chauta,
7783,Porbandar,Kutiyana,Thepda,
7784,Porbandar,Kutiyana,Mandva,
7785,Porbandar,Kutiyana,Katwana,
7786,Porbandar,Kutiyana,Kotda,
7787,Porbandar,Kutiyana,Paswali,
7788,Porbandar,Kutiyana,Kantol,
7789,Porbandar,Kutiyana,Moddar,
7790,Porbandar,Kutiyana,Segras,
7791,Porbandar,Kutiyana,Chhatrava,
7792,Porbandar,Kutiyana,Bhogsar,
7793,Porbandar,Kutiyana,Kavalka,
7794,Porbandar,Kutiyana,Gadhvana,
7795,Porbandar,Kutiyana,Dharsan,
7796,Porbandar,Kutiyana,Kansavad,
7797,Porbandar,Kutiyana,Jamra,
7798,Porbandar,Kutiyana,Mahiyari,
7799,Porbandar,Kutiyana,Tarkhai,
7800,Porbandar,Kutiyana,Revadra,
7801,Porbandar,Kutiyana,Bhadula,
7802,Porbandar,Kutiyana,Junej,
7803,Porbandar,Kutiyana,Farer,
7804,Porbandar,Kutiyana,Kadegi,
7805,Porbandar,Kutiyana,Mota Ghed,
7806,Porbandar,Kutiyana,Amipur,
7807,Junagadh,Manavadar,Vadasda,
7808,Junagadh,Manavadar,Thaniyana,
7809,Junagadh,Manavadar,Zinzri,
7810,Junagadh,Manavadar,Bhindora,
7811,Junagadh,Manavadar,Gana,
7812,Junagadh,Manavadar,Vada,
7813,Junagadh,Manavadar,Vekri,
7814,Junagadh,Manavadar,Chikhlodra,
7815,Junagadh,Manavadar,Deshinga,
7816,Junagadh,Manavadar,Marmath,
7817,Junagadh,Manavadar,Saradiya,
7818,Junagadh,Manavadar,Limbuda,
7819,Junagadh,Manavadar,Indra,
7820,Junagadh,Manavadar,Sherdi,
7821,Junagadh,Manavadar,Untadi,
7822,Junagadh,Manavadar,Chudva,
7823,Junagadh,Manavadar,Khadiya,
7824,Junagadh,Manavadar,Sardargadh,
7825,Junagadh,Manavadar,Velva,
7826,Junagadh,Manavadar,Jilana,
7827,Junagadh,Manavadar,Buri,
7828,Junagadh,Manavadar,Rafala,
7829,Junagadh,Manavadar,Pajod,
7830,Junagadh,Manavadar,Samega,
7831,Junagadh,Manavadar,Bhalgam,
7832,Junagadh,Manavadar,Dadva,
7833,Junagadh,Manavadar,Jambuda,
7834,Junagadh,Manavadar,Ronki,
7835,Junagadh,Manavadar,Sanosra,
7836,Junagadh,Manavadar,Galvav,
7837,Junagadh,Manavadar,Dagad,
7838,Junagadh,Manavadar,Sultanabad,
7839,Junagadh,Manavadar,Eklera,
7840,Junagadh,Manavadar,Kodvav,
7841,Junagadh,Manavadar,Thapala,
7842,Junagadh,Manavadar,Bhitana,
7843,Junagadh,Manavadar,Sitana,
7844,Junagadh,Manavadar,Nanadiya,
7845,Junagadh,Manavadar,Nakra,
7846,Junagadh,Manavadar,Khakhavi,
7847,Junagadh,Manavadar,Mitadi,
7848,Junagadh,Manavadar,Kothariya,
7849,Junagadh,Manavadar,Bhalechda,
7850,Junagadh,Manavadar,Bodka,
7851,Junagadh,Manavadar,Piplana,
7852,Junagadh,Manavadar,Katakpara,
7853,Junagadh,Manavadar,Sarang pipli,
7854,Junagadh,Manavadar,Nandarkha,
7855,Junagadh,Manavadar,Kothadi,
7856,Junagadh,Manavadar,Mandodra,
7857,Junagadh,Manavadar,Vadala,
7858,Junagadh,Manavadar,Padardi,
7859,Junagadh,Manavadar,Ambaliya,
7860,Junagadh,Manavadar,Matiana,
7861,Junagadh,Manavadar,Koylana,
7862,Junagadh,Vanthali,Dungri,
7863,Junagadh,Vanthali,Ravni,
7864,Junagadh,Vanthali,Dhandhusar,
7865,Junagadh,Vanthali,Barwala,
7866,Junagadh,Vanthali,Bantiya,
7867,Junagadh,Vanthali,Zampodad,
7868,Junagadh,Vanthali,Naredi,
7869,Junagadh,Vanthali,Ghantiya,
7870,Junagadh,Vanthali,Navlakhi,
7871,Junagadh,Vanthali,Balot,
7872,Junagadh,Vanthali,Koyli,
7873,Junagadh,Vanthali,Nandarkhi (Ranijividi),
7874,Junagadh,Vanthali,Umatwada,
7875,Junagadh,Vanthali,Vadla,
7876,Junagadh,Vanthali,Shapur,
7877,Junagadh,Vanthali,Santalpur,
7878,Junagadh,Vanthali,Meghpur,
7879,Junagadh,Vanthali,Navada,
7880,Junagadh,Vanthali,Tikar-padardi,
7881,Junagadh,Vanthali,Akha,
7882,Junagadh,Vanthali,Kanjha,
7883,Junagadh,Vanthali,Luvarsar,
7884,Junagadh,Vanthali,Selra,
7885,Junagadh,Vanthali,Dhanfuliya,
7886,Junagadh,Vanthali,Kajaliya Nana,
7887,Junagadh,Vanthali,Kanjhadi,
7888,Junagadh,Vanthali,Gadoi,
7889,Junagadh,Vanthali,Tinmas,
7890,Junagadh,Vanthali,Sendarda,
7891,Junagadh,Vanthali,Khumbhdi,
7892,Junagadh,Vanthali,Khokharda,
7893,Junagadh,Vanthali,Kajaliya Mota,
7894,Junagadh,Vanthali,Bandhda,
7895,Junagadh,Vanthali,Bodka,
7896,Junagadh,Vanthali,Ganthila,
7897,Junagadh,Vanthali,Sonardi,
7898,Junagadh,Vanthali,Ghudvadar,
7899,Junagadh,Vanthali,Raypur,
7900,Junagadh,Vanthali,Sukhpur,
7901,Junagadh,Vanthali,Mahobatpur,
7902,Junagadh,Vanthali,Bhatiya,
7903,Junagadh,Vanthali,Thanapipli,
7904,Junagadh,Vanthali,Lushala,
7905,Junagadh,Vanthali,Khorasa,
7906,Junagadh,Vanthali,Nagadiya,
7907,Junagadh,Vanthali,Vaspada,
7908,Junagadh,Junagadh,Goladhar,
7909,Junagadh,Junagadh,Vadasimdi,
7910,Junagadh,Junagadh,Vanandiya,
7911,Junagadh,Junagadh,Jhalansar,
7912,Junagadh,Junagadh,Kerala,
7913,Junagadh,Junagadh,Bhiyal,
7914,Junagadh,Junagadh,Choki,
7915,Junagadh,Junagadh,Kathrota,
7916,Junagadh,Junagadh,Isapur,
7917,Junagadh,Junagadh,Baliyavad,
7918,Junagadh,Junagadh,Chokli,
7919,Junagadh,Junagadh,Vadal,
7920,Junagadh,Junagadh,Makhiyala,
7921,Junagadh,Junagadh,Pipardi Timbo,
7922,Junagadh,Junagadh,Majevdi,
7923,Junagadh,Junagadh,Patrapsar,
7924,Junagadh,Junagadh,Ambaliya,
7925,Junagadh,Junagadh,Rupavati,
7926,Junagadh,Junagadh,Taliyadhar,
7927,Junagadh,Junagadh,Vadhavi,
7928,Junagadh,Junagadh,Virpur,
7929,Junagadh,Junagadh,Galiyavada,
7930,Junagadh,Junagadh,Sukhpur,
7931,Junagadh,Junagadh,Bamangam,
7932,Junagadh,Junagadh,Dervan,
7933,Junagadh,Junagadh,Hasnapur,
7934,Junagadh,Junagadh,Jambudi,
7935,Junagadh,Junagadh,Indreshvar,
7936,Junagadh,Junagadh,Khalilpur,
7937,Junagadh,Junagadh,Surajkund,
7938,Junagadh,Junagadh,Girnar Hills,
7939,Junagadh,Junagadh,Dungar Thana,
7940,Junagadh,Junagadh,Sagdividi,
7941,Junagadh,Junagadh,Ivnagar,
7942,Junagadh,Junagadh,Palasva,
7943,Junagadh,Junagadh,Padariya,
7944,Junagadh,Junagadh,Datar Hills,
7945,Junagadh,Junagadh,Bordevi,
7946,Junagadh,Junagadh,Limbdi Dhar,
7947,Junagadh,Junagadh,Mandlikpur,
7948,Junagadh,Junagadh,Nava Pipaliya,
7949,Junagadh,Junagadh,Bandhala,
7950,Junagadh,Junagadh,Bhalgam,
7951,Junagadh,Junagadh,Mandanpara,
7952,Junagadh,Junagadh,Ramnath,
7953,Junagadh,Junagadh,Vijapur,
7954,Junagadh,Junagadh,Sodvadar,
7955,Junagadh,Junagadh,Intala,
7956,Junagadh,Junagadh,Patapur,
7957,Junagadh,Junagadh,Salatha,
7958,Junagadh,Junagadh,Khadiya,
7959,Junagadh,Junagadh,Toraniya,
7960,Junagadh,Junagadh,Navagam,
7961,Junagadh,Junagadh,Bilkha,
7962,Junagadh,Junagadh,Umrala,
7963,Junagadh,Junagadh,Avatadiya Mota,
7964,Junagadh,Junagadh,Chorvadi,
7965,Junagadh,Junagadh,Anandpur,
7966,Junagadh,Junagadh,Mevasa Khadiya,
7967,Junagadh,Junagadh,Bagdu,
7968,Junagadh,Junagadh,Prabhatpur,
7969,Junagadh,Junagadh,Rameshvar,
7970,Junagadh,Junagadh,Avatadiya Nana,
7971,Junagadh,Junagadh,Mevasa Kamribaina,
7972,Junagadh,Junagadh,Bela,
7973,Junagadh,Junagadh,Badalpur,
7974,Junagadh,Junagadh,Jamka,
7975,Junagadh,Junagadh,Semrala,
7976,Junagadh,Junagadh,Sankhdavadar,
7977,Junagadh,Junagadh,Thumbala,
7978,Junagadh,Bhesan,Hadmatiya Vishal,
7979,Junagadh,Bhesan,Sukhpur,
7980,Junagadh,Bhesan,Bhatgam,
7981,Junagadh,Bhesan,Bamangadh,
7982,Junagadh,Bhesan,Hadmatiya Khajuri,
7983,Junagadh,Bhesan,Sankrola,
7984,Junagadh,Bhesan,Dholwa,
7985,Junagadh,Bhesan,Barwala,
7986,Junagadh,Bhesan,Parab Vavdi,
7987,Junagadh,Bhesan,Khambhaliya,
7988,Junagadh,Bhesan,Mandva,
7989,Junagadh,Bhesan,Kharachiya,
7990,Junagadh,Bhesan,Mendpara,
7991,Junagadh,Bhesan,Patla,
7992,Junagadh,Bhesan,Paturan,
7993,Junagadh,Bhesan,Dudhala,
7994,Junagadh,Bhesan,Malida,
7995,Junagadh,Bhesan,Kala Gadba,
7996,Junagadh,Bhesan,Paswala,
7997,Junagadh,Bhesan,Kariya,
7998,Junagadh,Bhesan,Ranpur,
7999,Junagadh,Bhesan,Rafaliya,
8000,Junagadh,Bhesan,Galath,
8001,Junagadh,Bhesan,Chuda,
8002,Junagadh,Bhesan,Hadmatiya Khakhra,
8003,Junagadh,Bhesan,Sardarpar,
8004,Junagadh,Bhesan,Morwada,
8005,Junagadh,Bhesan,Juni Dhari Gundali,
8006,Junagadh,Bhesan,Pipaliya Tadka,
8007,Junagadh,Bhesan,Bhesan,
8008,Junagadh,Bhesan,Samatpara,
8009,Junagadh,Bhesan,Patwad,
8010,Junagadh,Bhesan,Ratanpara,
8011,Junagadh,Bhesan,Ranshivav,
8012,Junagadh,Bhesan,Mathura Thana,
8013,Junagadh,Bhesan,Nava Vaghaniya,
8014,Junagadh,Bhesan,Chhodvadi,
8015,Junagadh,Bhesan,Vandarvad,
8016,Junagadh,Bhesan,Gorakhpur,
8017,Junagadh,Bhesan,Chanaka,
8018,Junagadh,Bhesan,Mota Gujariya,
8019,Junagadh,Bhesan,Nana Gujariya,
8020,Junagadh,Bhesan,Umrali,
8021,Junagadh,Bhesan,Navi Dhari Gundali,
8022,Junagadh,Bhesan,Damrala,
8023,Junagadh,Bhesan,Gorviyali,
8024,Junagadh,Visavadar,Hadmatiya Mota,
8025,Junagadh,Visavadar,Navaniya,
8026,Junagadh,Visavadar,Kotda Mota,
8027,Junagadh,Visavadar,Pipaliya Hajani,
8028,Junagadh,Visavadar,Pirvad,
8029,Junagadh,Visavadar,Shobhavadla Lashkar,
8030,Junagadh,Visavadar,Kanavadla,
8031,Junagadh,Visavadar,Pindakhai Moti,
8032,Junagadh,Visavadar,Vichhavad,
8033,Junagadh,Visavadar,Shirvaniya,
8034,Junagadh,Visavadar,Kotda Nana,
8035,Junagadh,Visavadar,Manganath Pipli,
8036,Junagadh,Visavadar,Rupavati,
8037,Junagadh,Visavadar,Chhalda,
8038,Junagadh,Visavadar,Rabarika,
8039,Junagadh,Visavadar,Hadmatiya Nana,
8040,Junagadh,Visavadar,Pindakhai Nani,
8041,Junagadh,Visavadar,Bhalgam,
8042,Junagadh,Visavadar,Shapar,
8043,Junagadh,Visavadar,Lunghiya,
8044,Junagadh,Visavadar,Sudavad,
8045,Junagadh,Visavadar,Jambuda,
8046,Junagadh,Visavadar,Dhebar,
8047,Junagadh,Visavadar,Desai Vadala,
8048,Junagadh,Visavadar,Sukhpur,
8049,Junagadh,Visavadar,Ishvariya Mandavad,
8050,Junagadh,Visavadar,Vajdi,
8051,Junagadh,Visavadar,Khambhaliya,
8052,Junagadh,Visavadar,Virpur,
8053,Junagadh,Visavadar,Khijadiya,
8054,Junagadh,Visavadar,Chavand Navi,
8055,Junagadh,Visavadar,Chavand Juni,
8056,Junagadh,Visavadar,Leriya,
8057,Junagadh,Visavadar,Ravani (Kuba),
8058,Junagadh,Visavadar,Kuba(Ravani),
8059,Junagadh,Visavadar,Chhelanka,
8060,Junagadh,Visavadar,Mahuda,
8061,Junagadh,Visavadar,Mahudi,
8062,Junagadh,Visavadar,Jhanjhesar,
8063,Junagadh,Visavadar,Bhat Vavdi,
8064,Junagadh,Visavadar,Ghodasan,
8065,Junagadh,Visavadar,Kankchiyala,
8066,Junagadh,Visavadar,Ambala,
8067,Junagadh,Visavadar,Bhutdi,
8068,Junagadh,Visavadar,Mandavad,
8069,Junagadh,Visavadar,Moniya,
8070,Junagadh,Visavadar,Chaparda,
8071,Junagadh,Visavadar,Monpari Nani,
8072,Junagadh,Visavadar,Ghantiyan,
8073,Junagadh,Visavadar,Vadala Shetranj,
8074,Junagadh,Visavadar,Shobhavadla Gir,
8075,Junagadh,Visavadar,Jambala,
8076,Junagadh,Visavadar,Baradiya,
8077,Junagadh,Visavadar,Dadar,
8078,Junagadh,Visavadar,Sarsai,
8079,Junagadh,Visavadar,Kalsari,
8080,Junagadh,Visavadar,Kalavad,
8081,Junagadh,Visavadar,Jetalvad,
8082,Junagadh,Visavadar,Vekariya,
8083,Junagadh,Visavadar,Lalpur,
8084,Junagadh,Visavadar,Govindpara,
8085,Junagadh,Visavadar,Monpari Moti,
8086,Junagadh,Visavadar,Ishvariya (Gir),
8087,Junagadh,Visavadar,Miya Vadla,
8088,Junagadh,Visavadar,Ratang,
8089,Junagadh,Visavadar,Liliya,
8090,Junagadh,Visavadar,Limadhra,
8091,Junagadh,Visavadar,Haripur,
8092,Junagadh,Visavadar,Khambha Gir,
8093,Junagadh,Visavadar,Piyava Gir,
8094,Junagadh,Visavadar,Prempara,
8095,Junagadh,Visavadar,Jambudi,
8096,Junagadh,Visavadar,Manandiya,
8097,Junagadh,Visavadar,Bagoya,
8098,Junagadh,Visavadar,Ravani Mundiya,
8099,Junagadh,Visavadar,Kagmal,
8100,Junagadh,Visavadar,Tadhi,
8101,Junagadh,Visavadar,Rajpara,
8102,Junagadh,Visavadar,Dudhala,
8103,Junagadh,Visavadar,Javaldi,
8104,Junagadh,Visavadar,Barvaniya Nes,
8105,Junagadh,Visavadar,Mota Bhilgala,
8106,Junagadh,Visavadar,Panvi,
8107,Junagadh,Visavadar,Makhaniya,
8108,Junagadh,Visavadar,Khambhda,
8109,Junagadh,Visavadar,Haldarva Nes,
8110,Junagadh,Visavadar,Bajariya,
8111,Junagadh,Visavadar,Amaliyara,
8112,Junagadh,Visavadar,Lasa,
8113,Junagadh,Visavadar,Panjrapole Ni Suvardi,
8114,Junagadh,Visavadar,Lilapani,
8115,Junagadh,Visavadar,Suvardi,
8116,Junagadh,Visavadar,Padapani,
8117,Junagadh,Visavadar,Devkaraniya,
8118,Junagadh,Visavadar,Goradwala,
8119,Junagadh,Visavadar,Shapur (Nes),
8120,Junagadh,Visavadar,Kutiya-Amliyara,
8121,Junagadh,Visavadar,Rosali,
8122,Junagadh,Visavadar,Bogadiya,
8123,Junagadh,Visavadar,Kankai,
8124,Junagadh,Visavadar,Karkadi,
8125,Junagadh,Visavadar,Hasnapur,
8126,Junagadh,Visavadar,Jambuthala,
8127,Junagadh,Mendarda,Arniyala,
8128,Junagadh,Mendarda,Simasi,
8129,Junagadh,Mendarda,Mithapur,
8130,Junagadh,Mendarda,Khadpipli,
8131,Junagadh,Mendarda,Khim Padar,
8132,Junagadh,Mendarda,Nagalpur,
8133,Junagadh,Mendarda,Datrana,
8134,Junagadh,Mendarda,Alidhra,
8135,Junagadh,Mendarda,Barvala,
8136,Junagadh,Mendarda,Dhandhawada,
8137,Junagadh,Mendarda,Samadhiyala,
8138,Junagadh,Mendarda,Chiroda,
8139,Junagadh,Mendarda,Gundala,
8140,Junagadh,Mendarda,Jhinjhuda,
8141,Junagadh,Mendarda,Najapur,
8142,Junagadh,Mendarda,Mendarda,
8143,Junagadh,Mendarda,Amargadh,
8144,Junagadh,Mendarda,Rajesar,
8145,Junagadh,Mendarda,Ambla,
8146,Junagadh,Mendarda,Rajavad,
8147,Junagadh,Mendarda,Devgadh,
8148,Junagadh,Mendarda,Babar Tirath,
8149,Junagadh,Mendarda,Manpur,
8150,Junagadh,Mendarda,Moti Khodiyar,
8151,Junagadh,Mendarda,Nataliya,
8152,Junagadh,Mendarda,Nani Khodiyar,
8153,Junagadh,Mendarda,Itali,
8154,Junagadh,Mendarda,Kanthala Nes,
8155,Junagadh,Mendarda,Kiloriya Nes,
8156,Junagadh,Mendarda,Vaniya Vav,
8157,Junagadh,Mendarda,Kenadipur,
8158,Junagadh,Mendarda,Ambala,
8159,Junagadh,Mendarda,Lilva,
8160,Junagadh,Mendarda,Khijadiya,
8161,Junagadh,Mendarda,Gadhali,
8162,Junagadh,Mendarda,Patarama,
8163,Junagadh,Mendarda,Chandravadi,
8164,Junagadh,Mendarda,Dedakiyal,
8165,Junagadh,Mendarda,Timbi,
8166,Junagadh,Mendarda,Malanka,
8167,Junagadh,Mendarda,Jambudi Nes,
8168,Junagadh,Mendarda,Karsangadh,
8169,Junagadh,Mendarda,Gundiyali,
8170,Junagadh,Mendarda,Amrapur,
8171,Junagadh,Mendarda,Ranidhar,
8172,Junagadh,Mendarda,Gadakiya,
8173,Junagadh,Mendarda,Surajgadh,
8174,Junagadh,Mendarda,Najapur (Chhatariya),
8175,Junagadh,Keshod,Indrana,
8176,Junagadh,Keshod,Balagam,
8177,Junagadh,Keshod,Sarod,
8178,Junagadh,Keshod,Bamnasa,
8179,Junagadh,Keshod,Muliyasa,
8180,Junagadh,Keshod,Jonpur,
8181,Junagadh,Keshod,Mangalpur,
8182,Junagadh,Keshod,Manekwada,
8183,Junagadh,Keshod,Dervan,
8184,Junagadh,Keshod,Magharwada,
8185,Junagadh,Keshod,Agatrai,
8186,Junagadh,Keshod,Pasvaliya,
8187,Junagadh,Keshod,Madhda,
8188,Junagadh,Keshod,Padodar,
8189,Junagadh,Keshod,Akhodad,
8190,Junagadh,Keshod,Panchala,
8191,Junagadh,Keshod,Sutrej,
8192,Junagadh,Keshod,Khirsara,
8193,Junagadh,Keshod,Khamidana,
8194,Junagadh,Keshod,Titodi,
8195,Junagadh,Keshod,Isra,
8196,Junagadh,Keshod,Chandigadh,
8197,Junagadh,Keshod,Handla,
8198,Junagadh,Keshod,Badodar,
8199,Junagadh,Keshod,Sangarsola,
8200,Junagadh,Keshod,Chitri,
8201,Junagadh,Keshod,Fagli,
8202,Junagadh,Keshod,Movana,
8203,Junagadh,Keshod,Pipli,
8204,Junagadh,Keshod,Nani Ghansari,
8205,Junagadh,Keshod,Nunarda,
8206,Junagadh,Keshod,Moti Ghansari,
8207,Junagadh,Keshod,Raningpara,
8208,Junagadh,Keshod,Kaneri,
8209,Junagadh,Keshod,Dhrabavad,
8210,Junagadh,Keshod,Nonjhanvav,
8211,Junagadh,Keshod,Pransli,
8212,Junagadh,Keshod,Ajab,
8213,Junagadh,Keshod,Mesvan,
8214,Junagadh,Keshod,Sondarda,
8215,Junagadh,Keshod,Kevadra,
8216,Junagadh,Keshod,Char,
8217,Junagadh,Keshod,Bava Simroli,
8218,Junagadh,Keshod,Silodar,
8219,Junagadh,Keshod,Bhat Simroli,
8220,Junagadh,Keshod,Eklera,
8221,Junagadh,Keshod,Pankhan,
8222,Junagadh,Keshod,Gelana,
8223,Junagadh,Keshod,Revadra,
8224,Junagadh,Keshod,Koyalana Lathiya,
8225,Junagadh,Keshod,Kalavani,
8226,Junagadh,Keshod,Rangpur,
8227,Junagadh,Keshod,Shergadh,
8228,Junagadh,Mangrol,Miti,
8229,Junagadh,Mangrol,Hantarpur,
8230,Junagadh,Mangrol,Fulrama,
8231,Junagadh,Mangrol,Langad,
8232,Junagadh,Mangrol,Osa Ghed,
8233,Junagadh,Mangrol,Bhathrot,
8234,Junagadh,Mangrol,Bagasra-Ghed,
8235,Junagadh,Mangrol,Ghodadar,
8236,Junagadh,Mangrol,Sharma,
8237,Junagadh,Mangrol,Samarda,
8238,Junagadh,Mangrol,Sandha,
8239,Junagadh,Mangrol,Sarsali,
8240,Junagadh,Mangrol,Thali,
8241,Junagadh,Mangrol,Mekhadi,
8242,Junagadh,Mangrol,Virol,
8243,Junagadh,Mangrol,Kankana,
8244,Junagadh,Mangrol,Divrana,
8245,Junagadh,Mangrol,Kalej,
8246,Junagadh,Mangrol,Chankhva,
8247,Junagadh,Mangrol,Vadla,
8248,Junagadh,Mangrol,Ajak,
8249,Junagadh,Mangrol,Antroli,
8250,Junagadh,Mangrol,Divasa,
8251,Junagadh,Mangrol,Bamanvada,
8252,Junagadh,Mangrol,Nagichana,
8253,Junagadh,Mangrol,Darsali,
8254,Junagadh,Mangrol,Chingariya,
8255,Junagadh,Mangrol,Farangta,
8256,Junagadh,Mangrol,Zariyavada,
8257,Junagadh,Mangrol,Sangavada,
8258,Junagadh,Mangrol,Shil,
8259,Junagadh,Mangrol,Talodra,
8260,Junagadh,Mangrol,Nandarkhi,
8261,Junagadh,Mangrol,Chandvana,
8262,Junagadh,Mangrol,Karamdi,
8263,Junagadh,Mangrol,Gorej,
8264,Junagadh,Mangrol,Menanj,
8265,Junagadh,Mangrol,Kankasa,
8266,Junagadh,Mangrol,Lohej,
8267,Junagadh,Mangrol,Rahij,
8268,Junagadh,Mangrol,Roodalpur,
8269,Junagadh,Mangrol,Sultanpur,
8270,Junagadh,Mangrol,Bhatgam,
8271,Junagadh,Mangrol,Lathodra,
8272,Junagadh,Mangrol,Juthal,
8273,Junagadh,Mangrol,Sakrana,
8274,Junagadh,Mangrol,Virpur,
8275,Junagadh,Mangrol,Lambora,
8276,Junagadh,Mangrol,Dhelana,
8277,Junagadh,Mangrol,Mankhetra,
8278,Junagadh,Mangrol,Maktupur,
8279,Junagadh,Mangrol,Kotda Nava,
8280,Junagadh,Mangrol,Shaikhpur,
8281,Junagadh,Mangrol,Kotda Juna,
8282,Junagadh,Mangrol,Chotilividi,
8283,Junagadh,Mangrol,Sheriyakhan,
8284,Junagadh,Mangrol,Jamvali,
8285,Junagadh,Mangrol,Shepa,
8286,Junagadh,Mangrol,Husenabad,
8287,Junagadh,Mangrol,Shapur,
8288,Junagadh,Mangrol,Sheriyaj,
8289,Junagadh,Mangrol,Arena,
8290,Junagadh,Mangrol,Khodada,
8291,Junagadh,Malia,Pikhor,
8292,Junagadh,Malia,Panidhra,
8293,Junagadh,Malia,Gangecha,
8294,Junagadh,Malia,Avaniya,
8295,Junagadh,Malia,Bhankharvad,
8296,Junagadh,Malia,Matarvaniya,
8297,Junagadh,Malia,Tarsingda,
8298,Junagadh,Malia,Bodi,
8299,Junagadh,Malia,Ambalgadh,
8300,Junagadh,Malia,Amrapur Gir,
8301,Junagadh,Malia,Virdi,
8302,Junagadh,Malia,Vadala,
8303,Junagadh,Malia,Galodar,
8304,Junagadh,Malia,Malia,
8305,Junagadh,Malia,Akala,
8306,Junagadh,Malia,Kalimbhda,
8307,Junagadh,Malia,Katrasa,
8308,Junagadh,Malia,Jalondar,
8309,Junagadh,Malia,Devgam,
8310,Junagadh,Malia,Dharampur,
8311,Junagadh,Malia,Dudhala,
8312,Junagadh,Malia,Kerala,
8313,Junagadh,Malia,Janadi,
8314,Junagadh,Malia,Ambecha,
8315,Junagadh,Malia,Bhanduri,
8316,Junagadh,Malia,Budhecha,
8317,Junagadh,Malia,Langodra,
8318,Junagadh,Malia,Gotana,
8319,Junagadh,Malia,Ghunghati,
8320,Junagadh,Malia,Vadiya,
8321,Junagadh,Malia,Sarkadiya,
8322,Junagadh,Malia,Itali,
8323,Junagadh,Malia,Vandarvad,
8324,Junagadh,Malia,Babra,
8325,Junagadh,Malia,Ladudi -Gir,
8326,Junagadh,Malia,Dhrabavad,
8327,Junagadh,Malia,Jangar,
8328,Junagadh,Malia,Chuldi,
8329,Junagadh,Malia,Pankuva,
8330,Junagadh,Malia,Kadaya,
8331,Junagadh,Malia,Dhanej Moti,
8332,Junagadh,Malia,Dhanej Nani,
8333,Junagadh,Malia,Jhadka,
8334,Junagadh,Malia,Khera,
8335,Junagadh,Malia,Ghumli,
8336,Junagadh,Malia,Kukasvada,
8337,Junagadh,Malia,Khambhaliya,
8338,Junagadh,Malia,Jhunjharpur,
8339,Junagadh,Malia,Kanek,
8340,Junagadh,Malia,Visanvel,
8341,Junagadh,Malia,Gadu,
8342,Junagadh,Malia,Samdhiyala,
8343,Junagadh,Malia,Khorasa Gir,
8344,Junagadh,Malia,Patla,
8345,Junagadh,Malia,Lachhadi,
8346,Junagadh,Malia,Akala Gir,
8347,Junagadh,Malia,Pipalva,
8348,Junagadh,Malia,Barula,
8349,Junagadh,Malia,Januda,
8350,Junagadh,Malia,Sukhpur,
8351,Junagadh,Malia,Shantipura,
8352,Junagadh,Malia,Danderi,
8353,Junagadh,Malia,Achhidra,
8354,Junagadh,Talala,Kerambha,
8355,Junagadh,Talala,Dedkadi,
8356,Junagadh,Talala,Jambuthala,
8357,Junagadh,Talala,Raydi,
8358,Junagadh,Talala,Khada,
8359,Junagadh,Talala,Kadali,
8360,Junagadh,Talala,Nanava,
8361,Junagadh,Talala,Kansiya,
8362,Junagadh,Talala,Kutiya,
8363,Junagadh,Talala,Nana Bhilgala,
8364,Junagadh,Talala,Kathital,
8365,Junagadh,Talala,Sasan,
8366,Junagadh,Talala,Pancholi,
8367,Junagadh,Talala,Dudhala,
8368,Junagadh,Talala,Alavani,
8369,Junagadh,Talala,Kadvali,
8370,Junagadh,Talala,Karamnadajiya,
8371,Junagadh,Talala,Piparda,
8372,Junagadh,Talala,Dayara Timbi,
8373,Junagadh,Talala,Patariya,
8374,Junagadh,Talala,Karamdadi,
8375,Junagadh,Talala,Junvaniya,
8376,Junagadh,Talala,Nima,
8377,Junagadh,Talala,Kamleshwar,
8378,Junagadh,Talala,Chhodiya,
8379,Junagadh,Talala,Bhalchhel,
8380,Junagadh,Talala,Devaliya,
8381,Junagadh,Talala,Sandhbeda,
8382,Junagadh,Talala,Lakadverines,
8383,Junagadh,Talala,Haripur,
8384,Junagadh,Talala,Chitrod,
8385,Junagadh,Talala,Kiloriya,
8386,Junagadh,Talala,Vadvangada,
8387,Junagadh,Talala,Khakhravala,
8388,Junagadh,Talala,Bhojde,
8389,Junagadh,Talala,Sangodra,
8390,Junagadh,Talala,Hiranvel,
8391,Junagadh,Talala,Bheriya,
8392,Junagadh,Talala,Abudi,
8393,Junagadh,Talala,Chitravad,
8394,Junagadh,Talala,Borvav,
8395,Junagadh,Talala,Lushala,
8396,Junagadh,Talala,Kapuriya,
8397,Junagadh,Talala,Patasala,
8398,Junagadh,Talala,Ravta,
8399,Junagadh,Talala,Kheriyavala,
8400,Junagadh,Talala,Kisa,
8401,Junagadh,Talala,Vansali,
8402,Junagadh,Talala,Rasulpura,
8403,Junagadh,Talala,Jasapur,
8404,Junagadh,Talala,Ramarechi,
8405,Junagadh,Talala,Jepur,
8406,Junagadh,Talala,Bakula Dhanej,
8407,Junagadh,Talala,Khirdhar,
8408,Junagadh,Talala,Virpur,
8409,Junagadh,Talala,Dhava,
8410,Junagadh,Talala,Moruka,
8411,Junagadh,Talala,Vadla,
8412,Junagadh,Talala,Chopatla,
8413,Junagadh,Talala,Gola,
8414,Junagadh,Talala,Bhuvatirath,
8415,Junagadh,Talala,Bhagatimbi,
8416,Junagadh,Talala,Khodiyar,
8417,Junagadh,Talala,Bhantha,
8418,Junagadh,Talala,Janvadla,
8419,Junagadh,Talala,Somanisar,
8420,Junagadh,Talala,Bamanasa,
8421,Junagadh,Talala,Ankolvadi,
8422,Junagadh,Talala,Surva,
8423,Junagadh,Talala,Gundaran,
8424,Junagadh,Talala,Galiyawad,
8425,Junagadh,Talala,Umrethi,
8426,Junagadh,Talala,Semarvav,
8427,Junagadh,Talala,Maljhinjhva,
8428,Junagadh,Talala,Gabha,
8429,Junagadh,Talala,Ghunsiya,
8430,Junagadh,Talala,Dhramanva,
8431,Junagadh,Talala,Pipalva,
8432,Junagadh,Talala,Amblash,
8433,Junagadh,Talala,Madhupur Jambur,
8434,Junagadh,Talala,Hadmatiya,
8435,Junagadh,Talala,Mandorna,
8436,Junagadh,Talala,Gadhula,
8437,Junagadh,Talala,Batheshvar,
8438,Junagadh,Talala,Javantri,
8439,Junagadh,Talala,Jasadhar,
8440,Junagadh,Talala,Anida,
8441,Junagadh,Talala,Bhimdeval,
8442,Junagadh,Talala,Ratidhar,
8443,Junagadh,Talala,Rampara,
8444,Junagadh,Talala,Vadala,
8445,Junagadh,Talala,Raydi,
8446,Junagadh,Talala,Pikhor,
8447,Junagadh,Talala,Semaliya,
8448,Junagadh,Talala,Jamalpara,
8449,Junagadh,Talala,Vithalpur,
8450,Junagadh,Talala,Sajiya,
8451,Junagadh,Talala,Amrutvel,
8452,Junagadh,Talala,Shirvan,
8453,Junagadh,Patan-Veraval,Vadodra Dodiya,
8454,Junagadh,Patan-Veraval,Simar,
8455,Junagadh,Patan-Veraval,Kindarva,
8456,Junagadh,Patan-Veraval,Sarasva,
8457,Junagadh,Patan-Veraval,Paldi,
8458,Junagadh,Patan-Veraval,Deda,
8459,Junagadh,Patan-Veraval,Kherali,
8460,Junagadh,Patan-Veraval,Hasnavadar,
8461,Junagadh,Patan-Veraval,Chhapri,
8462,Junagadh,Patan-Veraval,Ukadiya,
8463,Junagadh,Patan-Veraval,Umrala,
8464,Junagadh,Patan-Veraval,Umba,
8465,Junagadh,Patan-Veraval,Malondha,
8466,Junagadh,Patan-Veraval,Vavdi Adri,
8467,Junagadh,Patan-Veraval,Supasi,
8468,Junagadh,Patan-Veraval,Sidokar,
8469,Junagadh,Patan-Veraval,Adri,
8470,Junagadh,Patan-Veraval,Navapara,
8471,Junagadh,Patan-Veraval,Chanduvav,
8472,Junagadh,Patan-Veraval,Chamoda,
8473,Junagadh,Patan-Veraval,Ambaliyala,
8474,Junagadh,Patan-Veraval,Inaj,
8475,Junagadh,Patan-Veraval,Moraj,
8476,Junagadh,Patan-Veraval,Bherala,
8477,Junagadh,Patan-Veraval,Gunvantpur,
8478,Junagadh,Patan-Veraval,Mathasuriya,
8479,Junagadh,Patan-Veraval,Lumbha,
8480,Junagadh,Patan-Veraval,Kodidara,
8481,Junagadh,Patan-Veraval,Pandva,
8482,Junagadh,Patan-Veraval,Mandor,
8483,Junagadh,Patan-Veraval,Govindpara,
8484,Junagadh,Patan-Veraval,Dabhor,
8485,Junagadh,Patan-Veraval,Chhatroda,
8486,Junagadh,Patan-Veraval,Dari,
8487,Junagadh,Patan-Veraval,Tantivela,
8488,Junagadh,Patan-Veraval,Savni,
8489,Junagadh,Patan-Veraval,Ishvariya,
8490,Junagadh,Patan-Veraval,Bhetali,
8491,Junagadh,Patan-Veraval,Khandheri,
8492,Junagadh,Patan-Veraval,Kukras,
8493,Junagadh,Patan-Veraval,Indroi,
8494,Junagadh,Patan-Veraval,Navadra,
8495,Junagadh,Patan-Veraval,Patan (Rural Area)(Part),
8496,Junagadh,Patan-Veraval,Veraval(Rural Area) (Part),
8497,Junagadh,Patan-Veraval,Mithapur,
8498,Junagadh,Patan-Veraval,Sonariya,
8499,Junagadh,Patan-Veraval,Meghpur,
8500,Junagadh,Patan-Veraval,Bolas,
8501,Junagadh,Patan-Veraval,Nakhada,
8502,Junagadh,Patan-Veraval,Rampara,
8503,Junagadh,Patan-Veraval,Ajotha,
8504,Junagadh,Patan-Veraval,Badalpara,
8505,Junagadh,Patan-Veraval,Kajli,
8506,Junagadh,Patan-Veraval,Bij,
8507,Junagadh,Sutrapada,Anand Para,
8508,Junagadh,Sutrapada,Tobra,
8509,Junagadh,Sutrapada,Khambha,
8510,Junagadh,Sutrapada,Mahobatpara,
8511,Junagadh,Sutrapada,Rangpur,
8512,Junagadh,Sutrapada,Pipalva,
8513,Junagadh,Sutrapada,Timbdi,
8514,Junagadh,Sutrapada,Ghantiya,
8515,Junagadh,Sutrapada,Virodar,
8516,Junagadh,Sutrapada,Lakhapara,
8517,Junagadh,Sutrapada,Gorakh Madhi,
8518,Junagadh,Sutrapada,Sundarpara,
8519,Junagadh,Sutrapada,Lati,
8520,Junagadh,Sutrapada,Kadvar,
8521,Junagadh,Sutrapada,Harnasa,
8522,Junagadh,Sutrapada,Umbri,
8523,Junagadh,Sutrapada,Navagam,
8524,Junagadh,Sutrapada,Amrapur,
8525,Junagadh,Sutrapada,Alidhra,
8526,Junagadh,Sutrapada,Pransli,
8527,Junagadh,Sutrapada,Bhuvavada,
8528,Junagadh,Sutrapada,Gangetha,
8529,Junagadh,Sutrapada,Vansavad,
8530,Junagadh,Sutrapada,Barula,
8531,Junagadh,Sutrapada,Sara,
8532,Junagadh,Sutrapada,Bosan,
8533,Junagadh,Sutrapada,Chagiya,
8534,Junagadh,Sutrapada,Vavdi (Sutra),
8535,Junagadh,Sutrapada,Morasa,
8536,Junagadh,Sutrapada,Thareli,
8537,Junagadh,Sutrapada,Padruka,
8538,Junagadh,Sutrapada,Kadsala,
8539,Junagadh,Sutrapada,Khera,
8540,Junagadh,Sutrapada,Bhuva Timbi,
8541,Junagadh,Sutrapada,Moradiya,
8542,Junagadh,Sutrapada,Solaj,
8543,Junagadh,Sutrapada,Lodhva,
8544,Junagadh,Sutrapada,Prashnavda,
8545,Junagadh,Sutrapada,Vadodra (Jhala),
8546,Junagadh,Sutrapada,Barevla,
8547,Junagadh,Sutrapada,Singsar,
8548,Junagadh,Sutrapada,Matana,
8549,Junagadh,Sutrapada,Rakhej,
8550,Junagadh,Sutrapada,Thordi,
8551,Junagadh,Sutrapada,Dhamlej,
8552,Junagadh,Sutrapada,Kanjotar,
8553,Junagadh,Kodinar,Valadar,
8554,Junagadh,Kodinar,Sandhnidhar,
8555,Junagadh,Kodinar,Ghantvad,
8556,Junagadh,Kodinar,Harmadiya,
8557,Junagadh,Kodinar,Arithiya,
8558,Junagadh,Kodinar,Nagadla,
8559,Junagadh,Kodinar,Chidivav,
8560,Junagadh,Kodinar,Kantala,
8561,Junagadh,Kodinar,Pavti,
8562,Junagadh,Kodinar,Arnej,
8563,Junagadh,Kodinar,Girdevli,
8564,Junagadh,Kodinar,Sugala,
8565,Junagadh,Kodinar,Sedhaya,
8566,Junagadh,Kodinar,Pichhva,
8567,Junagadh,Kodinar,Pichhvi,
8568,Junagadh,Kodinar,Alidar,
8569,Junagadh,Kodinar,Morvad,
8570,Junagadh,Kodinar,Jagatiya,
8571,Junagadh,Kodinar,Singhaj,
8572,Junagadh,Kodinar,Fachariya,
8573,Junagadh,Kodinar,Anandpur,
8574,Junagadh,Kodinar,Navagam,
8575,Junagadh,Kodinar,Pedhavada,
8576,Junagadh,Kodinar,Kadvasan,
8577,Junagadh,Kodinar,Vadnagar,
8578,Junagadh,Kodinar,Devalpur,
8579,Junagadh,Kodinar,Govindpur Bhandariya,
8580,Junagadh,Kodinar,Chhachhar,
8581,Junagadh,Kodinar,Vithalpur,
8582,Junagadh,Kodinar,Jithla,
8583,Junagadh,Kodinar,Bodva,
8584,Junagadh,Kodinar,Adpokar,
8585,Junagadh,Kodinar,Kareda,
8586,Junagadh,Kodinar,Sayajirajpura,
8587,Junagadh,Kodinar,Inchvad Nani,
8588,Junagadh,Kodinar,Gohil ni khan,
8589,Junagadh,Kodinar,Dudana,
8590,Junagadh,Kodinar,Ronaj,
8591,Junagadh,Kodinar,Mitiyaj,
8592,Junagadh,Kodinar,Fafni Moti,
8593,Junagadh,Kodinar,Jamanvada,
8594,Junagadh,Kodinar,Fafni Nani,
8595,Junagadh,Kodinar,Advi,
8596,Junagadh,Kodinar,Dolasa,
8597,Junagadh,Kodinar,Velva,
8598,Junagadh,Kodinar,Malgam,
8599,Junagadh,Kodinar,Devli,
8600,Junagadh,Kodinar,Chauhan ni khan,
8601,Junagadh,Kodinar,Barda,
8602,Junagadh,Kodinar,Mul Dwarka,
8603,Junagadh,Kodinar,Panadar,
8604,Junagadh,Kodinar,Pipli,
8605,Junagadh,Kodinar,Damli,
8606,Junagadh,Kodinar,Kadodara,
8607,Junagadh,Kodinar,Pipalva Bavana,
8608,Junagadh,Kodinar,Jantrakhadi,
8609,Junagadh,Kodinar,Panch Pipalva,
8610,Junagadh,Kodinar,Nanavada,
8611,Junagadh,Kodinar,Malsaram,
8612,Junagadh,Kodinar,Sarkhadi,
8613,Junagadh,Kodinar,Chhara,
8614,Junagadh,Kodinar,Kaj,
8615,Junagadh,Kodinar,Velan,
8616,Junagadh,Una,Sapnes,
8617,Junagadh,Una,Chuldi,
8618,Junagadh,Una,Vaniagali,
8619,Junagadh,Una,Jamvali,
8620,Junagadh,Una,Hadala,
8621,Junagadh,Una,Vankajambu,
8622,Junagadh,Una,Vakumbha (Karjadi),
8623,Junagadh,Una,Lotha,
8624,Junagadh,Una,Karjadi,
8625,Junagadh,Una,Jambuda,
8626,Junagadh,Una,Vakumbha (Dhramaniya),
8627,Junagadh,Una,Nada,
8628,Junagadh,Una,Jambupani,
8629,Junagadh,Una,Vakumbha(Tadi),
8630,Junagadh,Una,Bilivali Tali,
8631,Junagadh,Una,Dhramaniya,
8632,Junagadh,Una,Chhodvadi,
8633,Junagadh,Una,Tadi,
8634,Junagadh,Una,Giglani Gor,
8635,Junagadh,Una,Gola,
8636,Junagadh,Una,Vankidas,
8637,Junagadh,Una,Vanzara,
8638,Junagadh,Una,Biliyat Nes,
8639,Junagadh,Una,Biliyat,
8640,Junagadh,Una,Sudavi,
8641,Junagadh,Una,Chhatarla,
8642,Junagadh,Una,Laptni,
8643,Junagadh,Una,Aral,
8644,Junagadh,Una,Charchock,
8645,Junagadh,Una,Pichhadibela,
8646,Junagadh,Una,Panvadi,
8647,Junagadh,Una,Vagha Timbi,
8648,Junagadh,Una,Mahuda,
8649,Junagadh,Una,Piliyo Dhuno,
8650,Junagadh,Una,Jenagar,
8651,Junagadh,Una,Hadkala,
8652,Junagadh,Una,Ganeshgali,
8653,Junagadh,Una,Ghud Jinjva,
8654,Junagadh,Una,Asundrali,
8655,Junagadh,Una,Gupti,
8656,Junagadh,Una,Bhutada Hodi,
8657,Junagadh,Una,Leria,
8658,Junagadh,Una,Damacha,
8659,Junagadh,Una,Kardapan,
8660,Junagadh,Una,Gafagala,
8661,Junagadh,Una,Kalipat,
8662,Junagadh,Una,Umarvidi,
8663,Junagadh,Una,Dabhala,
8664,Junagadh,Una,Abudi,
8665,Junagadh,Una,Dedakiya,
8666,Junagadh,Una,Nava Dedakiya,
8667,Junagadh,Una,Banej,
8668,Junagadh,Una,Patla (Mahadev),
8669,Junagadh,Una,Kanek,
8670,Junagadh,Una,Pareva,
8671,Junagadh,Una,Lamghar,
8672,Junagadh,Una,Kansvala,
8673,Junagadh,Una,Tulsishyam,
8674,Junagadh,Una,Dodhi,
8675,Junagadh,Una,Rajasthali,
8676,Junagadh,Una,Sakra,
8677,Junagadh,Una,Barwala,
8678,Junagadh,Una,Gandhara,
8679,Junagadh,Una,Vadli,
8680,Junagadh,Una,Nana Mindha,
8681,Junagadh,Una,Mota Mindha,
8682,Junagadh,Una,Khajuri,
8683,Junagadh,Una,Bobadiya,
8684,Junagadh,Una,Kandhavala,
8685,Junagadh,Una,Khakharavali,
8686,Junagadh,Una,Chhela,
8687,Junagadh,Una,Dal,
8688,Junagadh,Una,Kansariya,
8689,Junagadh,Una,Jamvala,
8690,Junagadh,Una,Bharawala,
8691,Junagadh,Una,Tadhodiya,
8692,Junagadh,Una,Viragali,
8693,Junagadh,Una,Ujjadiya,
8694,Junagadh,Una,Mandvi,
8695,Junagadh,Una,Oyna,
8696,Junagadh,Una,Sarkadiya,
8697,Junagadh,Una,Nitli,
8698,Junagadh,Una,Sonariya,
8699,Junagadh,Una,Motisar,
8700,Junagadh,Una,Nagadiya,
8701,Junagadh,Una,Jambudi,
8702,Junagadh,Una,Kodiya,
8703,Junagadh,Una,Rasulpara,
8704,Junagadh,Una,Mor Supada Nes,
8705,Junagadh,Una,Babariya,
8706,Junagadh,Una,Tapakeshvar,
8707,Junagadh,Una,Fareda,
8708,Junagadh,Una,Gir Gadhada,
8709,Junagadh,Una,Dron,
8710,Junagadh,Una,Itvaya,
8711,Junagadh,Una,Sanosri,
8712,Junagadh,Una,Dhokadva,
8713,Junagadh,Una,Bediya,
8714,Junagadh,Una,Bandharda,
8715,Junagadh,Una,Mota Samadhiyala,
8716,Junagadh,Una,Mahobatpara,
8717,Junagadh,Una,Ambada,
8718,Junagadh,Una,Nava Ugla,
8719,Junagadh,Una,Khilavad,
8720,Junagadh,Una,Fatsar,
8721,Junagadh,Una,Umedpara,
8722,Junagadh,Una,Sanvav,
8723,Junagadh,Una,Jaragli,
8724,Junagadh,Una,Vadviyala,
8725,Junagadh,Una,Jhudvadli,
8726,Junagadh,Una,Gundala,
8727,Junagadh,Una,Ugla,
8728,Junagadh,Una,Vajdi,
8729,Junagadh,Una,Padapadar,
8730,Junagadh,Una,Pankhan,
8731,Junagadh,Una,Nana Samadhiyala,
8732,Junagadh,Una,Luvari Moli,
8733,Junagadh,Una,Naliyeri Moli,
8734,Junagadh,Una,Vankiya,
8735,Junagadh,Una,Kakidi Moli,
8736,Junagadh,Una,Nandrakh,
8737,Junagadh,Una,Kandhi,
8738,Junagadh,Una,Bhacha,
8739,Junagadh,Una,Bhadiyadar,
8740,Junagadh,Una,Men,
8741,Junagadh,Una,Khapat,
8742,Junagadh,Una,Ankolali,
8743,Junagadh,Una,Panderi,
8744,Junagadh,Una,Dhrabavad,
8745,Junagadh,Una,Velakot,
8746,Junagadh,Una,Jhanjhariya,
8747,Junagadh,Una,Sonpura,
8748,Junagadh,Una,Bhiyal,
8749,Junagadh,Una,Bodidar,
8750,Junagadh,Una,Kaneri,
8751,Junagadh,Una,Fulka,
8752,Junagadh,Una,Undari,
8753,Junagadh,Una,Ratad,
8754,Junagadh,Una,Chanchakvad,
8755,Junagadh,Una,Patapur,
8756,Junagadh,Una,Nesda,
8757,Junagadh,Una,Untwala,
8758,Junagadh,Una,Chorali Moli,
8759,Junagadh,Una,Moti Moli,
8760,Junagadh,Una,Paswala,
8761,Junagadh,Una,Umej,
8762,Junagadh,Una,Vavarda,
8763,Junagadh,Una,Kansari,
8764,Junagadh,Una,Varsingpur,
8765,Junagadh,Una,Elampur,
8766,Junagadh,Una,Damasa,
8767,Junagadh,Una,Maghardi,
8768,Junagadh,Una,Ambavad,
8769,Junagadh,Una,Kanakiya,
8770,Junagadh,Una,Simasi,
8771,Junagadh,Una,Ranvasi,
8772,Junagadh,Una,Bhebha,
8773,Junagadh,Una,Yajpur,
8774,Junagadh,Una,Nathej,
8775,Junagadh,Una,Samter,
8776,Junagadh,Una,Gangda,
8777,Junagadh,Una,Sondarda,
8778,Junagadh,Una,Sondardi,
8779,Junagadh,Una,Khatriwada,
8780,Junagadh,Una,Sanakhda,
8781,Junagadh,Una,Rameshvar,
8782,Junagadh,Una,Kanakbarda,
8783,Junagadh,Una,Sultanpur,
8784,Junagadh,Una,Siloj,
8785,Junagadh,Una,Nathal,
8786,Junagadh,Una,Kesariya,
8787,Junagadh,Una,Madhgam,
8788,Junagadh,Una,Revad,
8789,Junagadh,Una,Lerka,
8790,Junagadh,Una,Chikhli,
8791,Junagadh,Una,Sokhda,
8792,Junagadh,Una,Kajardi,
8793,Junagadh,Una,Sonari,
8794,Junagadh,Una,Mota Desar,
8795,Junagadh,Una,Lamdhar,
8796,Junagadh,Una,Kothari,
8797,Junagadh,Una,Amodra,
8798,Junagadh,Una,Garal,
8799,Junagadh,Una,Motha,
8800,Junagadh,Una,Manekpur,
8801,Junagadh,Una,Dudhala,
8802,Junagadh,Una,Sanjavapur,
8803,Junagadh,Una,Anjar,
8804,Junagadh,Una,Shahdesar,
8805,Junagadh,Una,Bhadasi,
8806,Junagadh,Una,Kob,
8807,Junagadh,Una,Bhingran,
8808,Junagadh,Una,Tad,
8809,Junagadh,Una,Paldi,
8810,Junagadh,Una,Olvan,
8811,Junagadh,Una,Vansoj,
8812,Junagadh,Una,Delwada,
8813,Junagadh,Una,Khan,
8814,Junagadh,Una,Dandi,
8815,Junagadh,Una,Khajudra,
8816,Junagadh,Una,Simar,
8817,Junagadh,Una,Saiyad Rajpara,
8818,Junagadh,Una,Kheda,
8819,Junagadh,Una,Senjaliya,
8820,Junagadh,Una,Rajput Rajpara,
8821,Junagadh,Una,Kalapan,
8822,Junagadh,Una,Rampara,
8823,Junagadh,Una,Naliya Mandvi,
8824,Junagadh,Una,Nandan,
8825,Junagadh,Una,Jhankharvada,
8826,Junagadh,Una,Navabandar,
8827,Junagadh,Una,Timbarva,
8828,Junagadh,Una,Kothariya,
8829,Junagadh,Una,Chikhal Kuba,
8830,Junagadh,Una,Bhayadhar,
8831,Junagadh,Una,Bhakha,
8832,Junagadh,Una,Thordi,
8833,Junagadh,Una,Ghodavadi,
8834,Junagadh,Una,Jasadhar,
8835,Junagadh,Una,Zankhiya,
8836,Amreli,Kunkavav Vadia,Devalki,
8837,Amreli,Kunkavav Vadia,Bantwa-Devli,
8838,Amreli,Kunkavav Vadia,Barvala Baval,
8839,Amreli,Kunkavav Vadia,Bhukhli-Santhali,
8840,Amreli,Kunkavav Vadia,Khajuri,
8841,Amreli,Kunkavav Vadia,Megha-pipaliya,
8842,Amreli,Kunkavav Vadia,Targhari,
8843,Amreli,Kunkavav Vadia,Sanali,
8844,Amreli,Kunkavav Vadia,Vavdi Road,
8845,Amreli,Kunkavav Vadia,Badanpur Nava,
8846,Amreli,Kunkavav Vadia,Badanpur Juna,
8847,Amreli,Kunkavav Vadia,Bambhaniya,
8848,Amreli,Kunkavav Vadia,Devgam,
8849,Amreli,Kunkavav Vadia,Dadva(Randal),
8850,Amreli,Kunkavav Vadia,Sarangpur,
8851,Amreli,Kunkavav Vadia,Jithudi,
8852,Amreli,Kunkavav Vadia,Maya padar,
8853,Amreli,Kunkavav Vadia,Lakhapadar,
8854,Amreli,Kunkavav Vadia,Sanala,
8855,Amreli,Kunkavav Vadia,Bhayavadar,
8856,Amreli,Kunkavav Vadia,Ujala-Mota,
8857,Amreli,Kunkavav Vadia,Talali,
8858,Amreli,Kunkavav Vadia,Khajuri-Pipaliya,
8859,Amreli,Kunkavav Vadia,Khadkhad,
8860,Amreli,Kunkavav Vadia,Morvada,
8861,Amreli,Kunkavav Vadia,Vadia,
8862,Amreli,Kunkavav Vadia,Khijadiya Hanuman,
8863,Amreli,Kunkavav Vadia,Pipaliya Dhundhiya,
8864,Amreli,Kunkavav Vadia,Khijadiya Khan,
8865,Amreli,Kunkavav Vadia,Arjansukh,
8866,Amreli,Kunkavav Vadia,Khakhariya,
8867,Amreli,Kunkavav Vadia,Surya Pratapgadh,
8868,Amreli,Kunkavav Vadia,Anida,
8869,Amreli,Kunkavav Vadia,Ujala-Nava,
8870,Amreli,Kunkavav Vadia,Jungar,
8871,Amreli,Kunkavav Vadia,Ishvariya,
8872,Amreli,Kunkavav Vadia,Luni-Dhar,
8873,Amreli,Kunkavav Vadia,Kolda,
8874,Amreli,Kunkavav Vadia,Kunkavav Nani,
8875,Amreli,Kunkavav Vadia,Kunkavav Moti,
8876,Amreli,Kunkavav Vadia,Najapur,
8877,Amreli,Kunkavav Vadia,Tori,
8878,Amreli,Kunkavav Vadia,Rampur,
8879,Amreli,Kunkavav Vadia,Amrapur,
8880,Amreli,Kunkavav Vadia,Barvala Bavishi,
8881,Amreli,Babra,Khanpar,
8882,Amreli,Babra,Kalorana,
8883,Amreli,Babra,Lalka,
8884,Amreli,Babra,Vankiya,
8885,Amreli,Babra,Vavda,
8886,Amreli,Babra,Kotda Pitha,
8887,Amreli,Babra,Garni,
8888,Amreli,Babra,Pansada,
8889,Amreli,Babra,Karnuki,
8890,Amreli,Babra,Navaniya,
8891,Amreli,Babra,Untvad,
8892,Amreli,Babra,Raypar,
8893,Amreli,Babra,Sukavala,
8894,Amreli,Babra,Sukhpar,
8895,Amreli,Babra,Khambhala,
8896,Amreli,Babra,Kundal Nani,
8897,Amreli,Babra,Sirvaniya,
8898,Amreli,Babra,Kidi,
8899,Amreli,Babra,Ishvariya,
8900,Amreli,Babra,Taivadar,
8901,Amreli,Babra,Nilavala,
8902,Amreli,Babra,Samadhiyala,
8903,Amreli,Babra,Charkha,
8904,Amreli,Babra,Ghughrala,
8905,Amreli,Babra,Miya Khijadiya,
8906,Amreli,Babra,Isapar,
8907,Amreli,Babra,Nadala,
8908,Amreli,Babra,Ranpar,
8909,Amreli,Babra,Thorkhan,
8910,Amreli,Babra,Nonghanvadar,
8911,Amreli,Babra,Lonkotda,
8912,Amreli,Babra,Tramboda,
8913,Amreli,Babra,Gamapipaliya,
8914,Amreli,Babra,Khakhariya,
8915,Amreli,Babra,Kariyana,
8916,Amreli,Babra,Dared,
8917,Amreli,Babra,Barvala,
8918,Amreli,Babra,Galkotdi,
8919,Amreli,Babra,Chamardi,
8920,Amreli,Babra,Vavdi,
8921,Amreli,Babra,Devaliya Mota,
8922,Amreli,Babra,Fuljhar,
8923,Amreli,Babra,Khijadiya Kotda,
8924,Amreli,Babra,Dharai,
8925,Amreli,Babra,Jivapar,
8926,Amreli,Babra,Valardi,
8927,Amreli,Babra,Kunvargadh,
8928,Amreli,Babra,Amarvalpar,
8929,Amreli,Babra,Hathigadh,
8930,Amreli,Babra,Lunki,
8931,Amreli,Babra,Vandaliya,
8932,Amreli,Babra,Ingorala,
8933,Amreli,Babra,Pir Khijadiya,
8934,Amreli,Babra,Balel Pipariya,
8935,Amreli,Babra,Bhildi,
8936,Amreli,Babra,Bhila,
8937,Amreli,Lathi,Hirana,
8938,Amreli,Lathi,Derdi-Janbai,
8939,Amreli,Lathi,Chavand,
8940,Amreli,Lathi,Shekhpipariya,
8941,Amreli,Lathi,Punjapar,
8942,Amreli,Lathi,Harsurpur,
8943,Amreli,Lathi,Keriya,
8944,Amreli,Lathi,Virpur,
8945,Amreli,Lathi,Karkoliya,
8946,Amreli,Lathi,Rajkot Nana,
8947,Amreli,Lathi,Pipalva,
8948,Amreli,Lathi,Ambardi,
8949,Amreli,Lathi,Kanchardi,
8950,Amreli,Lathi,Narangadh,
8951,Amreli,Lathi,Memda,
8952,Amreli,Lathi,Bhurakhiya,
8953,Amreli,Lathi,Rampar,
8954,Amreli,Lathi,Adtala,
8955,Amreli,Lathi,Jarakhiya,
8956,Amreli,Lathi,Toda,
8957,Amreli,Lathi,Dudhala Lathi,
8958,Amreli,Lathi,Pratapgadh,
8959,Amreli,Lathi,Tajpar,
8960,Amreli,Lathi,Methli,
8961,Amreli,Lathi,Dahinthara,
8962,Amreli,Lathi,Dhrufania,
8963,Amreli,Lathi,Suvagadh,
8964,Amreli,Lathi,Muliyapat,
8965,Amreli,Lathi,Thansa,
8966,Amreli,Lathi,Chhabhadiya,
8967,Amreli,Lathi,Bhingrad,
8968,Amreli,Lathi,Akala,
8969,Amreli,Lathi,Kerala,
8970,Amreli,Lathi,Malaviya Pipariya,
8971,Amreli,Lathi,Aliudepur,
8972,Amreli,Lathi,Matirala,
8973,Amreli,Lathi,Krishna gadh,
8974,Amreli,Lathi,Luvariya,
8975,Amreli,Lathi,Ansodar,
8976,Amreli,Lathi,Ingorala,
8977,Amreli,Lathi,Havtad,
8978,Amreli,Lathi,Padarshinga,
8979,Amreli,Lathi,Hajiradhar,
8980,Amreli,Lathi,Rabhda,
8981,Amreli,Lathi,Bhatvadar,
8982,Amreli,Lathi,Bhalvav,
8983,Amreli,Lathi,Dhamel,
8984,Amreli,Lathi,Dudhala Bai,
8985,Amreli,Lathi,Shakhpur,
8986,Amreli,Lilia,Saldi,
8987,Amreli,Lilia,Jatroda,
8988,Amreli,Lilia,Antaliya,
8989,Amreli,Lilia,Sanjantimba,
8990,Amreli,Lilia,Haripur,
8991,Amreli,Lilia,Eklera,
8992,Amreli,Lilia,Kankot Nana,
8993,Amreli,Lilia,Panch Talavda,
8994,Amreli,Lilia,Gundran,
8995,Amreli,Lilia,Dhangla,
8996,Amreli,Lilia,Hathigadh,
8997,Amreli,Lilia,Putaliya,
8998,Amreli,Lilia,Kankot Mota,
8999,Amreli,Lilia,Godhavadar,
9000,Amreli,Lilia,Punjapadar,
9001,Amreli,Lilia,Pipalva,
9002,Amreli,Lilia,Bhensan,
9003,Amreli,Lilia,Bodiya,
9004,Amreli,Lilia,Khara,
9005,Amreli,Lilia,Kalyanpar,
9006,Amreli,Lilia,Rajkot Nana,
9007,Amreli,Lilia,Kuntana,
9008,Amreli,Lilia,Sanaliya,
9009,Amreli,Lilia,Timbdi,
9010,Amreli,Lilia,Vaghaniya,
9011,Amreli,Lilia,Lilia Nana,
9012,Amreli,Lilia,Amba,
9013,Amreli,Lilia,Bhensvadi,
9014,Amreli,Lilia,Lonka,
9015,Amreli,Lilia,Lonki,
9016,Amreli,Lilia,Shedhavadar,
9017,Amreli,Lilia,Bhoringda,
9018,Amreli,Lilia,Krankach,
9019,Amreli,Lilia,Bavadi,
9020,Amreli,Lilia,Bavada,
9021,Amreli,Lilia,Ingorala,
9022,Amreli,Amreli,Monpur,
9023,Amreli,Amreli,Khijadiya Radadiya,
9024,Amreli,Amreli,Chital,
9025,Amreli,Amreli,Jasvantgadh,
9026,Amreli,Amreli,Randhiya,
9027,Amreli,Amreli,Rikadiya,
9028,Amreli,Amreli,Timba,
9029,Amreli,Amreli,Shedubhar,
9030,Amreli,Amreli,Suragpur,
9031,Amreli,Amreli,Haripura,
9032,Amreli,Amreli,Machiyala Mota,
9033,Amreli,Amreli,Ankadiya Nana,
9034,Amreli,Amreli,Dahida,
9035,Amreli,Amreli,Kathma,
9036,Amreli,Amreli,Pipllag,
9037,Amreli,Amreli,Venivadar,
9038,Amreli,Amreli,Sangaderi,
9039,Amreli,Amreli,Machiyala Nana,
9040,Amreli,Amreli,Varasda,
9041,Amreli,Amreli,Ishvariya,
9042,Amreli,Amreli,Giriya,
9043,Amreli,Amreli,Baxipur,
9044,Amreli,Amreli,Amarpur(Varudi),
9045,Amreli,Amreli,Mangvapal,
9046,Amreli,Amreli,Bhandariya Nana,
9047,Amreli,Amreli,Ankadiya Mota,
9048,Amreli,Amreli,Malvan,
9049,Amreli,Amreli,Dholarva,
9050,Amreli,Amreli,Vadera,
9051,Amreli,Amreli,Rangpur,
9052,Amreli,Amreli,Keriyanagas,
9053,Amreli,Amreli,Lalavadar,
9054,Amreli,Amreli,Pratappara,
9055,Amreli,Amreli,Navakhijadiya,
9056,Amreli,Amreli,Thordi,
9057,Amreli,Amreli,Sanosara,
9058,Amreli,Amreli,Jaliya,
9059,Amreli,Amreli,Kamigadh,
9060,Amreli,Amreli,Khijadiya Khari,
9061,Amreli,Amreli,Kerala,
9062,Amreli,Amreli,Bhandariya Mota,
9063,Amreli,Amreli,Gavadka,
9064,Amreli,Amreli,Vithalpur,
9065,Amreli,Amreli,Champathal,
9066,Amreli,Amreli,Fattepur,
9067,Amreli,Amreli,Chakkargadh,
9068,Amreli,Amreli,Devaliya,
9069,Amreli,Amreli,Pithavajal,
9070,Amreli,Amreli,Vankiya,
9071,Amreli,Amreli,Babapur,
9072,Amreli,Amreli,Paniya,
9073,Amreli,Amreli,Mandavda Mota,
9074,Amreli,Amreli,Timbla,
9075,Amreli,Amreli,Taravda,
9076,Amreli,Amreli,Devrajiya,
9077,Amreli,Amreli,Taraktalav,
9078,Amreli,Amreli,Rajasthali,
9079,Amreli,Amreli,Gokharvala Mota,
9080,Amreli,Amreli,Gokharvala Nana,
9081,Amreli,Amreli,Chandgadh,
9082,Amreli,Amreli,Lapaliya,
9083,Amreli,Amreli,Sonariya,
9084,Amreli,Amreli,Shambhupura,
9085,Amreli,Amreli,Keriyachad,
9086,Amreli,Amreli,Sajiyavadar,
9087,Amreli,Amreli,Medi,
9088,Amreli,Amreli,Mandavda Nana,
9089,Amreli,Amreli,Sarambhda,
9090,Amreli,Amreli,Chadiya,
9091,Amreli,Amreli,Malila,
9092,Amreli,Amreli,Khad Khambhaliya,
9093,Amreli,Bagasara,Balapur,
9094,Amreli,Bagasara,Pithadiya,
9095,Amreli,Bagasara,Vaghaniya Nava,
9096,Amreli,Bagasara,Vaghaniya Juna,
9097,Amreli,Bagasara,Khari,
9098,Amreli,Bagasara,Hadala,
9099,Amreli,Bagasara,Mavjinjva,
9100,Amreli,Bagasara,Ghantiyan,
9101,Amreli,Bagasara,Haliyad Navi,
9102,Amreli,Bagasara,Haliyad Juni,
9103,Amreli,Bagasara,Deri Pipaliya,
9104,Amreli,Bagasara,Pipaliya Nava,
9105,Amreli,Bagasara,Charan pipali,
9106,Amreli,Bagasara,Jethiavadar,
9107,Amreli,Bagasara,Adpur,
9108,Amreli,Bagasara,Munjiasar Mota,
9109,Amreli,Bagasara,Munjiasar Nana,
9110,Amreli,Bagasara,Manekvada,
9111,Amreli,Bagasara,Rafala,
9112,Amreli,Bagasara,Jamka,
9113,Amreli,Bagasara,Sanaliya,
9114,Amreli,Bagasara,Shilana,
9115,Amreli,Bagasara,Janjariya Nava,
9116,Amreli,Bagasara,Janjariya Juna,
9117,Amreli,Bagasara,Kadaya,
9118,Amreli,Bagasara,Kagdadi,
9119,Amreli,Bagasara,Samadhiyala,
9120,Amreli,Bagasara,Hamapur,
9121,Amreli,Bagasara,Khijadiya,
9122,Amreli,Bagasara,Hulariya,
9123,Amreli,Bagasara,Halariya,
9124,Amreli,Dhari,Padargadh,
9125,Amreli,Dhari,Gopalgram,
9126,Amreli,Dhari,Dholarva,
9127,Amreli,Dhari,Garamli (Charkha),
9128,Amreli,Dhari,Kathirvadar,
9129,Amreli,Dhari,Juna Charkha,
9130,Amreli,Dhari,Nava Charkha,
9131,Amreli,Dhari,Kami,
9132,Amreli,Dhari,Kerala,
9133,Amreli,Dhari,Paniya(Devasthan),
9134,Amreli,Dhari,Mithapur(Dungri),
9135,Amreli,Dhari,Parbadi,
9136,Amreli,Dhari,Dahida,
9137,Amreli,Dhari,Morzar,
9138,Amreli,Dhari,Manavav,
9139,Amreli,Dhari,Ambardi,
9140,Amreli,Dhari,Bharad,
9141,Amreli,Dhari,Bhayavadar,
9142,Amreli,Dhari,Dangavadar,
9143,Amreli,Dhari,Kotha Pipariya,
9144,Amreli,Dhari,Bhader,
9145,Amreli,Dhari,Monvel,
9146,Amreli,Dhari,Kathrota,
9147,Amreli,Dhari,Malshika,
9148,Amreli,Dhari,Dhari,
9149,Amreli,Dhari,Khicha,
9150,Amreli,Dhari,Chhatradiya,
9151,Amreli,Dhari,Zar,
9152,Amreli,Dhari,Hudli,
9153,Amreli,Dhari,Garamali Moti,
9154,Amreli,Dhari,Ingorala(Dungri),
9155,Amreli,Dhari,Samadhiyala Nana,
9156,Amreli,Dhari,Ditla,
9157,Amreli,Dhari,Khambhaliya,
9158,Amreli,Dhari,Dhargani,
9159,Amreli,Dhari,Vavdi,
9160,Amreli,Dhari,Garamali Nani,
9161,Amreli,Dhari,Kaner,
9162,Amreli,Dhari,Vaghvadi,
9163,Amreli,Dhari,Rampur,
9164,Amreli,Dhari,Fategadh,
9165,Amreli,Dhari,Shivad,
9166,Amreli,Dhari,Bordi,
9167,Amreli,Dhari,Gigasan,
9168,Amreli,Dhari,Kubda,
9169,Amreli,Dhari,Amaratpur,
9170,Amreli,Dhari,Devla,
9171,Amreli,Dhari,Nagadhra,
9172,Amreli,Dhari,Lakhapadar,
9173,Amreli,Dhari,Virpur,
9174,Amreli,Dhari,Madhupur,
9175,Amreli,Dhari,Dabhali,
9176,Amreli,Dhari,Jira,
9177,Amreli,Dhari,Sarasiya,
9178,Amreli,Dhari,Facharia,
9179,Amreli,Dhari,Govindpur,
9180,Amreli,Dhari,Dalkhaniya,
9181,Amreli,Dhari,Mithapur Nakki,
9182,Amreli,Dhari,Chanchai,
9183,Amreli,Dhari,Paniya Dungri,
9184,Amreli,Dhari,Kotda,
9185,Amreli,Dhari,Shemardi,
9186,Amreli,Dhari,Krangsa,
9187,Amreli,Dhari,Sakhpur,
9188,Amreli,Dhari,Ravna,
9189,Amreli,Dhari,Matan Mala,
9190,Amreli,Dhari,Karamdadi,
9191,Amreli,Dhari,Trambakpur,
9192,Amreli,Dhari,Gadhiya,
9193,Amreli,Dhari,Hirava,
9194,Amreli,Dhari,Khisri,
9195,Amreli,Dhari,Jaljivadi,
9196,Amreli,Dhari,Dudhala,
9197,Amreli,Dhari,Gadhiya Chavand,
9198,Amreli,Dhari,Tarsingada,
9199,Amreli,Dhari,Rajsthali,
9200,Amreli,Dhari,Patla,
9201,Amreli,Savar Kundla,Simaran,
9202,Amreli,Savar Kundla,Jira,
9203,Amreli,Savar Kundla,Borala,
9204,Amreli,Savar Kundla,Khadkala,
9205,Amreli,Savar Kundla,Juna Savar,
9206,Amreli,Savar Kundla,Kerala,
9207,Amreli,Savar Kundla,Kunkavav,
9208,Amreli,Savar Kundla,Khalpar,
9209,Amreli,Savar Kundla,Ankolada,
9210,Amreli,Savar Kundla,Mekda,
9211,Amreli,Savar Kundla,Fifad,
9212,Amreli,Savar Kundla,Ghoba,
9213,Amreli,Savar Kundla,Piparadi,
9214,Amreli,Savar Kundla,Hipavadli,
9215,Amreli,Savar Kundla,Mota Bhamodra,
9216,Amreli,Savar Kundla,Ghobapati,
9217,Amreli,Savar Kundla,Shelana,
9218,Amreli,Savar Kundla,Vanda,
9219,Amreli,Savar Kundla,Fachariya,
9220,Amreli,Savar Kundla,Piyava,
9221,Amreli,Savar Kundla,Dhar,
9222,Amreli,Savar Kundla,Moldi,
9223,Amreli,Savar Kundla,Amrutvel,
9224,Amreli,Savar Kundla,Bhuva,
9225,Amreli,Savar Kundla,Nana Bhamodra,
9226,Amreli,Savar Kundla,Charkhadiya,
9227,Amreli,Savar Kundla,Oliya,
9228,Amreli,Savar Kundla,Karjala,
9229,Amreli,Savar Kundla,Nesdi,
9230,Amreli,Savar Kundla,Kanatalav,
9231,Amreli,Savar Kundla,Mota Zinzuda,
9232,Amreli,Savar Kundla,Nana Zinzuda,
9233,Amreli,Savar Kundla,Pithvadi,
9234,Amreli,Savar Kundla,Senjal,
9235,Amreli,Savar Kundla,Mevasa,
9236,Amreli,Savar Kundla,Vanshiyali,
9237,Amreli,Savar Kundla,Jejad,
9238,Amreli,Savar Kundla,Thavi,
9239,Amreli,Savar Kundla,Virdi,
9240,Amreli,Savar Kundla,Kedariya,
9241,Amreli,Savar Kundla,Kantrodi,
9242,Amreli,Savar Kundla,Zadkala,
9243,Amreli,Savar Kundla,Nal,
9244,Amreli,Savar Kundla,Rabarika,
9245,Amreli,Savar Kundla,Bhonkarva,
9246,Amreli,Savar Kundla,Nani Vadal,
9247,Amreli,Savar Kundla,Bhenkra,
9248,Amreli,Savar Kundla,Vijayanagar,
9249,Amreli,Savar Kundla,Hathasani,
9250,Amreli,Savar Kundla,Dhajdi,
9251,Amreli,Savar Kundla,Badhada,
9252,Amreli,Savar Kundla,Gadhakda,
9253,Amreli,Savar Kundla,Likhala,
9254,Amreli,Savar Kundla,Dedkadi,
9255,Amreli,Savar Kundla,Madhada,
9256,Amreli,Savar Kundla,Jambuda,
9257,Amreli,Savar Kundla,Vijapdi,
9258,Amreli,Savar Kundla,Chhapri,
9259,Amreli,Savar Kundla,Khadsali,
9260,Amreli,Savar Kundla,Meriyana,
9261,Amreli,Savar Kundla,Goradka,
9262,Amreli,Savar Kundla,Luvara,
9263,Amreli,Savar Kundla,Ramgadh,
9264,Amreli,Savar Kundla,Jabal,
9265,Amreli,Savar Kundla,Abhrampara,
9266,Amreli,Savar Kundla,Mitiyala,
9267,Amreli,Savar Kundla,Bagoya,
9268,Amreli,Savar Kundla,Ambardi,
9269,Amreli,Savar Kundla,Dolti,
9270,Amreli,Savar Kundla,Bhamar,
9271,Amreli,Savar Kundla,Chikhali,
9272,Amreli,Savar Kundla,Hadida,
9273,Amreli,Savar Kundla,Dadhiya,
9274,Amreli,Savar Kundla,Vanot,
9275,Amreli,Savar Kundla,Ghandla,
9276,Amreli,Savar Kundla,Detad,
9277,Amreli,Savar Kundla,Giniya,
9278,Amreli,Savar Kundla,Khodiyana,
9279,Amreli,Savar Kundla,Absang,
9280,Amreli,Savar Kundla,Thordi,
9281,Amreli,Khambha,Samadhiyala Mota,
9282,Amreli,Khambha,Rugnathpur,
9283,Amreli,Khambha,Jikiyali,
9284,Amreli,Khambha,Vankiya,
9285,Amreli,Khambha,Kotda,
9286,Amreli,Khambha,Anida,
9287,Amreli,Khambha,Ingorala,
9288,Amreli,Khambha,Bhad,
9289,Amreli,Khambha,Visavadar Nana,
9290,Amreli,Khambha,Dhari Nani,
9291,Amreli,Khambha,Lasa,
9292,Amreli,Khambha,Tantaniya,
9293,Amreli,Khambha,Umariya,
9294,Amreli,Khambha,Nanudi,
9295,Amreli,Khambha,Dadhiyali,
9296,Amreli,Khambha,Khambha,
9297,Amreli,Khambha,Pipalava,
9298,Amreli,Khambha,Gidardi,
9299,Amreli,Khambha,Dhavadiya,
9300,Amreli,Khambha,Bhaniya,
9301,Amreli,Khambha,Khadadhar,
9302,Amreli,Khambha,Bhavardi,
9303,Amreli,Khambha,Sarakadiya Divan,
9304,Amreli,Khambha,Sarakadiya,
9305,Amreli,Khambha,Kodiya,
9306,Amreli,Khambha,Pati,
9307,Amreli,Khambha,Raydi,
9308,Amreli,Khambha,Dedan,
9309,Amreli,Khambha,Raningpara,
9310,Amreli,Khambha,Nava Malaknes,
9311,Amreli,Khambha,Borala,
9312,Amreli,Khambha,Babarpur,
9313,Amreli,Khambha,Kantala,
9314,Amreli,Khambha,Chakrava,
9315,Amreli,Khambha,Hanumanpur,
9316,Amreli,Khambha,Juna Malaknes,
9317,Amreli,Khambha,Nesdi No-2,
9318,Amreli,Khambha,Samadhiyala No-2,
9319,Amreli,Khambha,Jivapar,
9320,Amreli,Khambha,Munjiyasar,
9321,Amreli,Khambha,Trakuda,
9322,Amreli,Khambha,Vangadhara,
9323,Amreli,Khambha,Talda,
9324,Amreli,Khambha,Dadli,
9325,Amreli,Khambha,Dhundhavana,
9326,Amreli,Khambha,Pachapachiya,
9327,Amreli,Khambha,Salva,
9328,Amreli,Khambha,Pipariya,
9329,Amreli,Khambha,Rabarika,
9330,Amreli,Khambha,Ambaliyala,
9331,Amreli,Khambha,Jamka,
9332,Amreli,Khambha,Ningala No-2,
9333,Amreli,Khambha,Bhundani,
9334,Amreli,Khambha,Gorana,
9335,Amreli,Khambha,Katarpara,
9336,Amreli,Khambha,Barman Mota,
9337,Amreli,Khambha,Barman Nana,
9338,Amreli,Jafrabad,Fachariya,
9339,Amreli,Jafrabad,Sarovarda,
9340,Amreli,Jafrabad,Shiyalbet,
9341,Amreli,Jafrabad,Lothpur,
9342,Amreli,Jafrabad,Kagvadar,
9343,Amreli,Jafrabad,Bhatvadar,
9344,Amreli,Jafrabad,Kanthariya Koli,
9345,Amreli,Jafrabad,Balanivav,
9346,Amreli,Jafrabad,Kanthariya Khalsa,
9347,Amreli,Jafrabad,Pichhadi,
9348,Amreli,Jafrabad,Ebhalvad,
9349,Amreli,Jafrabad,Lor,
9350,Amreli,Jafrabad,Pati Mansa (Nana),
9351,Amreli,Jafrabad,Mota Mansa,
9352,Amreli,Jafrabad,Timbi,
9353,Amreli,Jafrabad,Chhelana,
9354,Amreli,Jafrabad,Hemal,
9355,Amreli,Jafrabad,Jikadri Juni,
9356,Amreli,Jafrabad,Jikadri Navi,
9357,Amreli,Jafrabad,Mithapur,
9358,Amreli,Jafrabad,Lunsapur,
9359,Amreli,Jafrabad,Vandh,
9360,Amreli,Jafrabad,Nageshri,
9361,Amreli,Jafrabad,Dudhala,
9362,Amreli,Jafrabad,Dholadri,
9363,Amreli,Jafrabad,Sokhda,
9364,Amreli,Jafrabad,Ghenspur,
9365,Amreli,Jafrabad,Sakariya Mota,
9366,Amreli,Jafrabad,Sakariya Nana,
9367,Amreli,Jafrabad,Bhada,
9368,Amreli,Jafrabad,Vadli,
9369,Amreli,Jafrabad,Kerala,
9370,Amreli,Jafrabad,Dharabandar,
9371,Amreli,Jafrabad,Rohisa,
9372,Amreli,Jafrabad,Chitrasar,
9373,Amreli,Jafrabad,Balana,
9374,Amreli,Jafrabad,Kadiyali,
9375,Amreli,Jafrabad,Vadhera,
9376,Amreli,Jafrabad,Mitiyala,
9377,Amreli,Jafrabad,Babarkot,
9378,Amreli,Jafrabad,Varahsvarup,
9379,Amreli,Jafrabad,Bhankodar,
9380,Amreli,Rajula,Bhakshi,
9381,Amreli,Rajula,Vavera,
9382,Amreli,Rajula,Kherali Nani,
9383,Amreli,Rajula,Khari,
9384,Amreli,Rajula,Kherali Moti,
9385,Amreli,Rajula,Babariyadhar,
9386,Amreli,Rajula,Navagam(Mariana),
9387,Amreli,Rajula,Amuli,
9388,Amreli,Rajula,Masundada Nana- Mota,
9389,Amreli,Rajula,Balapar,
9390,Amreli,Rajula,Chhapri,
9391,Amreli,Rajula,Barbatana,
9392,Amreli,Rajula,Charodiya,
9393,Amreli,Rajula,Dipadiya,
9394,Amreli,Rajula,Dhareshvar,
9395,Amreli,Rajula,Agariya Mota,
9396,Amreli,Rajula,Vavdi,
9397,Amreli,Rajula,Agariya Nava,
9398,Amreli,Rajula,Agariya Dhudiya,
9399,Amreli,Rajula,Mandardi Navi-Juni,
9400,Amreli,Rajula,Vadli,
9401,Amreli,Rajula,Kundaliyala,
9402,Amreli,Rajula,Ringaniyala Mota,
9403,Amreli,Rajula,Doliya,
9404,Amreli,Rajula,Mandal,
9405,Amreli,Rajula,Morangi,
9406,Amreli,Rajula,Mobhiyana Mota,
9407,Amreli,Rajula,Mobhiyana Nana,
9408,Amreli,Rajula,Rampara No-1,
9409,Amreli,Rajula,Zinzka,
9410,Amreli,Rajula,Dungarparda,
9411,Amreli,Rajula,Dungar,
9412,Amreli,Rajula,Rajparda,
9413,Amreli,Rajula,Ganjavadar,
9414,Amreli,Rajula,Untiya,
9415,Amreli,Rajula,Zanzarda,
9416,Amreli,Rajula,Ringaniyala Nana,
9417,Amreli,Rajula,Zampodar,
9418,Amreli,Rajula,Kotdi,
9419,Amreli,Rajula,Katar,
9420,Amreli,Rajula,Barpatoli,
9421,Amreli,Rajula,Khakhbai,
9422,Amreli,Rajula,Khambhaliya,
9423,Amreli,Rajula,Hadmatiya,
9424,Amreli,Rajula,Kumbhariya,
9425,Amreli,Rajula,Sajanavav,
9426,Amreli,Rajula,Rabhda,
9427,Amreli,Rajula,Nesdi No -1,
9428,Amreli,Rajula,Majadar,
9429,Amreli,Rajula,Jholapar,
9430,Amreli,Rajula,Devka,
9431,Amreli,Rajula,Kadiyali,
9432,Amreli,Rajula,Chhatadiya,
9433,Amreli,Rajula,Hindorna,
9434,Amreli,Rajula,Vad,
9435,Amreli,Rajula,Bhachadar,
9436,Amreli,Rajula,Ningala No-1,
9437,Amreli,Rajula,Pipavav,
9438,Amreli,Rajula,Visaliya,
9439,Amreli,Rajula,Dantardi,
9440,Amreli,Rajula,Samadhiyala No-1,
9441,Amreli,Rajula,Patva,
9442,Amreli,Rajula,khera,
9443,Amreli,Rajula,Chanch,
9444,Amreli,Rajula,Kathivadar,
9445,Amreli,Rajula,Victar,
9446,Amreli,Rajula,Bherai,
9447,Amreli,Rajula,Dharano Nes,
9448,Amreli,Rajula,Chotra,
9449,Amreli,Rajula,Uchaiya,
9450,Amreli,Rajula,Rampara No-2,
9451,Amreli,Rajula,Kovaya,
9452,Bhavnagar,Botad,Nani Virva,
9453,Bhavnagar,Botad,Moti Virva,
9454,Bhavnagar,Botad,Gadhadiya,
9455,Bhavnagar,Botad,Mota Chhaida,
9456,Bhavnagar,Botad,Nana Chhaida,
9457,Bhavnagar,Botad,Bhadla,
9458,Bhavnagar,Botad,Limboda,
9459,Bhavnagar,Botad,Bodi,
9460,Bhavnagar,Botad,Piparadi,
9461,Bhavnagar,Botad,Pipaliya,
9462,Bhavnagar,Botad,Ratanpar,
9463,Bhavnagar,Botad,Nana Paliyad,
9464,Bhavnagar,Botad,Sankardi,
9465,Bhavnagar,Botad,Kaniyad,
9466,Bhavnagar,Botad,Babarkot,
9467,Bhavnagar,Botad,Paliyad,
9468,Bhavnagar,Botad,Kumbhara,
9469,Bhavnagar,Botad,Sarva,
9470,Bhavnagar,Botad,Bhadravadi,
9471,Bhavnagar,Botad,Targhara,
9472,Bhavnagar,Botad,Hadadad,
9473,Bhavnagar,Botad,Sherthali,
9474,Bhavnagar,Botad,Dhinkwali,
9475,Bhavnagar,Botad,Samadhiyala No.1,
9476,Bhavnagar,Botad,Nagalpar,
9477,Bhavnagar,Botad,Dhankaniya,
9478,Bhavnagar,Botad,Shirvaniya,
9479,Bhavnagar,Botad,Zariya,
9480,Bhavnagar,Botad,Turkha,
9481,Bhavnagar,Botad,Rangpar,
9482,Bhavnagar,Botad,Khakhoi,
9483,Bhavnagar,Botad,Salaiya,
9484,Bhavnagar,Botad,Rajpara,
9485,Bhavnagar,Botad,Jotingada,
9486,Bhavnagar,Botad,Bhambhan,
9487,Bhavnagar,Botad,Tajpar,
9488,Bhavnagar,Botad,Lathidad,
9489,Bhavnagar,Botad,Sajeli,
9490,Bhavnagar,Botad,Vajeli,
9491,Bhavnagar,Botad,Samadhiyala No.2,
9492,Bhavnagar,Botad,Keriya No.2,
9493,Bhavnagar,Botad,Zamrala,
9494,Bhavnagar,Botad,Kariyani,
9495,Bhavnagar,Botad,Sarvai,
9496,Bhavnagar,Botad,Pati,
9497,Bhavnagar,Botad,Zinzavadar,
9498,Bhavnagar,Botad,Sangavadar,
9499,Bhavnagar,Botad,Ratanvav,
9500,Bhavnagar,Botad,Lakheni,
9501,Bhavnagar,Botad,Keriya No.1,
9502,Bhavnagar,Botad,Chakampar,
9503,Bhavnagar,Botad,Rohishala,
9504,Bhavnagar,Vallabhipur,Datretiya,
9505,Bhavnagar,Vallabhipur,Malpara,
9506,Bhavnagar,Vallabhipur,Lundhara,
9507,Bhavnagar,Vallabhipur,Panvi,
9508,Bhavnagar,Vallabhipur,Patana,
9509,Bhavnagar,Vallabhipur,Ujalvav,
9510,Bhavnagar,Vallabhipur,Moti Dharai,
9511,Bhavnagar,Vallabhipur,Bhoraniya,
9512,Bhavnagar,Vallabhipur,Mul Dharai,
9513,Bhavnagar,Vallabhipur,Rangpur,
9514,Bhavnagar,Vallabhipur,Jalalpar,
9515,Bhavnagar,Vallabhipur,Totaniyala,
9516,Bhavnagar,Vallabhipur,Nasitpur,
9517,Bhavnagar,Vallabhipur,Juna Ratanpur,
9518,Bhavnagar,Vallabhipur,Chada,
9519,Bhavnagar,Vallabhipur,Dared,
9520,Bhavnagar,Vallabhipur,Melana,
9521,Bhavnagar,Vallabhipur,Rajpara (Bhayati),
9522,Bhavnagar,Vallabhipur,Jaliya,
9523,Bhavnagar,Vallabhipur,Navaniya,
9524,Bhavnagar,Vallabhipur,Pipal,
9525,Bhavnagar,Vallabhipur,Kanpar,
9526,Bhavnagar,Vallabhipur,Pipariya,
9527,Bhavnagar,Vallabhipur,Bhojpara,
9528,Bhavnagar,Vallabhipur,Italiya,
9529,Bhavnagar,Vallabhipur,Ratanpur (Ga),
9530,Bhavnagar,Vallabhipur,Mevasa,
9531,Bhavnagar,Vallabhipur,Shahpur,
9532,Bhavnagar,Vallabhipur,Monpur,
9533,Bhavnagar,Vallabhipur,Navagam No.1,
9534,Bhavnagar,Vallabhipur,Limbda,
9535,Bhavnagar,Vallabhipur,Kanthariya,
9536,Bhavnagar,Vallabhipur,Hadmatiya,
9537,Bhavnagar,Vallabhipur,Loliyana,
9538,Bhavnagar,Vallabhipur,Dudadhar,
9539,Bhavnagar,Vallabhipur,Kala Talav,
9540,Bhavnagar,Vallabhipur,Navagam No.2,
9541,Bhavnagar,Vallabhipur,Kheta Timbi,
9542,Bhavnagar,Vallabhipur,Velavadar,
9543,Bhavnagar,Vallabhipur,Lakhanka,
9544,Bhavnagar,Vallabhipur,Kalyanpur,
9545,Bhavnagar,Vallabhipur,Virdi,
9546,Bhavnagar,Vallabhipur,Meghavadar,
9547,Bhavnagar,Vallabhipur,Anandpur,
9548,Bhavnagar,Vallabhipur,Palanpar,
9549,Bhavnagar,Vallabhipur,Pachchhegam,
9550,Bhavnagar,Vallabhipur,Haliyad,
9551,Bhavnagar,Vallabhipur,Vavdi,
9552,Bhavnagar,Vallabhipur,Juni Rajasthali,
9553,Bhavnagar,Vallabhipur,Nava Rampar,
9554,Bhavnagar,Vallabhipur,Pipali,
9555,Bhavnagar,Vallabhipur,Gheldi,
9556,Bhavnagar,Vallabhipur,Rajpipla,
9557,Bhavnagar,Vallabhipur,Rajpara (Bhal),
9558,Bhavnagar,Vallabhipur,Pati,
9559,Bhavnagar,Vallabhipur,Juna Rampar,
9560,Bhavnagar,Vallabhipur,Chamardi,
9561,Bhavnagar,Gadhada,Dhrufaniya,
9562,Bhavnagar,Gadhada,Hamapar,
9563,Bhavnagar,Gadhada,Ingorala (Khalsa),
9564,Bhavnagar,Gadhada,Janada,
9565,Bhavnagar,Gadhada,Pipaliya,
9566,Bhavnagar,Gadhada,Tatam,
9567,Bhavnagar,Gadhada,Bhimdad,
9568,Bhavnagar,Gadhada,Derala,
9569,Bhavnagar,Gadhada,Ratanvav,
9570,Bhavnagar,Gadhada,Ratanpar,
9571,Bhavnagar,Gadhada,Sakhpar Mota,
9572,Bhavnagar,Gadhada,Gala,
9573,Bhavnagar,Gadhada,Salangpar Nanu,
9574,Bhavnagar,Gadhada,Meghvadiya,
9575,Bhavnagar,Gadhada,Sakhpar Nana,
9576,Bhavnagar,Gadhada,Surka,
9577,Bhavnagar,Gadhada,Ningala,
9578,Bhavnagar,Gadhada,Shiyanagar,
9579,Bhavnagar,Gadhada,Zinzavadar,
9580,Bhavnagar,Gadhada,Ugamedi,
9581,Bhavnagar,Gadhada,Goradka,
9582,Bhavnagar,Gadhada,Holaya,
9583,Bhavnagar,Gadhada,Raypar,
9584,Bhavnagar,Gadhada,Viravadi,
9585,Bhavnagar,Gadhada,Rojmal,
9586,Bhavnagar,Gadhada,Limbali,
9587,Bhavnagar,Gadhada,Kerala,
9588,Bhavnagar,Gadhada,Haripar,
9589,Bhavnagar,Gadhada,Adtala,
9590,Bhavnagar,Gadhada,Pipal,
9591,Bhavnagar,Gadhada,Tatana,
9592,Bhavnagar,Gadhada,Ishvariya,
9593,Bhavnagar,Gadhada,Lakhanka,
9594,Bhavnagar,Gadhada,Mandavdhar,
9595,Bhavnagar,Gadhada,Rampara,
9596,Bhavnagar,Gadhada,Itariya,
9597,Bhavnagar,Gadhada,Vavdi,
9598,Bhavnagar,Gadhada,Moti Kundal,
9599,Bhavnagar,Gadhada,Samadhiyala,
9600,Bhavnagar,Gadhada,Raliyana,
9601,Bhavnagar,Gadhada,Bodki,
9602,Bhavnagar,Gadhada,Vanali,
9603,Bhavnagar,Gadhada,Khopala,
9604,Bhavnagar,Gadhada,Virdi,
9605,Bhavnagar,Gadhada,Chiroda,
9606,Bhavnagar,Gadhada,Padvadar,
9607,Bhavnagar,Gadhada,Ingorala (Girasadar),
9608,Bhavnagar,Gadhada,Limbadiya,
9609,Bhavnagar,Gadhada,Sitapar,
9610,Bhavnagar,Gadhada,Pipardi,
9611,Bhavnagar,Gadhada,Ghogha Samdi,
9612,Bhavnagar,Gadhada,Gundala,
9613,Bhavnagar,Gadhada,Sanjanavadar,
9614,Bhavnagar,Gadhada,Gadhali,
9615,Bhavnagar,Gadhada,Kaparadi,
9616,Bhavnagar,Gadhada,Chabhadiya,
9617,Bhavnagar,Gadhada,Rajpipala,
9618,Bhavnagar,Gadhada,Limbala,
9619,Bhavnagar,Gadhada,Chosla,
9620,Bhavnagar,Gadhada,Ankadiya,
9621,Bhavnagar,Gadhada,Malpara,
9622,Bhavnagar,Gadhada,Padapan,
9623,Bhavnagar,Gadhada,Junavadar,
9624,Bhavnagar,Gadhada,Rasnal,
9625,Bhavnagar,Gadhada,Patana,
9626,Bhavnagar,Gadhada,Khijadiya,
9627,Bhavnagar,Gadhada,Anida,
9628,Bhavnagar,Gadhada,Mandva,
9629,Bhavnagar,Gadhada,Bhandariya,
9630,Bhavnagar,Gadhada,Jalalpur,
9631,Bhavnagar,Gadhada,Nana Umarda,
9632,Bhavnagar,Gadhada,Mota Umarda,
9633,Bhavnagar,Gadhada,Vikaliya,
9634,Bhavnagar,Umrala,Alampar,
9635,Bhavnagar,Umrala,Vadod,
9636,Bhavnagar,Umrala,Ramanka,
9637,Bhavnagar,Umrala,Chitravav,
9638,Bhavnagar,Umrala,Bochadva,
9639,Bhavnagar,Umrala,Ujalvav,
9640,Bhavnagar,Umrala,Dadva (Randalna),
9641,Bhavnagar,Umrala,Dhola Godadji,
9642,Bhavnagar,Umrala,Tarpala,
9643,Bhavnagar,Umrala,Hadmatala,
9644,Bhavnagar,Umrala,Bhojavadar,
9645,Bhavnagar,Umrala,Samadhiyala,
9646,Bhavnagar,Umrala,Khijadiya,
9647,Bhavnagar,Umrala,Ingorala,
9648,Bhavnagar,Umrala,Vangadhra,
9649,Bhavnagar,Umrala,Dhamnaka,
9650,Bhavnagar,Umrala,Chogath (Thapnath),
9651,Bhavnagar,Umrala,Dambhaliya,
9652,Bhavnagar,Umrala,Timba,
9653,Bhavnagar,Umrala,Dharuka,
9654,Bhavnagar,Umrala,Ratanpar,
9655,Bhavnagar,Umrala,Keriya,
9656,Bhavnagar,Umrala,Piparali,
9657,Bhavnagar,Umrala,Timbi,
9658,Bhavnagar,Umrala,Dedkadi,
9659,Bhavnagar,Umrala,Parwala,
9660,Bhavnagar,Umrala,Dharwala,
9661,Bhavnagar,Umrala,Limbda,
9662,Bhavnagar,Umrala,Jaliya,
9663,Bhavnagar,Umrala,Gangavada,
9664,Bhavnagar,Umrala,Hadmatiya,
9665,Bhavnagar,Umrala,Thonda,
9666,Bhavnagar,Umrala,Lakhawad,
9667,Bhavnagar,Umrala,Ranghola,
9668,Bhavnagar,Umrala,Devaliya,
9669,Bhavnagar,Umrala,Langala,
9670,Bhavnagar,Umrala,Zanzamer,
9671,Bhavnagar,Umrala,Malpara,
9672,Bhavnagar,Umrala,Reva,
9673,Bhavnagar,Umrala,Golrama,
9674,Bhavnagar,Umrala,Bajud,
9675,Bhavnagar,Bhavnagar,Rajgadh,
9676,Bhavnagar,Bhavnagar,Velavadar,
9677,Bhavnagar,Bhavnagar,Mithapar,
9678,Bhavnagar,Bhavnagar,Kanatalav,
9679,Bhavnagar,Bhavnagar,Adhelai,
9680,Bhavnagar,Bhavnagar,Bhadbhid,
9681,Bhavnagar,Bhavnagar,Ganeshgadh,
9682,Bhavnagar,Bhavnagar,Kotda,
9683,Bhavnagar,Bhavnagar,Jashavantpar,
9684,Bhavnagar,Bhavnagar,Gundala,
9685,Bhavnagar,Bhavnagar,Sanes,
9686,Bhavnagar,Bhavnagar,Savaikot,
9687,Bhavnagar,Bhavnagar,Savainagar,
9688,Bhavnagar,Bhavnagar,Nava Madhiya,
9689,Bhavnagar,Bhavnagar,Khetakhatli,
9690,Bhavnagar,Bhavnagar,Narbad,
9691,Bhavnagar,Bhavnagar,Kalatalav,
9692,Bhavnagar,Bhavnagar,Juna Madhiya,
9693,Bhavnagar,Bhavnagar,Devaliya,
9694,Bhavnagar,Bhavnagar,Paliyad,
9695,Bhavnagar,Bhavnagar,Undevi,
9696,Bhavnagar,Bhavnagar,Kamlej,
9697,Bhavnagar,Bhavnagar,Ruva (Part),
9698,Bhavnagar,Bhavnagar,Kardej,
9699,Bhavnagar,Bhavnagar,Bhojpura,
9700,Bhavnagar,Bhavnagar,Shampara,
9701,Bhavnagar,Bhavnagar,Sodvadra,
9702,Bhavnagar,Bhavnagar,Shedhavadar,
9703,Bhavnagar,Bhavnagar,Fariyadka,
9704,Bhavnagar,Bhavnagar,Shampura(Sidsar),
9705,Bhavnagar,Bhavnagar,Adhewada,
9706,Bhavnagar,Bhavnagar,Tarsimiya (Part),
9707,Bhavnagar,Bhavnagar,Akwada,
9708,Bhavnagar,Bhavnagar,Budhel,
9709,Bhavnagar,Bhavnagar,Bhuteshwar,
9710,Bhavnagar,Bhavnagar,Bhumbhali,
9711,Bhavnagar,Bhavnagar,Thordi,
9712,Bhavnagar,Bhavnagar,Kobdi,
9713,Bhavnagar,Bhavnagar,Pithalpar,
9714,Bhavnagar,Bhavnagar,Rampar,
9715,Bhavnagar,Bhavnagar,Surka,
9716,Bhavnagar,Bhavnagar,Juna Ratanpar,
9717,Bhavnagar,Bhavnagar,Nava Ratanpar,
9718,Bhavnagar,Bhavnagar,Gundi,
9719,Bhavnagar,Bhavnagar,Vavdi,
9720,Bhavnagar,Bhavnagar,Sartanpar,
9721,Bhavnagar,Bhavnagar,Bhadi,
9722,Bhavnagar,Bhavnagar,Bhandariya,
9723,Bhavnagar,Bhavnagar,Nagdhaniba,
9724,Bhavnagar,Bhavnagar,Alapar,
9725,Bhavnagar,Bhavnagar,Bhadbhediya,
9726,Bhavnagar,Bhavnagar,Koliyak,
9727,Bhavnagar,Bhavnagar,Hathab,
9728,Bhavnagar,Bhavnagar,Khadsaliya,
9729,Bhavnagar,Bhavnagar,Thalsar,
9730,Bhavnagar,Bhavnagar,Lakhanka,
9731,Bhavnagar,Ghogha,Bhandar,
9732,Bhavnagar,Ghogha,Bhinkada,
9733,Bhavnagar,Ghogha,Kankot,
9734,Bhavnagar,Ghogha,Lakhanka,
9735,Bhavnagar,Ghogha,Avaniya,
9736,Bhavnagar,Ghogha,Tagdi,
9737,Bhavnagar,Ghogha,Malpar,
9738,Bhavnagar,Ghogha,Mamsa,
9739,Bhavnagar,Ghogha,Nesvad,
9740,Bhavnagar,Ghogha,Valukad,
9741,Bhavnagar,Ghogha,Juna Padar,
9742,Bhavnagar,Ghogha,Khantadi,
9743,Bhavnagar,Ghogha,Samadhiyala,
9744,Bhavnagar,Ghogha,Kharakadi,
9745,Bhavnagar,Ghogha,Nana Khokhara,
9746,Bhavnagar,Ghogha,Trambak,
9747,Bhavnagar,Ghogha,Ukharala,
9748,Bhavnagar,Ghogha,Rajpara,
9749,Bhavnagar,Ghogha,Badi,
9750,Bhavnagar,Ghogha,Hoidad,
9751,Bhavnagar,Ghogha,Kuda,
9752,Bhavnagar,Ghogha,Piram,
9753,Bhavnagar,Ghogha,Malekvadar,
9754,Bhavnagar,Ghogha,Padva,
9755,Bhavnagar,Ghogha,Kareda,
9756,Bhavnagar,Ghogha,Mota Khokhara,
9757,Bhavnagar,Ghogha,Piparala,
9758,Bhavnagar,Ghogha,Paniyala,
9759,Bhavnagar,Ghogha,Banbhaniya,
9760,Bhavnagar,Ghogha,Sanodar,
9761,Bhavnagar,Ghogha,Morchand,
9762,Bhavnagar,Ghogha,Nathugadh,
9763,Bhavnagar,Ghogha,Sarvadar,
9764,Bhavnagar,Ghogha,Vavdi,
9765,Bhavnagar,Ghogha,Bhavanipara,
9766,Bhavnagar,Ghogha,Chhaya,
9767,Bhavnagar,Ghogha,Pithalpur,
9768,Bhavnagar,Ghogha,Odarka,
9769,Bhavnagar,Ghogha,Tanasa,
9770,Bhavnagar,Ghogha,Lakadiya,
9771,Bhavnagar,Ghogha,Chaniyala,
9772,Bhavnagar,Ghogha,Navagam(Nana),
9773,Bhavnagar,Ghogha,Kukad,
9774,Bhavnagar,Ghogha,Kantala,
9775,Bhavnagar,Ghogha,Goriyali,
9776,Bhavnagar,Ghogha,Garibpura,
9777,Bhavnagar,Ghogha,Bhankhal,
9778,Bhavnagar,Sihor,Bhutiya,
9779,Bhavnagar,Sihor,Gadhula,
9780,Bhavnagar,Sihor,Panch Talavada,
9781,Bhavnagar,Sihor,Vavdi (Gajabhai),
9782,Bhavnagar,Sihor,Sendurda,
9783,Bhavnagar,Sihor,Ukharla,
9784,Bhavnagar,Sihor,Paldi,
9785,Bhavnagar,Sihor,Navagam (Mota),
9786,Bhavnagar,Sihor,Maglana,
9787,Bhavnagar,Sihor,Ghanghali,
9788,Bhavnagar,Sihor,Bhangadh,
9789,Bhavnagar,Sihor,Nesda,
9790,Bhavnagar,Sihor,Bholad,
9791,Bhavnagar,Sihor,Khakhariya,
9792,Bhavnagar,Sihor,Vadiya,
9793,Bhavnagar,Sihor,Usrad,
9794,Bhavnagar,Sihor,Pipaliya,
9795,Bhavnagar,Sihor,Nana Surka,
9796,Bhavnagar,Sihor,Kantodiya,
9797,Bhavnagar,Sihor,Vav,
9798,Bhavnagar,Sihor,Ishvariya,
9799,Bhavnagar,Sihor,Sanosara,
9800,Bhavnagar,Sihor,Krushnapara,
9801,Bhavnagar,Sihor,Piparadi,
9802,Bhavnagar,Sihor,Zariya,
9803,Bhavnagar,Sihor,Ramdhari,
9804,Bhavnagar,Sihor,Ambla,
9805,Bhavnagar,Sihor,Amargadh,
9806,Bhavnagar,Sihor,Mota Surka,
9807,Bhavnagar,Sihor,Kachotiya,
9808,Bhavnagar,Sihor,Rajpara (Khodiyar),
9809,Bhavnagar,Sihor,Juna Jaliya,
9810,Bhavnagar,Sihor,Dhrupka,
9811,Bhavnagar,Sihor,Mahadevpara,
9812,Bhavnagar,Sihor,Valavad,
9813,Bhavnagar,Sihor,Karkoliya,
9814,Bhavnagar,Sihor,Panchvada,
9815,Bhavnagar,Sihor,Sandhida,
9816,Bhavnagar,Sihor,Sarkadiya (Songadh),
9817,Bhavnagar,Sihor,Padapan,
9818,Bhavnagar,Sihor,Sarvedi,
9819,Bhavnagar,Sihor,Dhankan Kunda,
9820,Bhavnagar,Sihor,Chorvadala,
9821,Bhavnagar,Sihor,Piparala,
9822,Bhavnagar,Sihor,Nava Jaliya,
9823,Bhavnagar,Sihor,Meghvadar,
9824,Bhavnagar,Sihor,Sar,
9825,Bhavnagar,Sihor,Khambha,
9826,Bhavnagar,Sihor,Bhadli,
9827,Bhavnagar,Sihor,Rabarika,
9828,Bhavnagar,Sihor,Kajavadar,
9829,Bhavnagar,Sihor,Kanad,
9830,Bhavnagar,Sihor,Malvan,
9831,Bhavnagar,Sihor,Todi,
9832,Bhavnagar,Sihor,Toda,
9833,Bhavnagar,Sihor,Khari,
9834,Bhavnagar,Sihor,Sakhvadar,
9835,Bhavnagar,Sihor,Jambala,
9836,Bhavnagar,Sihor,Devgana,
9837,Bhavnagar,Sihor,Bordi,
9838,Bhavnagar,Sihor,Rajpara (Tana),
9839,Bhavnagar,Sihor,Limbaddhar,
9840,Bhavnagar,Sihor,Madhada,
9841,Bhavnagar,Sihor,Budhana,
9842,Bhavnagar,Sihor,Lavarda,
9843,Bhavnagar,Sihor,Vavdi (Vachhani),
9844,Bhavnagar,Sihor,Tana,
9845,Bhavnagar,Sihor,Ratanpar,
9846,Bhavnagar,Sihor,Agiyali,
9847,Bhavnagar,Sihor,Tarakpaldi,
9848,Bhavnagar,Sihor,Karmadiya,
9849,Bhavnagar,Sihor,Thala,
9850,Bhavnagar,Sihor,Bekdi,
9851,Bhavnagar,Sihor,Gundala,
9852,Bhavnagar,Sihor,Dhundhsar,
9853,Bhavnagar,Sihor,Sarkadia (Tana),
9854,Bhavnagar,Sihor,Varal,
9855,Bhavnagar,Sihor,Bhankhal,
9856,Bhavnagar,Sihor,Thorali,
9857,Bhavnagar,Gariadhar,Bhamariya,
9858,Bhavnagar,Gariadhar,Mandvi,
9859,Bhavnagar,Gariadhar,Manpur,
9860,Bhavnagar,Gariadhar,Kharadi,
9861,Bhavnagar,Gariadhar,Panasada,
9862,Bhavnagar,Gariadhar,Jaliya,
9863,Bhavnagar,Gariadhar,Sitapur,
9864,Bhavnagar,Gariadhar,Moti Vavdi,
9865,Bhavnagar,Gariadhar,Survilas,
9866,Bhavnagar,Gariadhar,Nana Charodiya,
9867,Bhavnagar,Gariadhar,Manguka,
9868,Bhavnagar,Gariadhar,Anandpur,
9869,Bhavnagar,Gariadhar,Pipalva,
9870,Bhavnagar,Gariadhar,Surnivas,
9871,Bhavnagar,Gariadhar,Manvilas,
9872,Bhavnagar,Gariadhar,Surnagar,
9873,Bhavnagar,Gariadhar,Sukhpar,
9874,Bhavnagar,Gariadhar,Paravdi,
9875,Bhavnagar,Gariadhar,Panchtobara,
9876,Bhavnagar,Gariadhar,Fachariya,
9877,Bhavnagar,Gariadhar,Ratanvav,
9878,Bhavnagar,Gariadhar,Timba,
9879,Bhavnagar,Gariadhar,Sandh Khakhara,
9880,Bhavnagar,Gariadhar,Chomal,
9881,Bhavnagar,Gariadhar,Pachchhegam,
9882,Bhavnagar,Gariadhar,Nani Vavdi,
9883,Bhavnagar,Gariadhar,Mota Charodiya,
9884,Bhavnagar,Gariadhar,Virdi,
9885,Bhavnagar,Gariadhar,Morba,
9886,Bhavnagar,Gariadhar,Khodvadari,
9887,Bhavnagar,Gariadhar,Navagam,
9888,Bhavnagar,Gariadhar,Ganeshgadh,
9889,Bhavnagar,Gariadhar,Paldi,
9890,Bhavnagar,Gariadhar,Mangadh,
9891,Bhavnagar,Gariadhar,Shivendranagar,
9892,Bhavnagar,Gariadhar,Jalvadar,
9893,Bhavnagar,Gariadhar,Damrala,
9894,Bhavnagar,Gariadhar,Saringpur,
9895,Bhavnagar,Gariadhar,Rupavati,
9896,Bhavnagar,Gariadhar,Mesanka,
9897,Bhavnagar,Gariadhar,Bela,
9898,Bhavnagar,Gariadhar,Velavadar,
9899,Bhavnagar,Gariadhar,Sarambhada,
9900,Bhavnagar,Gariadhar,Luvara,
9901,Bhavnagar,Gariadhar,Thansa,
9902,Bhavnagar,Gariadhar,Gujarada,
9903,Bhavnagar,Gariadhar,Bhandariya,
9904,Bhavnagar,Gariadhar,Samadhiyala,
9905,Bhavnagar,Gariadhar,Satapada,
9906,Bhavnagar,Gariadhar,Ranigam,
9907,Bhavnagar,Gariadhar,Pa,
9908,Bhavnagar,Palitana,Samadhiyala (Mulani),
9909,Bhavnagar,Palitana,Nondhanvadar,
9910,Bhavnagar,Palitana,Nesadi,
9911,Bhavnagar,Palitana,Navagam,
9912,Bhavnagar,Palitana,Badeli,
9913,Bhavnagar,Palitana,Anida(Kumbhan),
9914,Bhavnagar,Palitana,Juna Sarod,
9915,Bhavnagar,Palitana,Kumbhan,
9916,Bhavnagar,Palitana,Khakhariya,
9917,Bhavnagar,Palitana,Ankolali,
9918,Bhavnagar,Palitana,Hanol,
9919,Bhavnagar,Palitana,Khijadiya (Nonghanvadar),
9920,Bhavnagar,Palitana,Bahadurpur,
9921,Bhavnagar,Palitana,Motisari,
9922,Bhavnagar,Palitana,Valukad,
9923,Bhavnagar,Palitana,Jaliya(Ankolali),
9924,Bhavnagar,Palitana,Loinchada,
9925,Bhavnagar,Palitana,Senjaliya,
9926,Bhavnagar,Palitana,Khijadiya(Mokhadaka),
9927,Bhavnagar,Palitana,Nava Sroda,
9928,Bhavnagar,Palitana,Bharatimba,
9929,Bhavnagar,Palitana,Ovanpurtimbo,
9930,Bhavnagar,Palitana,Mokhadaka,
9931,Bhavnagar,Palitana,Jamanvav,
9932,Bhavnagar,Palitana,Ratanpur,
9933,Bhavnagar,Palitana,Bahadurgadh,
9934,Bhavnagar,Palitana,Pithalpur,
9935,Bhavnagar,Palitana,Maliya,
9936,Bhavnagar,Palitana,Panchpipla,
9937,Bhavnagar,Palitana,Chonda,
9938,Bhavnagar,Palitana,Lilivav,
9939,Bhavnagar,Palitana,Ranparada (Kharana),
9940,Bhavnagar,Palitana,Jaliya(Kharana),
9941,Bhavnagar,Palitana,Vadiya,
9942,Bhavnagar,Palitana,Moti Rajasthali,
9943,Bhavnagar,Palitana,Malpara,
9944,Bhavnagar,Palitana,Randola,
9945,Bhavnagar,Palitana,Bhundarakha,
9946,Bhavnagar,Palitana,Sagapara,
9947,Bhavnagar,Palitana,Virpur (Palitana),
9948,Bhavnagar,Palitana,Manvad (Hadmatiya),
9949,Bhavnagar,Palitana,Gheti,
9950,Bhavnagar,Palitana,Dudhala,
9951,Bhavnagar,Palitana,Nanimal,
9952,Bhavnagar,Palitana,Adapar,
9953,Bhavnagar,Palitana,Luvarvav,
9954,Bhavnagar,Palitana,Jamwali,
9955,Bhavnagar,Palitana,Piparadi,
9956,Bhavnagar,Palitana,Bhadavav,
9957,Bhavnagar,Palitana,Mandavda,
9958,Bhavnagar,Palitana,Moti Paniyali,
9959,Bhavnagar,Palitana,Sonpari,
9960,Bhavnagar,Palitana,Kanjarada,
9961,Bhavnagar,Palitana,Dedarada,
9962,Bhavnagar,Palitana,Jaliya(Manaji),
9963,Bhavnagar,Palitana,Jaliya(Amaraji),
9964,Bhavnagar,Palitana,Gandhol,
9965,Bhavnagar,Palitana,Rohishala,
9966,Bhavnagar,Palitana,Dungarpur,
9967,Bhavnagar,Palitana,Jivapur,
9968,Bhavnagar,Palitana,Nana Garajiya,
9969,Bhavnagar,Palitana,Mota Garajiya,
9970,Bhavnagar,Palitana,Thorali,
9971,Bhavnagar,Palitana,Nani Paniyali,
9972,Bhavnagar,Palitana,Bhutiya,
9973,Bhavnagar,Palitana,Anida(Lakhavad),
9974,Bhavnagar,Palitana,Lakhavad,
9975,Bhavnagar,Palitana,Nani Rajasthali,
9976,Bhavnagar,Palitana,Vadal,
9977,Bhavnagar,Palitana,Panderiya,
9978,Bhavnagar,Palitana,Hathsani,
9979,Bhavnagar,Palitana,Ranparda (Chok),
9980,Bhavnagar,Palitana,Depla,
9981,Bhavnagar,Palitana,Rajapara (Chok),
9982,Bhavnagar,Palitana,Ayavej,
9983,Bhavnagar,Palitana,Chok,
9984,Bhavnagar,Palitana,Vijana Nes,
9985,Bhavnagar,Palitana,Chokiyapati,
9986,Bhavnagar,Palitana,Satana Nes,
9987,Bhavnagar,Palitana,Bhandariya,
9988,Bhavnagar,Palitana,Lapaliya,
9989,Bhavnagar,Palitana,Maidhar,
9990,Bhavnagar,Palitana,Mendha,
9991,Bhavnagar,Palitana,Sanjanasar,
9992,Bhavnagar,Palitana,Bodana Nes,
9993,Bhavnagar,Palitana,Morchupana,
9994,Bhavnagar,Palitana,Juna Padar,
9995,Bhavnagar,Palitana,Sanala,
9996,Bhavnagar,Palitana,Chiroda,
9997,Bhavnagar,Palitana,Virpur (Chok),
9998,Bhavnagar,Palitana,Shevadivadar,
9999,Bhavnagar,Palitana,Rajpara (Thadach),
10000,Bhavnagar,Palitana,Thadach,
10001,Bhavnagar,Talaja,Bakhalka,
10002,Bhavnagar,Talaja,Bharoli,
10003,Bhavnagar,Talaja,Nesvad,
10004,Bhavnagar,Talaja,Mamsi,
10005,Bhavnagar,Talaja,Nani Mandavali,
10006,Bhavnagar,Talaja,Pingali,
10007,Bhavnagar,Talaja,Moti Mandavali,
10008,Bhavnagar,Talaja,Bhadraval,
10009,Bhavnagar,Talaja,Dihor,
10010,Bhavnagar,Talaja,Chudi,
10011,Bhavnagar,Talaja,Hamirpara,
10012,Bhavnagar,Talaja,Sankhadasar No.2,
10013,Bhavnagar,Talaja,Rajpara No.2,
10014,Bhavnagar,Talaja,Paniyali,
10015,Bhavnagar,Talaja,Bhensavadi,
10016,Bhavnagar,Talaja,Khadadpar,
10017,Bhavnagar,Talaja,Jaspara,
10018,Bhavnagar,Talaja,Mandva,
10019,Bhavnagar,Talaja,Panchpipla,
10020,Bhavnagar,Talaja,Samadhiyala,
10021,Bhavnagar,Talaja,Neshiya,
10022,Bhavnagar,Talaja,Shevaliya,
10023,Bhavnagar,Talaja,Bhegali,
10024,Bhavnagar,Talaja,Timana,
10025,Bhavnagar,Talaja,Nani Babariyat,
10026,Bhavnagar,Talaja,Bela,
10027,Bhavnagar,Talaja,Gadhada,
10028,Bhavnagar,Talaja,Trapaj,
10029,Bhavnagar,Talaja,Sonsiya,
10030,Bhavnagar,Talaja,Kathava,
10031,Bhavnagar,Talaja,Mahadevpara(Timbo),
10032,Bhavnagar,Talaja,Bapada,
10033,Bhavnagar,Talaja,Dhardi,
10034,Bhavnagar,Talaja,Umarla,
10035,Bhavnagar,Talaja,Borla,
10036,Bhavnagar,Talaja,Hubakvad,
10037,Bhavnagar,Talaja,Dantrad,
10038,Bhavnagar,Talaja,Tadhavad,
10039,Bhavnagar,Talaja,Kundhada,
10040,Bhavnagar,Talaja,Kundheli,
10041,Bhavnagar,Talaja,Devaliya,
10042,Bhavnagar,Talaja,Makhaniya,
10043,Bhavnagar,Talaja,Royal,
10044,Bhavnagar,Talaja,Bhalar,
10045,Bhavnagar,Talaja,Bapasara,
10046,Bhavnagar,Talaja,Sathara,
10047,Bhavnagar,Talaja,Bharapara,
10048,Bhavnagar,Talaja,Mathavda,
10049,Bhavnagar,Talaja,Piparla,
10050,Bhavnagar,Talaja,Velavadar,
10051,Bhavnagar,Talaja,Ghantarvala,
10052,Bhavnagar,Talaja,Thaliya,
10053,Bhavnagar,Talaja,Jalvadar,
10054,Bhavnagar,Talaja,Nava Sangana,
10055,Bhavnagar,Talaja,Juna Sangana,
10056,Bhavnagar,Talaja,Navi Kamrol,
10057,Bhavnagar,Talaja,Juni Kamrol,
10058,Bhavnagar,Talaja,Shobhavad,
10059,Bhavnagar,Talaja,Gorkhi,
10060,Bhavnagar,Talaja,Devli,
10061,Bhavnagar,Talaja,Isora,
10062,Bhavnagar,Talaja,Padari(Gohil),
10063,Bhavnagar,Talaja,Chopada,
10064,Bhavnagar,Talaja,Tarsara,
10065,Bhavnagar,Talaja,Lilivav,
10066,Bhavnagar,Talaja,Sankhadasar No.1,
10067,Bhavnagar,Talaja,Juni Chhapari,
10068,Bhavnagar,Talaja,Belada,
10069,Bhavnagar,Talaja,Ralgon,
10070,Bhavnagar,Talaja,Kodiya,
10071,Bhavnagar,Talaja,Navi Chhapari,
10072,Bhavnagar,Talaja,Nana Ghana,
10073,Bhavnagar,Talaja,Hajipar,
10074,Bhavnagar,Talaja,Rampara,
10075,Bhavnagar,Talaja,Pavthi,
10076,Bhavnagar,Talaja,Dakana,
10077,Bhavnagar,Talaja,Sartanpar,
10078,Bhavnagar,Talaja,Sakhvadar,
10079,Bhavnagar,Talaja,Fulsar,
10080,Bhavnagar,Talaja,Shelavadar,
10081,Bhavnagar,Talaja,Padari (Bhammar),
10082,Bhavnagar,Talaja,Pasavi,
10083,Bhavnagar,Talaja,Mota Ghana,
10084,Bhavnagar,Talaja,Khardi,
10085,Bhavnagar,Talaja,Padargadh,
10086,Bhavnagar,Talaja,Kundavi,
10087,Bhavnagar,Talaja,Vavadi,
10088,Bhavnagar,Talaja,Mahadevpara,
10089,Bhavnagar,Talaja,Khandhera,
10090,Bhavnagar,Talaja,Nichadi,
10091,Bhavnagar,Talaja,Unchdi,
10092,Bhavnagar,Talaja,Bhungar,
10093,Bhavnagar,Talaja,Bodki,
10094,Bhavnagar,Talaja,Gadhesar,
10095,Bhavnagar,Talaja,Borda,
10096,Bhavnagar,Talaja,Bordi,
10097,Bhavnagar,Talaja,Vataliya,
10098,Bhavnagar,Talaja,Rojiya,
10099,Bhavnagar,Talaja,Mangela,
10100,Bhavnagar,Talaja,Ambla,
10101,Bhavnagar,Talaja,Reliya Gadhula,
10102,Bhavnagar,Talaja,Pithalpur,
10103,Bhavnagar,Talaja,Kerala,
10104,Bhavnagar,Talaja,Vejodari,
10105,Bhavnagar,Talaja,Datha,
10106,Bhavnagar,Talaja,Valar,
10107,Bhavnagar,Talaja,Pratapara,
10108,Bhavnagar,Talaja,Nava Juna Rajapara,
10109,Bhavnagar,Talaja,Zanzmer,
10110,Bhavnagar,Talaja,Talli,
10111,Bhavnagar,Talaja,Bambhor,
10112,Bhavnagar,Talaja,Methla,
10113,Bhavnagar,Talaja,Madhuvan,
10114,Bhavnagar,Mahuva,Jesar,
10115,Bhavnagar,Mahuva,Vavdi,
10116,Bhavnagar,Mahuva,Kotiya,
10117,Bhavnagar,Mahuva,Kalmodar,
10118,Bhavnagar,Mahuva,Ratanpar,
10119,Bhavnagar,Mahuva,Karmadiya,
10120,Bhavnagar,Mahuva,Matalpar,
10121,Bhavnagar,Mahuva,Beda,
10122,Bhavnagar,Mahuva,Chhapariyali,
10123,Bhavnagar,Mahuva,Karjala,
10124,Bhavnagar,Mahuva,Kobadiya,
10125,Bhavnagar,Mahuva,Intiya,
10126,Bhavnagar,Mahuva,Karla,
10127,Bhavnagar,Mahuva,Moda,
10128,Bhavnagar,Mahuva,Sarera,
10129,Bhavnagar,Mahuva,Bila,
10130,Bhavnagar,Mahuva,Tantaniya,
10131,Bhavnagar,Mahuva,Tol Saldi Chotila,
10132,Bhavnagar,Mahuva,Bhanvadiya,
10133,Bhavnagar,Mahuva,Dungarpar,
10134,Bhavnagar,Mahuva,Monpar,
10135,Bhavnagar,Mahuva,Bagdana,
10136,Bhavnagar,Mahuva,Titodiya,
10137,Bhavnagar,Mahuva,Dharai,
10138,Bhavnagar,Mahuva,Dudana,
10139,Bhavnagar,Mahuva,Borla,
10140,Bhavnagar,Mahuva,Samadhiyala No.3,
10141,Bhavnagar,Mahuva,Kumbhariya,
10142,Bhavnagar,Mahuva,Gundarana,
10143,Bhavnagar,Mahuva,Mota Malpara,
10144,Bhavnagar,Mahuva,Saloli,
10145,Bhavnagar,Mahuva,Degavda,
10146,Bhavnagar,Mahuva,Khari,
10147,Bhavnagar,Mahuva,Vaghvadarda,
10148,Bhavnagar,Mahuva,Sedarda,
10149,Bhavnagar,Mahuva,Kotamoi,
10150,Bhavnagar,Mahuva,Shantinagar,
10151,Bhavnagar,Mahuva,Ugalvan,
10152,Bhavnagar,Mahuva,Moti Vadal,
10153,Bhavnagar,Mahuva,Modaliya,
10154,Bhavnagar,Mahuva,Akhegadh,
10155,Bhavnagar,Mahuva,Nana Asrana,
10156,Bhavnagar,Mahuva,Mota Khuntavada,
10157,Bhavnagar,Mahuva,Thorala,
10158,Bhavnagar,Mahuva,Bordi,
10159,Bhavnagar,Mahuva,Rajavadar,
10160,Bhavnagar,Mahuva,Shetrana,
10161,Bhavnagar,Mahuva,Belampar,
10162,Bhavnagar,Mahuva,Galthar,
10163,Bhavnagar,Mahuva,Jambuda,
10164,Bhavnagar,Mahuva,Nana Khuntvada,
10165,Bhavnagar,Mahuva,Kasan,
10166,Bhavnagar,Mahuva,Bhaguda,
10167,Bhavnagar,Mahuva,Moti Jagdhar,
10168,Bhavnagar,Mahuva,Longdi,
10169,Bhavnagar,Mahuva,Loyanga,
10170,Bhavnagar,Mahuva,Anganka,
10171,Bhavnagar,Mahuva,Khadsaliya,
10172,Bhavnagar,Mahuva,Chhapri,
10173,Bhavnagar,Mahuva,Chuna,
10174,Bhavnagar,Mahuva,Kakidi,
10175,Bhavnagar,Mahuva,Kalela,
10176,Bhavnagar,Mahuva,Goras,
10177,Bhavnagar,Mahuva,Kinkaria,
10178,Bhavnagar,Mahuva,Mota Asrana,
10179,Bhavnagar,Mahuva,Chaddika,
10180,Bhavnagar,Mahuva,Bambhaniya,
10181,Bhavnagar,Mahuva,Dudhala No.2,
10182,Bhavnagar,Mahuva,Sanganiya,
10183,Bhavnagar,Mahuva,Kumbhan,
10184,Bhavnagar,Mahuva,Konjali,
10185,Bhavnagar,Mahuva,Tared,
10186,Bhavnagar,Mahuva,Ratol,
10187,Bhavnagar,Mahuva,Kantasar,
10188,Bhavnagar,Mahuva,Chokva,
10189,Bhavnagar,Mahuva,Moti Sodvadri,
10190,Bhavnagar,Mahuva,Nani Sodvadri,
10191,Bhavnagar,Mahuva,Khatsura,
10192,Bhavnagar,Mahuva,Otha,
10193,Bhavnagar,Mahuva,Lilvan,
10194,Bhavnagar,Mahuva,Nani Jagdhar,
10195,Bhavnagar,Mahuva,Raniwada,
10196,Bhavnagar,Mahuva,Ranparda,
10197,Bhavnagar,Mahuva,Rohisa,
10198,Bhavnagar,Mahuva,Boda,
10199,Bhavnagar,Mahuva,Bhadrod,
10200,Bhavnagar,Mahuva,Talgajarada,
10201,Bhavnagar,Mahuva,Bhanavav,
10202,Bhavnagar,Mahuva,Rupavati,
10203,Bhavnagar,Mahuva,Lakhupara,
10204,Bhavnagar,Mahuva,Bhadra,
10205,Bhavnagar,Mahuva,Lusadi,
10206,Bhavnagar,Mahuva,Gundarani,
10207,Bhavnagar,Mahuva,Nana Jadra,
10208,Bhavnagar,Mahuva,Tavida,
10209,Bhavnagar,Mahuva,Taredi,
10210,Bhavnagar,Mahuva,Malvav,
10211,Bhavnagar,Mahuva,Katakda,
10212,Bhavnagar,Mahuva,Bhatakda,
10213,Bhavnagar,Mahuva,Uncha Kotda,
10214,Bhavnagar,Mahuva,Dayal,
10215,Bhavnagar,Mahuva,Kalsar,
10216,Bhavnagar,Mahuva,Valavav,
10217,Bhavnagar,Mahuva,Sathara,
10218,Bhavnagar,Mahuva,Vaghnagar,
10219,Bhavnagar,Mahuva,Vadli,
10220,Bhavnagar,Mahuva,Umaniyavadar,
10221,Bhavnagar,Mahuva,Nesvad,
10222,Bhavnagar,Mahuva,Haripara,
10223,Bhavnagar,Mahuva,Visavadar,
10224,Bhavnagar,Mahuva,Dundas,
10225,Bhavnagar,Mahuva,Mota Pipalva,
10226,Bhavnagar,Mahuva,Kankot,
10227,Bhavnagar,Mahuva,Nana Pipalva,
10228,Bhavnagar,Mahuva,Bildi,
10229,Bhavnagar,Mahuva,Amrutvel,
10230,Bhavnagar,Mahuva,Bhanvad,
10231,Bhavnagar,Mahuva,Mota Jadra,
10232,Bhavnagar,Mahuva,Maliya,
10233,Bhavnagar,Mahuva,Naip,
10234,Bhavnagar,Mahuva,Nikol,
10235,Bhavnagar,Mahuva,Devaliya,
10236,Bhavnagar,Mahuva,Dudhala No.1,
10237,Bhavnagar,Mahuva,Madhiya,
10238,Bhavnagar,Mahuva,Vangar,
10239,Bhavnagar,Mahuva,Padhiyarka,
10240,Bhavnagar,Mahuva,Doliya,
10241,Bhavnagar,Mahuva,Dudheri,
10242,Bhavnagar,Mahuva,Gujarda,
10243,Bhavnagar,Mahuva,Khared,
10244,Bhavnagar,Mahuva,Gadhada,
10245,Anand,Tarapur,Jafarganj,
10246,Anand,Tarapur,Mota Kalodra,
10247,Anand,Tarapur,Mil Rampura,
10248,Anand,Tarapur,Khada,
10249,Anand,Tarapur,Nabhoi,
10250,Anand,Tarapur,Rinza,
10251,Anand,Tarapur,Pachegam,
10252,Anand,Tarapur,Dugari,
10253,Anand,Tarapur,Kanavada,
10254,Anand,Tarapur,Changada,
10255,Anand,Tarapur,Vank Talav,
10256,Anand,Tarapur,Valandapura,
10257,Anand,Tarapur,Kasbara,
10258,Anand,Tarapur,Chitarwada,
10259,Anand,Tarapur,Fatepura,
10260,Anand,Tarapur,Galiyana,
10261,Anand,Tarapur,Varsada,
10262,Anand,Tarapur,Indranaj,
10263,Anand,Tarapur,Isarwada,
10264,Anand,Tarapur,Tol,
10265,Anand,Tarapur,Mahiyari,
10266,Anand,Tarapur,Khanpur,
10267,Anand,Tarapur,Isanpur,
10268,Anand,Tarapur,Valli,
10269,Anand,Tarapur,Rel,
10270,Anand,Tarapur,Jichka,
10271,Anand,Tarapur,Chikhaliya,
10272,Anand,Tarapur,Moraj,
10273,Anand,Tarapur,Tarapur,
10274,Anand,Tarapur,Adruj,
10275,Anand,Tarapur,Malpur,
10276,Anand,Tarapur,Amaliyara,
10277,Anand,Tarapur,Gorad,
10278,Anand,Tarapur,Padra,
10279,Anand,Tarapur,Khakhsar,
10280,Anand,Tarapur,Jafrabad,
10281,Anand,Tarapur,Budhej,
10282,Anand,Tarapur,Sath,
10283,Anand,Tarapur,Untwada,
10284,Anand,Tarapur,Mobha,
10285,Anand,Tarapur,Bhanderaj,
10286,Anand,Tarapur,Jalla,
10287,Anand,Sojitra,Bhadkad,
10288,Anand,Sojitra,Deva Vanta,
10289,Anand,Sojitra,Run,
10290,Anand,Sojitra,Petli,
10291,Anand,Sojitra,Deva Talpad,
10292,Anand,Sojitra,Bantwa,
10293,Anand,Sojitra,Magharol,
10294,Anand,Sojitra,Dabhou ,
10295,Anand,Sojitra,Malataj,
10296,Anand,Sojitra,Kasor,
10297,Anand,Sojitra,Trambovad,
10298,Anand,Sojitra,Limbali,
10299,Anand,Sojitra,Meghalpur,
10300,Anand,Sojitra,Balinta,
10301,Anand,Sojitra,Gada,
10302,Anand,Sojitra,Devataj,
10303,Anand,Sojitra,Isnav,
10304,Anand,Sojitra,Piplav,
10305,Anand,Sojitra,Virol (Sojitra),
10306,Anand,Sojitra,Dali,
10307,Anand,Sojitra,Palol,
10308,Anand,Sojitra,Runaj,
10309,Anand,Sojitra,Kothavi,
10310,Anand,Sojitra,Khansol,
10311,Anand,Umreth,Ardi,
10312,Anand,Umreth,Zala Bordi,
10313,Anand,Umreth,Ghora,
10314,Anand,Umreth,Thamna,
10315,Anand,Umreth,Pansora,
10316,Anand,Umreth,Vansol,
10317,Anand,Umreth,Saiyadpura,
10318,Anand,Umreth,Meghva-Badapura,
10319,Anand,Umreth,Untkhari,
10320,Anand,Umreth,Lingda,
10321,Anand,Umreth,Parvata,
10322,Anand,Umreth,Navapura,
10323,Anand,Umreth,Bhatpura,
10324,Anand,Umreth,Khankhanpur,
10325,Anand,Umreth,Sureli,
10326,Anand,Umreth,Bechari,
10327,Anand,Umreth,Hamidpura,
10328,Anand,Umreth,Ratanpura,
10329,Anand,Umreth,Gangapura,
10330,Anand,Umreth,Ashipura,
10331,Anand,Umreth,Fatepura,
10332,Anand,Umreth,Jakhala,
10333,Anand,Umreth,Tarpura,
10334,Anand,Umreth,Badapura,
10335,Anand,Umreth,Bhalej,
10336,Anand,Umreth,Sardarpura,
10337,Anand,Umreth,Khankuva,
10338,Anand,Umreth,Dagjipura,
10339,Anand,Umreth,Bharoda,
10340,Anand,Umreth,Dhuleta,
10341,Anand,Umreth,Sundalpura,
10342,Anand,Umreth,Ahima,
10343,Anand,Umreth,Shili,
10344,Anand,Umreth,Khorwad,
10345,Anand,Umreth,Dholi,
10346,Anand,Umreth,Pratappura,
10347,Anand,Anand,Ajarpura,
10348,Anand,Anand,Kasor,
10349,Anand,Anand,Rahtalav,
10350,Anand,Anand,Kunjrao,
10351,Anand,Anand,Tarnol,
10352,Anand,Anand,Samarkha,
10353,Anand,Anand,Lambhvel,
10354,Anand,Anand,Jol,
10355,Anand,Anand,Chikhodra,
10356,Anand,Anand,Rasnol,
10357,Anand,Anand,Khambholaj,
10358,Anand,Anand,Khanpur,
10359,Anand,Anand,Sarsa,
10360,Anand,Anand,Bedva,
10361,Anand,Anand,Vaghasi,
10362,Anand,Anand,Valasan,
10363,Anand,Anand,Sandesar,
10364,Anand,Anand,Meghva Gana,
10365,Anand,Anand,Gana,
10366,Anand,Anand,Vans Khiliya,
10367,Anand,Anand,Jitodiya (Part),
10368,Anand,Anand,Gopalpura,
10369,Anand,Anand,Mogar,
10370,Anand,Anand,Kherda,
10371,Anand,Anand,Vaherakhadi,
10372,Anand,Anand,Ramnagar,
10373,Anand,Anand,Vadod,
10374,Anand,Anand,Jakhariya,
10375,Anand,Anand,Navli,
10376,Anand,Anand,Khandhali,
10377,Anand,Anand,Napad Vanto,
10378,Anand,Anand,Napad Talpad,
10379,Anand,Anand,Adas,
10380,Anand,Anand,Anklavdi,
10381,Anand,Anand,Rajupura,
10382,Anand,Anand,Vasad,
10383,Anand,Anand,Sundan,
10384,Anand,Petlad,Ramol,
10385,Anand,Petlad,Demol,
10386,Anand,Petlad,Changa,
10387,Anand,Petlad,Padgol,
10388,Anand,Petlad,Sanjaya,
10389,Anand,Petlad,Bamroli,
10390,Anand,Petlad,Ravli,
10391,Anand,Petlad,Ghunteli,
10392,Anand,Petlad,Mahelav,
10393,Anand,Petlad,Bandhni,
10394,Anand,Petlad,Ravipura,
10395,Anand,Petlad,Morad,
10396,Anand,Petlad,Porda,
10397,Anand,Petlad,Sunav,
10398,Anand,Petlad,Vishnoli,
10399,Anand,Petlad,Ardi,
10400,Anand,Petlad,Sihol,
10401,Anand,Petlad,Vatav,
10402,Anand,Petlad,Palaj,
10403,Anand,Petlad,Silvai,
10404,Anand,Petlad,Amod,
10405,Anand,Petlad,Jesarva,
10406,Anand,Petlad,Isarama,
10407,Anand,Petlad,Rangaipura,
10408,Anand,Petlad,Bhavanipura,
10409,Anand,Petlad,Fangani,
10410,Anand,Petlad,Bhatiel,
10411,Anand,Petlad,Agas,
10412,Anand,Petlad,Boriya,
10413,Anand,Petlad,Ashi,
10414,Anand,Petlad,Dantali,
10415,Anand,Petlad,Shekhadi,
10416,Anand,Petlad,Pandoli,
10417,Anand,Petlad,Nar,
10418,Anand,Petlad,Sansej,
10419,Anand,Petlad,Ramodadi,
10420,Anand,Petlad,Manpura,
10421,Anand,Petlad,Manej,
10422,Anand,Petlad,Khadana,
10423,Anand,Petlad,Jogan,
10424,Anand,Petlad,Davalpura,
10425,Anand,Petlad,Lakkadpura,
10426,Anand,Petlad,Simarada,
10427,Anand,Petlad,Virol(Simarada),
10428,Anand,Petlad,Rupiyapura,
10429,Anand,Petlad,Vishrampura,
10430,Anand,Petlad,Shahpur,
10431,Anand,Petlad,Kaniya,
10432,Anand,Petlad,Danteli,
10433,Anand,Petlad,Bhurakui,
10434,Anand,Petlad,Sundara,
10435,Anand,Petlad,Dhairyapura,
10436,Anand,Petlad,Vadadala,
10437,Anand,Petlad,Dharmaj,
10438,Anand,Petlad,Sundarana,
10439,Anand,Petlad,Bharel,
10440,Anand,Khambhat,Golana,
10441,Anand,Khambhat,Mitli,
10442,Anand,Khambhat,Rohni,
10443,Anand,Khambhat,Gudel,
10444,Anand,Khambhat,Bhimtalav,
10445,Anand,Khambhat,Jinaj,
10446,Anand,Khambhat,Rangpur,
10447,Anand,Khambhat,Malu,
10448,Anand,Khambhat,Hariyan,
10449,Anand,Khambhat,Kanzat,
10450,Anand,Khambhat,Jalsan,
10451,Anand,Khambhat,Finav,
10452,Anand,Khambhat,Kanisa,
10453,Anand,Khambhat,Sayama,
10454,Anand,Khambhat,Kodva,
10455,Anand,Khambhat,Motipura,
10456,Anand,Khambhat,Bhat Talavadi,
10457,Anand,Khambhat,Malasoni,
10458,Anand,Khambhat,Daheda,
10459,Anand,Khambhat,Hasanpura,
10460,Anand,Khambhat,Tamsa,
10461,Anand,Khambhat,Pandad,
10462,Anand,Khambhat,Tarakpur,
10463,Anand,Khambhat,Vadgam,
10464,Anand,Khambhat,Vainaj,
10465,Anand,Khambhat,Navagam Bara,
10466,Anand,Khambhat,Akhol,
10467,Anand,Khambhat,Lunej,
10468,Anand,Khambhat,Paldi,
10469,Anand,Khambhat,Sokhada,
10470,Anand,Khambhat,Jhalapur,
10471,Anand,Khambhat,Navagam Vanta,
10472,Anand,Khambhat,Neja,
10473,Anand,Khambhat,Nagra,
10474,Anand,Khambhat,Kali Talavadi,
10475,Anand,Khambhat,Timba,
10476,Anand,Khambhat,Piploi,
10477,Anand,Khambhat,Nandeli,
10478,Anand,Khambhat,Bamanva,
10479,Anand,Khambhat,Jahaj,
10480,Anand,Khambhat,Jalundh,
10481,Anand,Khambhat,Vadola,
10482,Anand,Khambhat,Chhatardi,
10483,Anand,Khambhat,Nana Kalodra,
10484,Anand,Khambhat,Popatvav,
10485,Anand,Khambhat,Undel,
10486,Anand,Khambhat,Khatnal,
10487,Anand,Khambhat,Vatadra,
10488,Anand,Khambhat,Vatra,
10489,Anand,Khambhat,Bhuvel,
10490,Anand,Khambhat,Vasna,
10491,Anand,Khambhat,Ralaj,
10492,Anand,Khambhat,Kalamsar,
10493,Anand,Khambhat,Rajpur,
10494,Anand,Khambhat,Khadodhi,
10495,Anand,Khambhat,Haripura,
10496,Anand,Khambhat,Dhuvaran,
10497,Anand,Borsad,Dhundakuva,
10498,Anand,Borsad,Sur Kuva,
10499,Anand,Borsad,Napa Talpad,
10500,Anand,Borsad,Napa Vanto,
10501,Anand,Borsad,Dahemi,
10502,Anand,Borsad,Naman,
10503,Anand,Borsad,Singlav,
10504,Anand,Borsad,Dhobikui,
10505,Anand,Borsad,Dedarda,
10506,Anand,Borsad,Kavitha,
10507,Anand,Borsad,Santokpura,
10508,Anand,Borsad,Vahera,
10509,Anand,Borsad,Pamol,
10510,Anand,Borsad,Kasumbad,
10511,Anand,Borsad,Harkhapura,
10512,Anand,Borsad,Bodal,
10513,Anand,Borsad,Davol,
10514,Anand,Borsad,Dabhasi,
10515,Anand,Borsad,Bochasan,
10516,Anand,Borsad,Gorel,
10517,Anand,Borsad,Rudel,
10518,Anand,Borsad,Nisaraya,
10519,Anand,Borsad,Vasna ( Borsad),
10520,Anand,Borsad,Kasari,
10521,Anand,Borsad,Chuva,
10522,Anand,Borsad,Uneli,
10523,Anand,Borsad,Ranoli,
10524,Anand,Borsad,Khanpur,
10525,Anand,Borsad,Virsad,
10526,Anand,Borsad,Jantral,
10527,Anand,Borsad,Vasna ( Ras),
10528,Anand,Borsad,Saijpur,
10529,Anand,Borsad,Zarola,
10530,Anand,Borsad,Vadeli,
10531,Anand,Borsad,Vachhiyel,
10532,Anand,Borsad,Bhadran,
10533,Anand,Borsad,Alarsa,
10534,Anand,Borsad,Pipli,
10535,Anand,Borsad,Khedasa,
10536,Anand,Borsad,Bhadraniya,
10537,Anand,Borsad,Sisva,
10538,Anand,Borsad,Ras,
10539,Anand,Borsad,Amiyad,
10540,Anand,Borsad,Banejda,
10541,Anand,Borsad,Kandhroti,
10542,Anand,Borsad,Kanbha,
10543,Anand,Borsad,Divel,
10544,Anand,Borsad,Kathol,
10545,Anand,Borsad,Umlav,
10546,Anand,Borsad,Valvod,
10547,Anand,Borsad,Dhanavasi,
10548,Anand,Borsad,Kinkhlod,
10549,Anand,Borsad,Moti Sherdi,
10550,Anand,Borsad,Nani Sherdi,
10551,Anand,Borsad,Gorva,
10552,Anand,Borsad,Kathana,
10553,Anand,Borsad,Dali,
10554,Anand,Borsad,Kalu,
10555,Anand,Borsad,Badalpur,
10556,Anand,Borsad,Kankapura,
10557,Anand,Borsad,Dahewan,
10558,Anand,Borsad,Salol,
10559,Anand,Borsad,Gajana,
10560,Anand,Borsad,Kothiya khad,
10561,Anand,Anklav,Khadol (Haldari),
10562,Anand,Anklav,Haldari,
10563,Anand,Anklav,Asodar,
10564,Anand,Anklav,Kanthariya,
10565,Anand,Anklav,Bhetasi Vanta,
10566,Anand,Anklav,Bhetasi (Talpad),
10567,Anand,Anklav,Mujkuva,
10568,Anand,Anklav,Ambav,
10569,Anand,Anklav,Joshikuva,
10570,Anand,Anklav,Ambali,
10571,Anand,Anklav,Bhetasi Ba Bhag,
10572,Anand,Anklav,Bhanpura,
10573,Anand,Anklav,Kahanvadi,
10574,Anand,Anklav,Amrol,
10575,Anand,Anklav,Kosindra,
10576,Anand,Anklav,Lalpura,
10577,Anand,Anklav,Asarma,
10578,Anand,Anklav,Hathipura,
10579,Anand,Anklav,Navakhal,
10580,Anand,Anklav,Navapura,
10581,Anand,Anklav,Bilpad,
10582,Anand,Anklav,Jhilod,
10583,Anand,Anklav,Manpura,
10584,Anand,Anklav,Umeta,
10585,Anand,Anklav,Khadol (Umeta),
10586,Anand,Anklav,Sankhyad,
10587,Anand,Anklav,Chamara,
10588,Anand,Anklav,Narpura,
10589,Anand,Anklav,Devapura,
10590,Anand,Anklav,Gambhira,
10591,Anand,Anklav,Bamangam,
10592,Kheda,Kapadvanj,Bobha,
10593,Kheda,Kapadvanj,Fuljina Muvada,
10594,Kheda,Kapadvanj,Betawada,
10595,Kheda,Kapadvanj,Vaghajipur,
10596,Kheda,Kapadvanj,Nikol,
10597,Kheda,Kapadvanj,Punadra,
10598,Kheda,Kapadvanj,Rampura,
10599,Kheda,Kapadvanj,Lal Mandva,
10600,Kheda,Kapadvanj,Shihora,
10601,Kheda,Kapadvanj,Dhuliya Vasna,
10602,Kheda,Kapadvanj,Narshipur,
10603,Kheda,Kapadvanj,Jambudi,
10604,Kheda,Kapadvanj,Singpur,
10605,Kheda,Kapadvanj,Nathana Muvada,
10606,Kheda,Kapadvanj,Moti Zer,
10607,Kheda,Kapadvanj,Abvel,
10608,Kheda,Kapadvanj,Bavano Math,
10609,Kheda,Kapadvanj,Bhoja Na Muvada,
10610,Kheda,Kapadvanj,Talpoda,
10611,Kheda,Kapadvanj,Deradi Pavathi,
10612,Kheda,Kapadvanj,Palaiya,
10613,Kheda,Kapadvanj,Telnar,
10614,Kheda,Kapadvanj,Vyasjina Muvada,
10615,Kheda,Kapadvanj,Nirmali,
10616,Kheda,Kapadvanj,Lalpur (Nirmali),
10617,Kheda,Kapadvanj,Zanda,
10618,Kheda,Kapadvanj,Aboch,
10619,Kheda,Kapadvanj,Dadana Muvada,
10620,Kheda,Kapadvanj,Nani Zer,
10621,Kheda,Kapadvanj,Vaghana Muvada,
10622,Kheda,Kapadvanj,Gocharna Muvada,
10623,Kheda,Kapadvanj,Kamboya,
10624,Kheda,Kapadvanj,Ghadiya,
10625,Kheda,Kapadvanj,Malana Muvada,
10626,Kheda,Kapadvanj,Valva Mahuda,
10627,Kheda,Kapadvanj,Kavath,
10628,Kheda,Kapadvanj,Kashipura,
10629,Kheda,Kapadvanj,Suki,
10630,Kheda,Kapadvanj,Pathoda,
10631,Kheda,Kapadvanj,Vaghas,
10632,Kheda,Kapadvanj,Vyas Vasna,
10633,Kheda,Kapadvanj,Dandiyapur,
10634,Kheda,Kapadvanj,Kotwalna Muvada,
10635,Kheda,Kapadvanj,Bhungaliya,
10636,Kheda,Kapadvanj,Alawa,
10637,Kheda,Kapadvanj,Ladujina Muvada,
10638,Kheda,Kapadvanj,Pirojpur,
10639,Kheda,Kapadvanj,Dantali,
10640,Kheda,Kapadvanj,Thavad,
10641,Kheda,Kapadvanj,Sultanpur (Vadadhara),
10642,Kheda,Kapadvanj,Vadadhara,
10643,Kheda,Kapadvanj,Vanta,
10644,Kheda,Kapadvanj,Ghauva,
10645,Kheda,Kapadvanj,Sunda,
10646,Kheda,Kapadvanj,Reliya,
10647,Kheda,Kapadvanj,Dudhathal,
10648,Kheda,Kapadvanj,Letar,
10649,Kheda,Kapadvanj,Vadali,
10650,Kheda,Kapadvanj,Lalpur,
10651,Kheda,Kapadvanj,Jagdupur,
10652,Kheda,Kapadvanj,Kalaji,
10653,Kheda,Kapadvanj,Rozavada,
10654,Kheda,Kapadvanj,Kevadiya,
10655,Kheda,Kapadvanj,Bhailakui,
10656,Kheda,Kapadvanj,Hamirpura,
10657,Kheda,Kapadvanj,Aghatna Muvada,
10658,Kheda,Kapadvanj,Thunchal,
10659,Kheda,Kapadvanj,Sultanpur (Taiyabpur),
10660,Kheda,Kapadvanj,Khanpur,
10661,Kheda,Kapadvanj,Taiyabpur,
10662,Kheda,Kapadvanj,Alampur,
10663,Kheda,Kapadvanj,Bhutiya,
10664,Kheda,Kapadvanj,Danadra,
10665,Kheda,Kapadvanj,Antisar,
10666,Kheda,Kapadvanj,Garod,
10667,Kheda,Kapadvanj,Navagam,
10668,Kheda,Kapadvanj,Jaloya,
10669,Kheda,Kapadvanj,Karkariya,
10670,Kheda,Kapadvanj,Ukardina Muvada,
10671,Kheda,Kapadvanj,Kabhaina Muvada,
10672,Kheda,Kapadvanj,Atarsumba,
10673,Kheda,Kapadvanj,Vaghavat,
10674,Kheda,Kapadvanj,Kosam,
10675,Kheda,Kapadvanj,Vavna Muvada,
10676,Kheda,Kapadvanj,Singali,
10677,Kheda,Kapadvanj,Mahamadpura,
10678,Kheda,Kapadvanj,Ramosadi,
10679,Kheda,Kapadvanj,Khadol,
10680,Kheda,Kapadvanj,Mal Itadi Pagi Bhag,
10681,Kheda,Kapadvanj,Mal Itadi Baraiya Bhag,
10682,Kheda,Kapadvanj,Vejalpur,
10683,Kheda,Kapadvanj,Rampura (Sundarvadi),
10684,Kheda,Kapadvanj,Mirapur,
10685,Kheda,Kapadvanj,Fatiyabad,
10686,Kheda,Kapadvanj,Antroli,
10687,Kheda,Kapadvanj,Torna,
10688,Kheda,Kapadvanj,Dasalvada,
10689,Kheda,Kapadvanj,Ambaliyara,
10690,Kheda,Kapadvanj,Vasna,
10691,Kheda,Kapadvanj,Dana,
10692,Kheda,Kapadvanj,Dahiyap,
10693,Kheda,Kapadvanj,Salod,
10694,Kheda,Kapadvanj,Sorna,
10695,Kheda,Kapadvanj,Savali,
10696,Kheda,Kapadvanj,Chikhlod,
10697,Kheda,Kapadvanj,Vadol,
10698,Kheda,Virpur,Bhatpur,
10699,Kheda,Virpur,Butiya,
10700,Kheda,Virpur,Khetavada,
10701,Kheda,Virpur,Chikhli Jhojha,
10702,Kheda,Virpur,Khata,
10703,Kheda,Virpur,Ghatda,
10704,Kheda,Virpur,Koyla,
10705,Kheda,Virpur,Chharvangi,
10706,Kheda,Virpur,Rampura,
10707,Kheda,Virpur,Gandhari,
10708,Kheda,Virpur,Badharpura,
10709,Kheda,Virpur,Alampura,
10710,Kheda,Virpur,Debhari,
10711,Kheda,Virpur,Bharodi,
10712,Kheda,Virpur,Umariya,
10713,Kheda,Virpur,Koydam,
10714,Kheda,Virpur,Vaghas,
10715,Kheda,Virpur,Chorasa,
10716,Kheda,Virpur,Kharod,
10717,Kheda,Virpur,Rojhav,
10718,Kheda,Virpur,Salaiya,
10719,Kheda,Virpur,Rajpur (Virpur),
10720,Kheda,Virpur,Raliyata (Virpur),
10721,Kheda,Virpur,Kasudi,
10722,Kheda,Virpur,Baroda,
10723,Kheda,Virpur,Kumbharvadi,
10724,Kheda,Virpur,Nasroli,
10725,Kheda,Virpur,Kaslavati,
10726,Kheda,Virpur,Kheroli,
10727,Kheda,Virpur,Gopalpura,
10728,Kheda,Virpur,Rasulpur,
10729,Kheda,Virpur,Jamalpur,
10730,Kheda,Virpur,Gomvadi,
10731,Kheda,Virpur,Dholavada,
10732,Kheda,Virpur,Rajena,
10733,Kheda,Virpur,Limbarvada,
10734,Kheda,Virpur,Handiya (Virpur),
10735,Kheda,Virpur,Sariya,
10736,Kheda,Virpur,Balvakhant Na Muvada,
10737,Kheda,Virpur,Pansroda,
10738,Kheda,Virpur,Jambudi,
10739,Kheda,Virpur,Aspur,
10740,Kheda,Virpur,Tajpur,
10741,Kheda,Virpur,Jodhpur,
10742,Kheda,Virpur,Javrakhant Na Muvada,
10743,Kheda,Virpur,Bar,
10744,Kheda,Virpur,Varadhara,
10745,Kheda,Virpur,Asundariya,
10746,Kheda,Virpur,Ratankuva,
10747,Kheda,Virpur,Bhanjini Vav,
10748,Kheda,Virpur,Panta,
10749,Kheda,Virpur,Gadheli,
10750,Kheda,Virpur,Saradiya,
10751,Kheda,Balasinor,Alela,
10752,Kheda,Balasinor,Gundela,
10753,Kheda,Balasinor,Dhanela,
10754,Kheda,Balasinor,Kambopa,
10755,Kheda,Balasinor,Dolat Poyda,
10756,Kheda,Balasinor,parabiya,
10757,Kheda,Balasinor,Jetholi,
10758,Kheda,Balasinor,Vasadra,
10759,Kheda,Balasinor,Pandva,
10760,Kheda,Balasinor,Sutariya,
10761,Kheda,Balasinor,Bhanthala,
10762,Kheda,Balasinor,Raiyoli,
10763,Kheda,Balasinor,Khandivav,
10764,Kheda,Balasinor,Dev,
10765,Kheda,Balasinor,Dhathi,
10766,Kheda,Balasinor,Limbdi,
10767,Kheda,Balasinor,Dhundhaliya,
10768,Kheda,Balasinor,Manvarpura,
10769,Kheda,Balasinor,Felsani,
10770,Kheda,Balasinor,Gunthli,
10771,Kheda,Balasinor,Jorapura,
10772,Kheda,Balasinor,Meghaliya,
10773,Kheda,Balasinor,Kadaia,
10774,Kheda,Balasinor,Janod,
10775,Kheda,Balasinor,Pilodra,
10776,Kheda,Balasinor,Gadhavada,
10777,Kheda,Balasinor,Dakhariya,
10778,Kheda,Balasinor,Saroda,
10779,Kheda,Balasinor,Gaja Pagina Muvada,
10780,Kheda,Balasinor,Baliyadev,
10781,Kheda,Balasinor,Othvad,
10782,Kheda,Balasinor,Parpadiya,
10783,Kheda,Balasinor,Navagama,
10784,Kheda,Balasinor,Bodeli,
10785,Kheda,Balasinor,Karanpur,
10786,Kheda,Balasinor,Saliyavadi,
10787,Kheda,Balasinor,Raliyata (Balasinor),
10788,Kheda,Balasinor,Kotarbor,
10789,Kheda,Balasinor,Gadhna Muvada,
10790,Kheda,Balasinor,Vanakbori,
10791,Kheda,Balasinor,Sakariya,
10792,Kheda,Balasinor,Jamiyatpura,
10793,Kheda,Balasinor,Kunjara,
10794,Kheda,Balasinor,Vadadala,
10795,Kheda,Balasinor,Rajpur (Balasinor),
10796,Kheda,Balasinor,Handiya (Balasinor),
10797,Kheda,Kathlal,Narpura Alias Narmiyani Muvadi,
10798,Kheda,Kathlal,Madadra,
10799,Kheda,Kathlal,Apruji,
10800,Kheda,Kathlal,Suravat,
10801,Kheda,Kathlal,Ravdavat,
10802,Kheda,Kathlal,Chared,
10803,Kheda,Kathlal,Chelavat,
10804,Kheda,Kathlal,Lakha Miyani Muvadi,
10805,Kheda,Kathlal,Nani Bhanavat,
10806,Kheda,Kathlal,Moti Bhanavat,
10807,Kheda,Kathlal,Manorni Muvadi,
10808,Kheda,Kathlal,Hathiyani Muvadi,
10809,Kheda,Kathlal,Sandesar,
10810,Kheda,Kathlal,Kakarkhad,
10811,Kheda,Kathlal,Sarkhej,
10812,Kheda,Kathlal,Badarpur,
10813,Kheda,Kathlal,Mirjapur,
10814,Kheda,Kathlal,Khalal,
10815,Kheda,Kathlal,Pato,
10816,Kheda,Kathlal,Khadal,
10817,Kheda,Kathlal,Bhagatna Muvada,
10818,Kheda,Kathlal,Gugaliya,
10819,Kheda,Kathlal,Sipaini Muvadi,
10820,Kheda,Kathlal,Kaletar,
10821,Kheda,Kathlal,Gangadasni Muvadi,
10822,Kheda,Kathlal,Aral,
10823,Kheda,Kathlal,Mudel Ratanpur,
10824,Kheda,Kathlal,Gadvel,
10825,Kheda,Kathlal,Gangiyal,
10826,Kheda,Kathlal,Chhipial,
10827,Kheda,Kathlal,Chhipadi,
10828,Kheda,Kathlal,Vantda,
10829,Kheda,Kathlal,Kaniyel,
10830,Kheda,Kathlal,Bhatera,
10831,Kheda,Kathlal,Dampat,
10832,Kheda,Kathlal,Sikandar Porda,
10833,Kheda,Kathlal,Vishvnathpura,
10834,Kheda,Kathlal,Charan Nikol,
10835,Kheda,Kathlal,Fagvel,
10836,Kheda,Kathlal,Porda Fagvel,
10837,Kheda,Kathlal,Fulchhatrapura,
10838,Kheda,Kathlal,Lasundra,
10839,Kheda,Kathlal,Ladvel,
10840,Kheda,Kathlal,Laxmanpura,
10841,Kheda,Kathlal,Kathana,
10842,Kheda,Kathlal,Anara,
10843,Kheda,Kathlal,Porda Bhatera,
10844,Kheda,Kathlal,Pahad,
10845,Kheda,Kathlal,Jitpura,
10846,Kheda,Kathlal,Jamni,
10847,Kheda,Kathlal,Sarali,
10848,Kheda,Kathlal,Bagdol,
10849,Kheda,Kathlal,Abhripur,
10850,Kheda,Kathlal,Bharkunda,
10851,Kheda,Kathlal,Pithai,
10852,Kheda,Kathlal,Bhaner,
10853,Kheda,Kathlal,Shahpur,
10854,Kheda,Kathlal,Ghoghawada,
10855,Kheda,Mehmedabad,Bar Muvada,
10856,Kheda,Mehmedabad,Umedpura,
10857,Kheda,Mehmedabad,Haldarvas,
10858,Kheda,Mehmedabad,Gokalpura,
10859,Kheda,Mehmedabad,Hathnoli,
10860,Kheda,Mehmedabad,Moti Timbli,
10861,Kheda,Mehmedabad,Nani Timbali,
10862,Kheda,Mehmedabad,Nani Adboli,
10863,Kheda,Mehmedabad,Kothipura,
10864,Kheda,Mehmedabad,Moti Adboli,
10865,Kheda,Mehmedabad,Pahadiya,
10866,Kheda,Mehmedabad,Surajpura,
10867,Kheda,Mehmedabad,Raska,
10868,Kheda,Mehmedabad,Rohisa,
10869,Kheda,Mehmedabad,Jinjar,
10870,Kheda,Mehmedabad,Jalampura,
10871,Kheda,Mehmedabad,Ajabpura,
10872,Kheda,Mehmedabad,Ghodasar,
10873,Kheda,Mehmedabad,Ratanpura,
10874,Kheda,Mehmedabad,Sarsavani,
10875,Kheda,Mehmedabad,Jaliya,
10876,Kheda,Mehmedabad,Rudan,
10877,Kheda,Mehmedabad,Karoli,
10878,Kheda,Mehmedabad,Shatrunda,
10879,Kheda,Mehmedabad,Charan Na Muvada,
10880,Kheda,Mehmedabad,Charan Na Muvada (Inami),
10881,Kheda,Mehmedabad,Kuna,
10882,Kheda,Mehmedabad,Dajipura,
10883,Kheda,Mehmedabad,Kanij,
10884,Kheda,Mehmedabad,Amsaran,
10885,Kheda,Mehmedabad,Modaj,
10886,Kheda,Mehmedabad,Mankwa,
10887,Kheda,Mehmedabad,Rinchhol,
10888,Kheda,Mehmedabad,Aklacha,
10889,Kheda,Mehmedabad,Vansoli,
10890,Kheda,Mehmedabad,Navchetan,
10891,Kheda,Mehmedabad,Navagam (Dolpura),
10892,Kheda,Mehmedabad,Khatraj,
10893,Kheda,Mehmedabad,Sojali,
10894,Kheda,Mehmedabad,Ghodali,
10895,Kheda,Mehmedabad,Sansoli,
10896,Kheda,Mehmedabad,Nenpur,
10897,Kheda,Mehmedabad,Malutaj,
10898,Kheda,Mehmedabad,Sadra,
10899,Kheda,Mehmedabad,Vadadla,
10900,Kheda,Mehmedabad,Pahad,
10901,Kheda,Mehmedabad,Areri,
10902,Kheda,Mehmedabad,Wanthvali,
10903,Kheda,Mehmedabad,Kesra,
10904,Kheda,Mehmedabad,Sihunj,
10905,Kheda,Mehmedabad,Vansol Sundha,
10906,Kheda,Mehmedabad,Sundha,
10907,Kheda,Mehmedabad,Vamali,
10908,Kheda,Mehmedabad,Devki Vansol,
10909,Kheda,Mehmedabad,Kachhai,
10910,Kheda,Mehmedabad,Virol,
10911,Kheda,Mehmedabad,Chhapra,
10912,Kheda,Mehmedabad,Katakpura,
10913,Kheda,Mehmedabad,Iawa,
10914,Kheda,Mehmedabad,Bavra,
10915,Kheda,Mehmedabad,Gothaj,
10916,Kheda,Mehmedabad,Gadva,
10917,Kheda,Mehmedabad,Samaspur,
10918,Kheda,Mehmedabad,Khambhali,
10919,Kheda,Mehmedabad,Varsola,
10920,Kheda,Kheda,Umiyapura,
10921,Kheda,Kheda,Lali,
10922,Kheda,Kheda,Mahij,
10923,Kheda,Kheda,Bidaj,
10924,Kheda,Kheda,Kanera,
10925,Kheda,Kheda,Sarsa,
10926,Kheda,Kheda,Vasna Margiya,
10927,Kheda,Kheda,Sankhej,
10928,Kheda,Kheda,Vaikunthpura,
10929,Kheda,Kheda,Pinglaj,
10930,Kheda,Kheda,Kathwada,
10931,Kheda,Kheda,Navagam,
10932,Kheda,Kheda,Malarpura,
10933,Kheda,Kheda,Samadara,
10934,Kheda,Kheda,Dedarda,
10935,Kheda,Kheda,Parsantaj,
10936,Kheda,Kheda,Vasna-Khurd,
10937,Kheda,Kheda,Kajipura,
10938,Kheda,Kheda,Goblaj,
10939,Kheda,Kheda,Pansoli,
10940,Kheda,Kheda,Chalindra,
10941,Kheda,Kheda,Dharoda,
10942,Kheda,Kheda,Chitrasar,
10943,Kheda,Kheda,Kaloli,
10944,Kheda,Kheda,Nayaka,
10945,Kheda,Kheda,Bherai,
10946,Kheda,Kheda,Dhathal,
10947,Kheda,Kheda,Vadala,
10948,Kheda,Kheda,Hariyala,
10949,Kheda,Kheda,Khumarvad,
10950,Kheda,Kheda,Vavdi,
10951,Kheda,Kheda,Damri,
10952,Kheda,Kheda,Govindpura,
10953,Kheda,Kheda,Shetra,
10954,Kheda,Kheda,Rasikpura,
10955,Kheda,Kheda,Varsang,
10956,Kheda,Kheda,Radhu,
10957,Kheda,Kheda,Chandna,
10958,Kheda,Kheda,Vasna Bujarg,
10959,Kheda,Matar,Sokhda,
10960,Kheda,Matar,Ratanpur,
10961,Kheda,Matar,Antroli,
10962,Kheda,Matar,Haijarabad,
10963,Kheda,Matar,Sandhana,
10964,Kheda,Matar,Radhvanaj,
10965,Kheda,Matar,Vansar,
10966,Kheda,Matar,Pipariya,
10967,Kheda,Matar,Koshiyal,
10968,Kheda,Matar,Mahelaj,
10969,Kheda,Matar,Matar,
10970,Kheda,Matar,Khadiyarpura,
10971,Kheda,Matar,Undhela,
10972,Kheda,Matar,Alindra,
10973,Kheda,Matar,Untai,
10974,Kheda,Matar,Garmala,
10975,Kheda,Matar,Traj,
10976,Kheda,Matar,Baroda,
10977,Kheda,Matar,Kunjara,
10978,Kheda,Matar,Punaj,
10979,Kheda,Matar,Aslali,
10980,Kheda,Matar,Machhiel,
10981,Kheda,Matar,Heranj,
10982,Kheda,Matar,Maliyataj,
10983,Kheda,Matar,Siholdi,
10984,Kheda,Matar,Laval,
10985,Kheda,Matar,Khandhli,
10986,Kheda,Matar,Kathoda,
10987,Kheda,Matar,Tranja,
10988,Kheda,Matar,Kharenti,
10989,Kheda,Matar,Palla,
10990,Kheda,Matar,Asamali,
10991,Kheda,Matar,Nadhanpur,
10992,Kheda,Matar,Marala,
10993,Kheda,Matar,Nagrama,
10994,Kheda,Matar,Nandoli,
10995,Kheda,Matar,Dethli,
10996,Kheda,Matar,Malavada,
10997,Kheda,Matar,Ranasar,
10998,Kheda,Matar,Limbasi,
10999,Kheda,Matar,Mehmedabad,
11000,Kheda,Matar,Vastana,
11001,Kheda,Matar,Chanor,
11002,Kheda,Matar,Shekhupur,
11003,Kheda,Matar,Vasai,
11004,Kheda,Matar,Bhalada,
11005,Kheda,Matar,Sayla,
11006,Kheda,Matar,Indarvarna,
11007,Kheda,Matar,Hadeva,
11008,Kheda,Matar,Valotri,
11009,Kheda,Matar,Daloli,
11010,Kheda,Matar,Viroja,
11011,Kheda,Matar,Bamangam,
11012,Kheda,Matar,Pariyej,
11013,Kheda,Matar,Sinjiwada,
11014,Kheda,Nadiad,Andhaj,
11015,Kheda,Nadiad,Arera,
11016,Kheda,Nadiad,Dawapura,
11017,Kheda,Nadiad,Vina,
11018,Kheda,Nadiad,Hathaj,
11019,Kheda,Nadiad,Navagam,
11020,Kheda,Nadiad,Javol,
11021,Kheda,Nadiad,Arajanpur Kot,
11022,Kheda,Nadiad,Nana Vaga,
11023,Kheda,Nadiad,Paldi,
11024,Kheda,Nadiad,Sodpur,
11025,Kheda,Nadiad,Monghroli,
11026,Kheda,Nadiad,Maholel,
11027,Kheda,Nadiad,Palaiya,
11028,Kheda,Nadiad,Valla,
11029,Kheda,Nadiad,Erandiyapura,
11030,Kheda,Nadiad,Aljada,
11031,Kheda,Nadiad,Silod,
11032,Kheda,Nadiad,Hathnoli,
11033,Kheda,Nadiad,Degam,
11034,Kheda,Nadiad,Zarol,
11035,Kheda,Nadiad,Dantali,
11036,Kheda,Nadiad,Dabhan,
11037,Kheda,Nadiad,Kamla (Part),
11038,Kheda,Nadiad,Yoginagar,
11039,Kheda,Nadiad,Manjipura (Part),
11040,Kheda,Nadiad,Bilodra,
11041,Kheda,Nadiad,Marida,
11042,Kheda,Nadiad,Salun Vanto,
11043,Kheda,Nadiad,Salun Talpad,
11044,Kheda,Nadiad,Alindra,
11045,Kheda,Nadiad,Chalali,
11046,Kheda,Nadiad,Surasamal,
11047,Kheda,Nadiad,Kanjoda,
11048,Kheda,Nadiad,Fatepur,
11049,Kheda,Nadiad,Tundel,
11050,Kheda,Nadiad,Davda,
11051,Kheda,Nadiad,Bamroli,
11052,Kheda,Nadiad,Palana,
11053,Kheda,Nadiad,Vaso,
11054,Kheda,Nadiad,Rampura,
11055,Kheda,Nadiad,Pij,
11056,Kheda,Nadiad,Dumral,
11057,Kheda,Nadiad,Piplag,
11058,Kheda,Nadiad,Uttarsanda,
11059,Kheda,Nadiad,Bhumel,
11060,Kheda,Nadiad,Narsanda,
11061,Kheda,Nadiad,Gutal,
11062,Kheda,Nadiad,Keriavi,
11063,Kheda,Nadiad,Piplata,
11064,Kheda,Nadiad,Mitral,
11065,Kheda,Nadiad,Gangapur,
11066,Kheda,Nadiad,Navagam,
11067,Kheda,Nadiad,Thaledi,
11068,Kheda,Nadiad,Kaloli,
11069,Kheda,Nadiad,Akhdol,
11070,Kheda,Nadiad,Valetva,
11071,Kheda,Nadiad,Vadtal,
11072,Kheda,Nadiad,Rajnagar,
11073,Kheda,Mahudha,Khandivav,
11074,Kheda,Mahudha,Faloli,
11075,Kheda,Mahudha,Vasna,
11076,Kheda,Mahudha,Nizampura,
11077,Kheda,Mahudha,Mahisa,
11078,Kheda,Mahudha,Porda,
11079,Kheda,Mahudha,Kaprupur,
11080,Kheda,Mahudha,Khurdabad,
11081,Kheda,Mahudha,Minawada,
11082,Kheda,Mahudha,Ruppura,
11083,Kheda,Mahudha,Dadusar,
11084,Kheda,Mahudha,Mehmedabad Muvada,
11085,Kheda,Mahudha,Vadthal,
11086,Kheda,Mahudha,Dhandhodi,
11087,Kheda,Mahudha,Finav,
11088,Kheda,Mahudha,Bhumas,
11089,Kheda,Mahudha,Hajatiya,
11090,Kheda,Mahudha,Singhali,
11091,Kheda,Mahudha,Nani Khadol,
11092,Kheda,Mahudha,Moti Khadol,
11093,Kheda,Mahudha,Balol,
11094,Kheda,Mahudha,Kaiyaj,
11095,Kheda,Mahudha,Mirjapur,
11096,Kheda,Mahudha,Alina,
11097,Kheda,Mahudha,Nagval,
11098,Kheda,Mahudha,Sastapur,
11099,Kheda,Mahudha,Kadi,
11100,Kheda,Mahudha,Undra,
11101,Kheda,Mahudha,Toraniya,
11102,Kheda,Mahudha,Nadgam,
11103,Kheda,Mahudha,Mangalpur,
11104,Kheda,Mahudha,Khuntaj,
11105,Kheda,Mahudha,Sapla,
11106,Kheda,Mahudha,Bagdu,
11107,Kheda,Mahudha,Mulaj,
11108,Kheda,Mahudha,Sanali,
11109,Kheda,Mahudha,Khaladi,
11110,Kheda,Mahudha,Baladi,
11111,Kheda,Mahudha,Sheri,
11112,Kheda,Mahudha,Chunel,
11113,Kheda,Mahudha,Heranj,
11114,Kheda,Thasra,Khad Godhra,
11115,Kheda,Thasra,Mahi Itadi,
11116,Kheda,Thasra,Vanoda,
11117,Kheda,Thasra,Rozva,
11118,Kheda,Thasra,Bhatvasna,
11119,Kheda,Thasra,Nanadara,
11120,Kheda,Thasra,Shamalpura,
11121,Kheda,Thasra,Ozharala,
11122,Kheda,Thasra,Sandheli,
11123,Kheda,Thasra,Salun,
11124,Kheda,Thasra,Sanadra,
11125,Kheda,Thasra,Wanghroli,
11126,Kheda,Thasra,Baladha,
11127,Kheda,Thasra,Menpura,
11128,Kheda,Thasra,Kuni,
11129,Kheda,Thasra,Sangol,
11130,Kheda,Thasra,Padal,
11131,Kheda,Thasra,Timbana Muvada,
11132,Kheda,Thasra,Rasulpur Padal,
11133,Kheda,Thasra,Sonaiya,
11134,Kheda,Thasra,Jargal,
11135,Kheda,Thasra,Dabhali,
11136,Kheda,Thasra,Palaiya,
11137,Kheda,Thasra,Gadhvina Muvada,
11138,Kheda,Thasra,Ajroli,
11139,Kheda,Thasra,Rani Porda,
11140,Kheda,Thasra,Chetarsumba,
11141,Kheda,Thasra,Vithalpura,
11142,Kheda,Thasra,Rawaliya,
11143,Kheda,Thasra,Porda,
11144,Kheda,Thasra,Ajupura,
11145,Kheda,Thasra,Bhatpura No-1,
11146,Kheda,Thasra,Bharthari,
11147,Kheda,Thasra,Pipalvada,
11148,Kheda,Thasra,Mithana Muvada,
11149,Kheda,Thasra,Vadad,
11150,Kheda,Thasra,Vaso,
11151,Kheda,Thasra,Sonipur,
11152,Kheda,Thasra,Pali,
11153,Kheda,Thasra,Malvan,
11154,Kheda,Thasra,Anghadi,
11155,Kheda,Thasra,Dabhsar,
11156,Kheda,Thasra,Kosam,
11157,Kheda,Thasra,Golaj,
11158,Kheda,Thasra,Vajewal,
11159,Kheda,Thasra,Bhatpura No-2,
11160,Kheda,Thasra,Chandasar,
11161,Kheda,Thasra,Amrutpura,
11162,Kheda,Thasra,Saiyat,
11163,Kheda,Thasra,Muliyad,
11164,Kheda,Thasra,Ekalvelu,
11165,Kheda,Thasra,Aurangpura,
11166,Kheda,Thasra,Badharpura,
11167,Kheda,Thasra,Ambav,
11168,Kheda,Thasra,Rustampura,
11169,Kheda,Thasra,Sarnal,
11170,Kheda,Thasra,Uplet,
11171,Kheda,Thasra,Shahpura,
11172,Kheda,Thasra,Udhmatpura,
11173,Kheda,Thasra,jalanagar,
11174,Kheda,Thasra,Sandheliya,
11175,Kheda,Thasra,Dhundi,
11176,Kheda,Thasra,Rasulpur Thasra,
11177,Kheda,Thasra,Vanoti,
11178,Kheda,Thasra,Pilol,
11179,Kheda,Thasra,Sui,
11180,Kheda,Thasra,Vallavpura,
11181,Kheda,Thasra,Bordi,
11182,Kheda,Thasra,Morambli,
11183,Kheda,Thasra,Masra,
11184,Kheda,Thasra,Khijalpur Talpad,
11185,Kheda,Thasra,Khijalpur Vanto,
11186,Kheda,Thasra,Malai,
11187,Kheda,Thasra,Vinzol,
11188,Kheda,Thasra,Simlaj,
11189,Kheda,Thasra,jakhed,
11190,Kheda,Thasra,Rakhiyal (Part),
11191,Kheda,Thasra,Agarwa,
11192,Kheda,Thasra,Kotariya,
11193,Kheda,Thasra,Gumadiya,
11194,Kheda,Thasra,Vamali,
11195,Kheda,Thasra,Umba,
11196,Kheda,Thasra,Marghakui,
11197,Kheda,Thasra,Kalsar,
11198,Kheda,Thasra,Pandvania,
11199,Kheda,Thasra,Dhunadara,
11200,Kheda,Thasra,Nes,
11201,Kheda,Thasra,Harkhol,
11202,Kheda,Thasra,Aklach,
11203,Kheda,Thasra,Bhadrasa,
11204,Kheda,Thasra,Manjipura,
11205,Kheda,Thasra,Chitlav,
11206,Kheda,Thasra,Kotlindora,
11207,Kheda,Thasra,Jesapura Mithapura,
11208,Kheda,Thasra,Jorapura,
11209,Kheda,Thasra,Raniya,
11210,Panch Mahals,Khanpur,Lambho,
11211,Panch Mahals,Khanpur,Dhol Khakhara,
11212,Panch Mahals,Khanpur,Kala Khetra,
11213,Panch Mahals,Khanpur,Khatudamor Ni Muvadi,
11214,Panch Mahals,Khanpur,Chhani,
11215,Panch Mahals,Khanpur,Rankli,
11216,Panch Mahals,Khanpur,Dolatpura,
11217,Panch Mahals,Khanpur,Vadhela,
11218,Panch Mahals,Khanpur,Limdi Timba,
11219,Panch Mahals,Khanpur,Nesda,
11220,Panch Mahals,Khanpur,Udava,
11221,Panch Mahals,Khanpur,Mor Khakhara,
11222,Panch Mahals,Khanpur,Patapur,
11223,Panch Mahals,Khanpur,Padedi (Patapur),
11224,Panch Mahals,Khanpur,Borvai,
11225,Panch Mahals,Khanpur,Kakari Mahudi,
11226,Panch Mahals,Khanpur,Dhokli,
11227,Panch Mahals,Khanpur,Ruzada,
11228,Panch Mahals,Khanpur,Khadodi,
11229,Panch Mahals,Khanpur,Madapur,
11230,Panch Mahals,Khanpur,Ghodiyarpir,
11231,Panch Mahals,Khanpur,Navagam-1,
11232,Panch Mahals,Khanpur,Vavkuva,
11233,Panch Mahals,Khanpur,Jalkukdi,
11234,Panch Mahals,Khanpur,Pandarwada,
11235,Panch Mahals,Khanpur,Motipura-1,
11236,Panch Mahals,Khanpur,Dalelpura,
11237,Panch Mahals,Khanpur,Masadra,
11238,Panch Mahals,Khanpur,Ladanna Muvada,
11239,Panch Mahals,Khanpur,Vastana Muvada,
11240,Panch Mahals,Khanpur,Bakor,
11241,Panch Mahals,Khanpur,Hansoliyana Muvada,
11242,Panch Mahals,Khanpur,Jethola,
11243,Panch Mahals,Khanpur,Korvai,
11244,Panch Mahals,Khanpur,Simalnada,
11245,Panch Mahals,Khanpur,Punjelav,
11246,Panch Mahals,Khanpur,Bhuvabar,
11247,Panch Mahals,Khanpur,Umariya,
11248,Panch Mahals,Khanpur,Jher,
11249,Panch Mahals,Khanpur,Dodavanta,
11250,Panch Mahals,Khanpur,Lavana,
11251,Panch Mahals,Khanpur,Babaliya,
11252,Panch Mahals,Khanpur,Tejakui,
11253,Panch Mahals,Khanpur,Dhuleta,
11254,Panch Mahals,Khanpur,Naroda,
11255,Panch Mahals,Khanpur,Khuntelav,
11256,Panch Mahals,Khanpur,Padedi (Kanod),
11257,Panch Mahals,Khanpur,Kanod,
11258,Panch Mahals,Khanpur,Ghoghawada,
11259,Panch Mahals,Khanpur,Mena,
11260,Panch Mahals,Khanpur,Raheman,
11261,Panch Mahals,Khanpur,Kolambi,
11262,Panch Mahals,Khanpur,Mota Khanpur,
11263,Panch Mahals,Khanpur,Nana Khanpur,
11264,Panch Mahals,Khanpur,Bhadrod,
11265,Panch Mahals,Khanpur,Bamroda,
11266,Panch Mahals,Khanpur,Vadagam,
11267,Panch Mahals,Khanpur,Tarkadi,
11268,Panch Mahals,Khanpur,Vakhatpur,
11269,Panch Mahals,Khanpur,Gangata,
11270,Panch Mahals,Khanpur,Bedvalli,
11271,Panch Mahals,Khanpur,Chhapri-1,
11272,Panch Mahals,Khanpur,Badesara,
11273,Panch Mahals,Khanpur,Sampadiya,
11274,Panch Mahals,Khanpur,Karanta,
11275,Panch Mahals,Khanpur,Muda Vadekh,
11276,Panch Mahals,Khanpur,Vavyo,
11277,Panch Mahals,Khanpur,Vanka,
11278,Panch Mahals,Khanpur,Masiya,
11279,Panch Mahals,Khanpur,Bhanpur,
11280,Panch Mahals,Khanpur,Fatajina Bhevada,
11281,Panch Mahals,Khanpur,Limadiya,
11282,Panch Mahals,Khanpur,Isroda,
11283,Panch Mahals,Khanpur,Vavia,
11284,Panch Mahals,Khanpur,Kaslavati,
11285,Panch Mahals,Khanpur,Akhadana Degamda,
11286,Panch Mahals,Khanpur,Charnna Degamda,
11287,Panch Mahals,Khanpur,Tankana Bhevada,
11288,Panch Mahals,Khanpur,Talpadna Bhevada,
11289,Panch Mahals,Khanpur,Mahiapur,
11290,Panch Mahals,Khanpur,Pandyana Muvada,
11291,Panch Mahals,Khanpur,Mokamsinhna Bhevada,
11292,Panch Mahals,Khanpur,Vandarved,
11293,Panch Mahals,Khanpur,Virparna Muvada,
11294,Panch Mahals,Khanpur,Dolariya,
11295,Panch Mahals,Khanpur,Kanesar,
11296,Panch Mahals,Kadana,Ditvas,
11297,Panch Mahals,Kadana,Karvai,
11298,Panch Mahals,Kadana,Sarasva (North)),
11299,Panch Mahals,Kadana,Bhul,
11300,Panch Mahals,Kadana,Bachkaria (North),
11301,Panch Mahals,Kadana,Kaliyari,
11302,Panch Mahals,Kadana,Varsada,
11303,Panch Mahals,Kadana,Zalasang,
11304,Panch Mahals,Kadana,Vachhalawada,
11305,Panch Mahals,Kadana,Jogan Jetpur,
11306,Panch Mahals,Kadana,Godhar (North),
11307,Panch Mahals,Kadana,Mota Padadara,
11308,Panch Mahals,Kadana,Nana Padadara,
11309,Panch Mahals,Kadana,Tarkoni Nal,
11310,Panch Mahals,Kadana,Moti Rath,
11311,Panch Mahals,Kadana,Nani Rath,
11312,Panch Mahals,Kadana,Kharod,
11313,Panch Mahals,Kadana,Pachher,
11314,Panch Mahals,Kadana,Rankakot,
11315,Panch Mahals,Kadana,Dhingalwada,
11316,Panch Mahals,Kadana,Chhajali,
11317,Panch Mahals,Kadana,Kakri Mahudi,
11318,Panch Mahals,Kadana,Ankaliya,
11319,Panch Mahals,Kadana,Talwada,
11320,Panch Mahals,Kadana,Ranakpur,
11321,Panch Mahals,Kadana,Nana Mirapur,
11322,Panch Mahals,Kadana,Mota Mirapur,
11323,Panch Mahals,Kadana,Ghaswada,
11324,Panch Mahals,Kadana,Jambunala,
11325,Panch Mahals,Kadana,Amboja,
11326,Panch Mahals,Kadana,Karodia (North),
11327,Panch Mahals,Kadana,Sarsdi,
11328,Panch Mahals,Kadana,Royaniya,
11329,Panch Mahals,Kadana,Relva,
11330,Panch Mahals,Kadana,Amthani,
11331,Panch Mahals,Kadana,Padhara,
11332,Panch Mahals,Kadana,Bhagaliya,
11333,Panch Mahals,Kadana,Bokannala,
11334,Panch Mahals,Kadana,Velanwada,
11335,Panch Mahals,Kadana,Ladu Damorna Vanta,
11336,Panch Mahals,Kadana,Gareniya,
11337,Panch Mahals,Kadana,Buchawada,
11338,Panch Mahals,Kadana,Nindka (North),
11339,Panch Mahals,Kadana,Muvala Bid,
11340,Panch Mahals,Kadana,Rathada,
11341,Panch Mahals,Kadana,Jaguna Muvada,
11342,Panch Mahals,Kadana,Limpur,
11343,Panch Mahals,Kadana,Munpur,
11344,Panch Mahals,Kadana,Agarwada,
11345,Panch Mahals,Kadana,Dedawada,
11346,Panch Mahals,Kadana,Antalwada,
11347,Panch Mahals,Kadana,Tantroli,
11348,Panch Mahals,Kadana,Khatva,
11349,Panch Mahals,Kadana,Dadhaliya,
11350,Panch Mahals,Kadana,Machhina Nadhara,
11351,Panch Mahals,Kadana,Kharawada,
11352,Panch Mahals,Kadana,Padamjini Muvadi,
11353,Panch Mahals,Kadana,Vagh Dungri,
11354,Panch Mahals,Kadana,Ghodiyar,
11355,Panch Mahals,Kadana,Kadana,
11356,Panch Mahals,Kadana,Chhatrapura,
11357,Panch Mahals,Kadana,Vagadiyana Pithapur,
11358,Panch Mahals,Kadana,Saliya Muvadi,
11359,Panch Mahals,Kadana,Kadva Bariyani Muvadi,
11360,Panch Mahals,Kadana,Divada,
11361,Panch Mahals,Kadana,Charanni Muvadi,
11362,Panch Mahals,Kadana,Balujina Muvada (Kadana),
11363,Panch Mahals,Kadana,Nana Rajanpur,
11364,Panch Mahals,Kadana,Mota Rajanpur,
11365,Panch Mahals,Kadana,Thakor Na Nadhra,
11366,Panch Mahals,Kadana,Paniya,
11367,Panch Mahals,Kadana,Saliyabid,
11368,Panch Mahals,Kadana,Mankudi,
11369,Panch Mahals,Kadana,Sanghri,
11370,Panch Mahals,Kadana,Dodiya (Math),
11371,Panch Mahals,Kadana,Math (Dodiya),
11372,Panch Mahals,Kadana,Mal,
11373,Panch Mahals,Kadana,Chopad Devi,
11374,Panch Mahals,Kadana,Anoppur,
11375,Panch Mahals,Kadana,Luharna Muvada,
11376,Panch Mahals,Kadana,Godha Ni Muvadi,
11377,Panch Mahals,Kadana,Brahmanni Muvadi(Kadana),
11378,Panch Mahals,Kadana,Kureta,
11379,Panch Mahals,Kadana,Golanpur,
11380,Panch Mahals,Kadana,Hathi Ranani Muvadi,
11381,Panch Mahals,Kadana,Daduni Muvadi,
11382,Panch Mahals,Kadana,Limbhola,
11383,Panch Mahals,Kadana,Parvatpura,
11384,Panch Mahals,Kadana,Bariyana Vanta,
11385,Panch Mahals,Kadana,Nana Machhiwada,
11386,Panch Mahals,Kadana,Nana Dharola,
11387,Panch Mahals,Kadana,Mota Dharola,
11388,Panch Mahals,Kadana,Kajli,
11389,Panch Mahals,Kadana,Bhemani Vav,
11390,Panch Mahals,Kadana,Zenzwa,
11391,Panch Mahals,Kadana,Lembani Vav,
11392,Panch Mahals,Kadana,Ladpur,
11393,Panch Mahals,Kadana,Vada Zampa,
11394,Panch Mahals,Kadana,Mota Machhiwada,
11395,Panch Mahals,Kadana,Vaghotiya,
11396,Panch Mahals,Kadana,Dolatpura,
11397,Panch Mahals,Kadana,Mahapur,
11398,Panch Mahals,Kadana,Maruwada,
11399,Panch Mahals,Kadana,Natthuni Muvadi,
11400,Panch Mahals,Kadana,Umariya,
11401,Panch Mahals,Kadana,Kelamul,
11402,Panch Mahals,Kadana,Renganiya,
11403,Panch Mahals,Kadana,Samatwada,
11404,Panch Mahals,Kadana,Bhukhi,
11405,Panch Mahals,Kadana,Pankhan,
11406,Panch Mahals,Kadana,Rughanathpura,
11407,Panch Mahals,Kadana,Malvan,
11408,Panch Mahals,Kadana,Nava Muvada,
11409,Panch Mahals,Kadana,Dhuniya,
11410,Panch Mahals,Kadana,Shiyal,
11411,Panch Mahals,Kadana,Ghanta Vadiya (West),
11412,Panch Mahals,Kadana,Goriyana Muvada,
11413,Panch Mahals,Kadana,Brahmanni Muvadi (Malvan),
11414,Panch Mahals,Kadana,Budhpur,
11415,Panch Mahals,Kadana,Chhala Pagina Muvada,
11416,Panch Mahals,Kadana,Ghantawada,
11417,Panch Mahals,Kadana,Nani Kharsoli,
11418,Panch Mahals,Kadana,Lapania,
11419,Panch Mahals,Kadana,Dahyapur,
11420,Panch Mahals,Kadana,Dhansura,
11421,Panch Mahals,Kadana,Mota Sagavadiya,
11422,Panch Mahals,Kadana,Math (Kotal ),
11423,Panch Mahals,Kadana,Kanawada,
11424,Panch Mahals,Kadana,Chandri,
11425,Panch Mahals,Kadana,Nani Vareth,
11426,Panch Mahals,Kadana,Moti Vareth,
11427,Panch Mahals,Kadana,Vaghadiyani Andhari,
11428,Panch Mahals,Santrampur,Chitva,
11429,Panch Mahals,Santrampur,Bugad,
11430,Panch Mahals,Santrampur,Bugadna Muvada,
11431,Panch Mahals,Santrampur,Kanzara (Sant),
11432,Panch Mahals,Santrampur,Vyar,
11433,Panch Mahals,Santrampur,Paniyar,
11434,Panch Mahals,Santrampur,Bhana Simal,
11435,Panch Mahals,Santrampur,Khedaya Alias Pratapgadh,
11436,Panch Mahals,Santrampur,Kunda,
11437,Panch Mahals,Santrampur,Bhamari,
11438,Panch Mahals,Santrampur,Simaliya,
11439,Panch Mahals,Santrampur,Sarad,
11440,Panch Mahals,Santrampur,Kotra,
11441,Panch Mahals,Santrampur,Moti Kyar,
11442,Panch Mahals,Santrampur,Nani Kyar,
11443,Panch Mahals,Santrampur,Kyariya,
11444,Panch Mahals,Santrampur,Taladra,
11445,Panch Mahals,Santrampur,Pithapur (Borvada),
11446,Panch Mahals,Santrampur,Nalai,
11447,Panch Mahals,Santrampur,Timbla,
11448,Panch Mahals,Santrampur,Bhandara,
11449,Panch Mahals,Santrampur,Batakwada,
11450,Panch Mahals,Santrampur,Molara,
11451,Panch Mahals,Santrampur,Ukhreli,
11452,Panch Mahals,Santrampur,Daliyati,
11453,Panch Mahals,Santrampur,Bhenadra,
11454,Panch Mahals,Santrampur,Sagvadiya (Sant),
11455,Panch Mahals,Santrampur,Kanjara (Sant),
11456,Panch Mahals,Santrampur,Barikota,
11457,Panch Mahals,Santrampur,Pancha Muvadi,
11458,Panch Mahals,Santrampur,Metana Muvada,
11459,Panch Mahals,Santrampur,Dotawada,
11460,Panch Mahals,Santrampur,Surpur,
11461,Panch Mahals,Santrampur,Mota Sarnaiya,
11462,Panch Mahals,Santrampur,Babrol,
11463,Panch Mahals,Santrampur,Gada,
11464,Panch Mahals,Santrampur,Sangawada,
11465,Panch Mahals,Santrampur,Vadiya,
11466,Panch Mahals,Santrampur,Kasalpur,
11467,Panch Mahals,Santrampur,Endra,
11468,Panch Mahals,Santrampur,Moti Kharsoli,
11469,Panch Mahals,Santrampur,Vanta (Mahetana),
11470,Panch Mahals,Santrampur,Vavia Muvada,
11471,Panch Mahals,Santrampur,Kasiya,
11472,Panch Mahals,Santrampur,Asivada,
11473,Panch Mahals,Santrampur,Chela Pagina Muvada,
11474,Panch Mahals,Santrampur,Gala Talawadi,
11475,Panch Mahals,Santrampur,Gamdi,
11476,Panch Mahals,Santrampur,Pagina Muvada,
11477,Panch Mahals,Santrampur,Kothina Muvada,
11478,Panch Mahals,Santrampur,Movasa,
11479,Panch Mahals,Santrampur,Bavana Saliya,
11480,Panch Mahals,Santrampur,Dahela,
11481,Panch Mahals,Santrampur,Bhotva (West),
11482,Panch Mahals,Santrampur,Limada Muvadi,
11483,Panch Mahals,Santrampur,Ranijini Padedi,
11484,Panch Mahals,Santrampur,Lalakpur,
11485,Panch Mahals,Santrampur,Garadiya,
11486,Panch Mahals,Santrampur,Malanpur,
11487,Panch Mahals,Santrampur,Nana Natva,
11488,Panch Mahals,Santrampur,Sada,
11489,Panch Mahals,Santrampur,Babrai,
11490,Panch Mahals,Santrampur,Hirapura,
11491,Panch Mahals,Santrampur,Vanjiya Khunt,
11492,Panch Mahals,Santrampur,Narsingpur,
11493,Panch Mahals,Santrampur,Timbharva,
11494,Panch Mahals,Santrampur,Rampur (Sant),
11495,Panch Mahals,Santrampur,Zab (West),
11496,Panch Mahals,Santrampur,Hadani Sarsan,
11497,Panch Mahals,Santrampur,Moti Sarsan,
11498,Panch Mahals,Santrampur,Ranani Sarsan,
11499,Panch Mahals,Santrampur,Chhayan,
11500,Panch Mahals,Santrampur,Savgadh,
11501,Panch Mahals,Santrampur,Boidiya,
11502,Panch Mahals,Santrampur,Guvaliya,
11503,Panch Mahals,Santrampur,Galaliya,
11504,Panch Mahals,Santrampur,Sandh Paliya,
11505,Panch Mahals,Santrampur,Thambha,
11506,Panch Mahals,Santrampur,Mankodiya,
11507,Panch Mahals,Santrampur,Kalibel Navaghara,
11508,Panch Mahals,Santrampur,Kalibel,
11509,Panch Mahals,Santrampur,Padhariya,
11510,Panch Mahals,Santrampur,Nani Sarsan,
11511,Panch Mahals,Santrampur,Kanbina Moyla,
11512,Panch Mahals,Santrampur,Godhar (West),
11513,Panch Mahals,Santrampur,Chunthana Muvada,
11514,Panch Mahals,Santrampur,Manchod,
11515,Panch Mahals,Santrampur,Rafai,
11516,Panch Mahals,Santrampur,Bahediya,
11517,Panch Mahals,Santrampur,Nasikpur,
11518,Panch Mahals,Santrampur,Barela,
11519,Panch Mahals,Santrampur,Moyala Pad,
11520,Panch Mahals,Santrampur,Vaghan,
11521,Panch Mahals,Santrampur,Dhamotna Moyla,
11522,Panch Mahals,Santrampur,Andarsing Na Muvada,
11523,Panch Mahals,Santrampur,Gothibda,
11524,Panch Mahals,Santrampur,Kosamba,
11525,Panch Mahals,Santrampur,Benada,
11526,Panch Mahals,Santrampur,Hathipura,
11527,Panch Mahals,Santrampur,Nesh Hathipura,
11528,Panch Mahals,Santrampur,Gothib,
11529,Panch Mahals,Santrampur,Nana Ambela,
11530,Panch Mahals,Santrampur,Mota Ambela,
11531,Panch Mahals,Santrampur,Galakhedi,
11532,Panch Mahals,Santrampur,Bhavanpura,
11533,Panch Mahals,Santrampur,Parthampur,
11534,Panch Mahals,Santrampur,Kherva,
11535,Panch Mahals,Santrampur,Padedi Ador,
11536,Panch Mahals,Santrampur,Kotvat,
11537,Panch Mahals,Santrampur,Khodadra,
11538,Panch Mahals,Santrampur,Falwa,
11539,Panch Mahals,Santrampur,Anjanwa,
11540,Panch Mahals,Santrampur,Charada,
11541,Panch Mahals,Santrampur,Vaghfal,
11542,Panch Mahals,Santrampur,Nan Salai,
11543,Panch Mahals,Santrampur,Rambhemna Muvada,
11544,Panch Mahals,Santrampur,Panchmuva,
11545,Panch Mahals,Santrampur,Vankdi,
11546,Panch Mahals,Santrampur,Vandariya (West),
11547,Panch Mahals,Santrampur,Kenpur,
11548,Panch Mahals,Santrampur,Singalgadh,
11549,Panch Mahals,Santrampur,Valakhedi,
11550,Panch Mahals,Santrampur,Rayaniya,
11551,Panch Mahals,Santrampur,Ratanpur (Gothib),
11552,Panch Mahals,Santrampur,Kaliya Amba,
11553,Panch Mahals,Santrampur,Bhotva (East),
11554,Panch Mahals,Santrampur,Kaduchi,
11555,Panch Mahals,Santrampur,Janvad,
11556,Panch Mahals,Santrampur,Ranela,
11557,Panch Mahals,Santrampur,Sanbar,
11558,Panch Mahals,Santrampur,Umber,
11559,Panch Mahals,Santrampur,Shir,
11560,Panch Mahals,Santrampur,Motirel (West),
11561,Panch Mahals,Santrampur,Vena,
11562,Panch Mahals,Santrampur,Ora,
11563,Panch Mahals,Santrampur,Jotangiya,
11564,Panch Mahals,Santrampur,Ambaliyat,
11565,Panch Mahals,Santrampur,Satkunda,
11566,Panch Mahals,Santrampur,Sarasva (West),
11567,Panch Mahals,Santrampur,Nanirel (West),
11568,Panch Mahals,Santrampur,Doli,
11569,Panch Mahals,Santrampur,Gadiya,
11570,Panch Mahals,Santrampur,Babri,
11571,Panch Mahals,Santrampur,Sukatimba,
11572,Panch Mahals,Santrampur,Moralnaka,
11573,Panch Mahals,Santrampur,Chinchani,
11574,Panch Mahals,Santrampur,Moti Bhugedi,
11575,Panch Mahals,Santrampur,Nani Bhugedi,
11576,Panch Mahals,Santrampur,Sagan Faliya,
11577,Panch Mahals,Santrampur,Amba,
11578,Panch Mahals,Santrampur,Jaldada,
11579,Panch Mahals,Santrampur,Limdi,
11580,Panch Mahals,Lunawada,Hadana Muvada,
11581,Panch Mahals,Lunawada,Ghantiada,
11582,Panch Mahals,Lunawada,Mota Vadadla,
11583,Panch Mahals,Lunawada,Hindoliya,
11584,Panch Mahals,Lunawada,Mahudiya,
11585,Panch Mahals,Lunawada,Dolatpura ,
11586,Panch Mahals,Lunawada,Vaghji Bariyana Muvada,
11587,Panch Mahals,Lunawada,Padedi (Malekpur),
11588,Panch Mahals,Lunawada,Malekpur,
11589,Panch Mahals,Lunawada,Govindpura ,
11590,Panch Mahals,Lunawada,Zarakhvada,
11591,Panch Mahals,Lunawada,Manajina Muvada,
11592,Panch Mahals,Lunawada,Semarana Muvada (Haveli),
11593,Panch Mahals,Lunawada,Nana Vadadala,
11594,Panch Mahals,Lunawada,Simalia,
11595,Panch Mahals,Lunawada,Sada,
11596,Panch Mahals,Lunawada,Rampur,
11597,Panch Mahals,Lunawada,Vechatana Muvada,
11598,Panch Mahals,Lunawada,Soniyana Muvada ,
11599,Panch Mahals,Lunawada,Hadmatiya (Lunawada),
11600,Panch Mahals,Lunawada,Bhulakhantna Muvada,
11601,Panch Mahals,Lunawada,Khundhi,
11602,Panch Mahals,Lunawada,Gangadiya,
11603,Panch Mahals,Lunawada,Savdasna Muvada,
11604,Panch Mahals,Lunawada,Gokalpura (M),
11605,Panch Mahals,Lunawada,Vaniyavala Gorada,
11606,Panch Mahals,Lunawada,Padedi (Rampur),
11607,Panch Mahals,Lunawada,Rajgadh,
11608,Panch Mahals,Lunawada,Taktajina Palla,
11609,Panch Mahals,Lunawada,Golana Palla,
11610,Panch Mahals,Lunawada,Chuvanana Muvada (Madhvas),
11611,Panch Mahals,Lunawada,Patapur(Madhvas)AliasMotiZardi,
11612,Panch Mahals,Lunawada,Madhvas,
11613,Panch Mahals,Lunawada,Limbodara,
11614,Panch Mahals,Lunawada,Shero,
11615,Panch Mahals,Lunawada,Bhamra,
11616,Panch Mahals,Lunawada,Kolwan,
11617,Panch Mahals,Lunawada,Chhapri Muvada,
11618,Panch Mahals,Lunawada,Gariya,
11619,Panch Mahals,Lunawada,Hadod,
11620,Panch Mahals,Lunawada,Khantana Bhensadavada,
11621,Panch Mahals,Lunawada,Gohilna Muvada,
11622,Panch Mahals,Lunawada,Bharthajini Muvadi,
11623,Panch Mahals,Lunawada,Charanna Bhensavada,
11624,Panch Mahals,Lunawada,Kakana Bhensavada,
11625,Panch Mahals,Lunawada,Sajjanpur,
11626,Panch Mahals,Lunawada,Taralana Muvada,
11627,Panch Mahals,Lunawada,Napaniya,
11628,Panch Mahals,Lunawada,Vadi,
11629,Panch Mahals,Lunawada,Ranpur,
11630,Panch Mahals,Lunawada,Navagam(M),
11631,Panch Mahals,Lunawada,Nani Palli,
11632,Panch Mahals,Lunawada,Daljina Chakalia,
11633,Panch Mahals,Lunawada,Jivanjina Chhapora,
11634,Panch Mahals,Lunawada,Senadaria Gorada,
11635,Panch Mahals,Lunawada,Sutari,
11636,Panch Mahals,Lunawada,Gadhvina Gorada,
11637,Panch Mahals,Lunawada,Juna Gorada,
11638,Panch Mahals,Lunawada,Vadina Gorada,
11639,Panch Mahals,Lunawada,Budhbhaina Chhapora,
11640,Panch Mahals,Lunawada,Moti Palli,
11641,Panch Mahals,Lunawada,Vaghela,
11642,Panch Mahals,Lunawada,Ankalwa,
11643,Panch Mahals,Lunawada,Vadi Udafa,
11644,Panch Mahals,Lunawada,Mota Sonela,
11645,Panch Mahals,Lunawada,Nana Sonela,
11646,Panch Mahals,Lunawada,Barotana Muvada,
11647,Panch Mahals,Lunawada,Pavapur,
11648,Panch Mahals,Lunawada,Hardaspur,
11649,Panch Mahals,Lunawada,Parampur,
11650,Panch Mahals,Lunawada,Kanela,
11651,Panch Mahals,Lunawada,Salawada,
11652,Panch Mahals,Lunawada,Charangam (Salawada),
11653,Panch Mahals,Lunawada,Undra,
11654,Panch Mahals,Lunawada,Kanjav,
11655,Panch Mahals,Lunawada,Lalsar,
11656,Panch Mahals,Lunawada,Chori,
11657,Panch Mahals,Lunawada,Dhamod,
11658,Panch Mahals,Lunawada,Khempur,
11659,Panch Mahals,Lunawada,Zufarali,
11660,Panch Mahals,Lunawada,Denta,
11661,Panch Mahals,Lunawada,Mochivadiya,
11662,Panch Mahals,Lunawada,Sadhakpur,
11663,Panch Mahals,Lunawada,Morai,
11664,Panch Mahals,Lunawada,Kidia,
11665,Panch Mahals,Lunawada,Vakhatpur (Kidiya),
11666,Panch Mahals,Lunawada,Ucharpi,
11667,Panch Mahals,Lunawada,Untadi,
11668,Panch Mahals,Lunawada,Hanseliya,
11669,Panch Mahals,Lunawada,Bhalada,
11670,Panch Mahals,Lunawada,Kaslal,
11671,Panch Mahals,Lunawada,Daniya,
11672,Panch Mahals,Lunawada,Pattan,
11673,Panch Mahals,Lunawada,Chandpur,
11674,Panch Mahals,Lunawada,Godariya,
11675,Panch Mahals,Lunawada,Gadhanpur,
11676,Panch Mahals,Lunawada,Koliyani Muvadi,
11677,Panch Mahals,Lunawada,Semrana Muvada(Vardhari),
11678,Panch Mahals,Lunawada,Maliya,
11679,Panch Mahals,Lunawada,Juna Kalava,
11680,Panch Mahals,Lunawada,Dalukhadiya,
11681,Panch Mahals,Lunawada,Savarana Muvada,
11682,Panch Mahals,Lunawada,Salera,
11683,Panch Mahals,Lunawada,Chauhan na Muvada(Salera),
11684,Panch Mahals,Lunawada,Kachhotiyana Muvada,
11685,Panch Mahals,Lunawada,Chavdana Muvada,
11686,Panch Mahals,Lunawada,Kantha,
11687,Panch Mahals,Lunawada,Aritha,
11688,Panch Mahals,Lunawada,Shamana,
11689,Panch Mahals,Lunawada,Chavdibaina Muvada,
11690,Panch Mahals,Lunawada,Sonesariya Math,
11691,Panch Mahals,Lunawada,Mehtana Chakaliya,
11692,Panch Mahals,Lunawada,Tankana Muvada,
11693,Panch Mahals,Lunawada,Mor Mahudi,
11694,Panch Mahals,Lunawada,Tochna Gorada,
11695,Panch Mahals,Lunawada,Fatajina Gorada,
11696,Panch Mahals,Lunawada,Saragwa Mahudi-1,
11697,Panch Mahals,Lunawada,Chataka Beli,
11698,Panch Mahals,Lunawada,Saudasni Muvadi,
11699,Panch Mahals,Lunawada,Mota Vadodar,
11700,Panch Mahals,Lunawada,Nanadavena Muvada,
11701,Panch Mahals,Lunawada,Sagana Muvada Alias SaragwaMahudi-2,
11702,Panch Mahals,Lunawada,Nana Vadodar,
11703,Panch Mahals,Lunawada,Arithi,
11704,Panch Mahals,Lunawada,Moti Denavad,
11705,Panch Mahals,Lunawada,Nani Denavad,
11706,Panch Mahals,Lunawada,Chavadiya,
11707,Panch Mahals,Lunawada,Tanachhia,
11708,Panch Mahals,Lunawada,Dholi,
11709,Panch Mahals,Lunawada,Vanta,
11710,Panch Mahals,Lunawada,Pagiyawad,
11711,Panch Mahals,Lunawada,Kakachiya,
11712,Panch Mahals,Lunawada,Champeli,
11713,Panch Mahals,Lunawada,Jitpur,
11714,Panch Mahals,Lunawada,Ved,
11715,Panch Mahals,Lunawada,Bhuval,
11716,Panch Mahals,Lunawada,Lakdi Poyda,
11717,Panch Mahals,Lunawada,Kalyanpura,
11718,Panch Mahals,Lunawada,Kadachhala,
11719,Panch Mahals,Lunawada,Chapatiya,
11720,Panch Mahals,Lunawada,Chhapri-2 (Vardhari),
11721,Panch Mahals,Lunawada,Bhimpur,
11722,Panch Mahals,Lunawada,Vardhari,
11723,Panch Mahals,Lunawada,Dhesiya,
11724,Panch Mahals,Lunawada,Dalwai Savali,
11725,Panch Mahals,Lunawada,Tarnocha,
11726,Panch Mahals,Lunawada,Panch Mahudi,
11727,Panch Mahals,Lunawada,Jhara,
11728,Panch Mahals,Lunawada,Jagapagina Muvada,
11729,Panch Mahals,Lunawada,Nalna Muvada,
11730,Panch Mahals,Lunawada,Dokelav,
11731,Panch Mahals,Lunawada,Panam Palla,
11732,Panch Mahals,Lunawada,Mota Dokva,
11733,Panch Mahals,Lunawada,Moti Ghoda,
11734,Panch Mahals,Lunawada,Ambli Muvada,
11735,Panch Mahals,Lunawada,Dokaliyani Muvadi,
11736,Panch Mahals,Lunawada,Moti Charel,
11737,Panch Mahals,Lunawada,Pankhi,
11738,Panch Mahals,Lunawada,Nani Charel,
11739,Panch Mahals,Lunawada,Jesingpur,
11740,Panch Mahals,Lunawada,Karna Bariana Muvada,
11741,Panch Mahals,Lunawada,Ukedi,
11742,Panch Mahals,Lunawada,Rampatelna Muvada,
11743,Panch Mahals,Lunawada,Godna Muvada,
11744,Panch Mahals,Lunawada,Moti Zanzari,
11745,Panch Mahals,Lunawada,Nani Zanzari,
11746,Panch Mahals,Lunawada,Chandsar,
11747,Panch Mahals,Lunawada,Ghantav-1,
11748,Panch Mahals,Lunawada,Chopda,
11749,Panch Mahals,Lunawada,Nana Dokva,
11750,Panch Mahals,Lunawada,Sabalpur,
11751,Panch Mahals,Lunawada,Bhanpur,
11752,Panch Mahals,Lunawada,Kakana Chamariya,
11753,Panch Mahals,Lunawada,Sarkari Chamariya,
11754,Panch Mahals,Lunawada,Gokalpura(Ko),
11755,Panch Mahals,Lunawada,Bhadakha,
11756,Panch Mahals,Lunawada,Verama,
11757,Panch Mahals,Lunawada,Haripura,
11758,Panch Mahals,Lunawada,Hadmatiya,
11759,Panch Mahals,Lunawada,Agarwada,
11760,Panch Mahals,Lunawada,Charangam (Namnar),
11761,Panch Mahals,Lunawada,Namnar,
11762,Panch Mahals,Lunawada,Motipura(Vardhari),
11763,Panch Mahals,Lunawada,Rabadiya,
11764,Panch Mahals,Lunawada,Jamana Muvada,
11765,Panch Mahals,Lunawada,Thana Savali,
11766,Panch Mahals,Lunawada,Valinath,
11767,Panch Mahals,Lunawada,Ladvel,
11768,Panch Mahals,Lunawada,Kunda,
11769,Panch Mahals,Lunawada,Khalaspur,
11770,Panch Mahals,Lunawada,Bamanwad,
11771,Panch Mahals,Lunawada,Viraniya,
11772,Panch Mahals,Lunawada,Sova,
11773,Panch Mahals,Lunawada,Bhaiyasar,
11774,Panch Mahals,Lunawada,Medajina Muvada,
11775,Panch Mahals,Lunawada,Nava Muvada,
11776,Panch Mahals,Lunawada,Khoda Amba,
11777,Panch Mahals,Lunawada,Sattalav,
11778,Panch Mahals,Lunawada,Juna Muvada,
11779,Panch Mahals,Lunawada,Ramavata,
11780,Panch Mahals,Lunawada,Vaviya Muvada,
11781,Panch Mahals,Lunawada,Bhatpur,
11782,Panch Mahals,Lunawada,Juni Singanali,
11783,Panch Mahals,Lunawada,Kantar,
11784,Panch Mahals,Lunawada,Jesola,
11785,Panch Mahals,Lunawada,Maliya Muvada,
11786,Panch Mahals,Lunawada,Khantana Muvada,
11787,Panch Mahals,Lunawada,Joshiona Muvada,
11788,Panch Mahals,Lunawada,Kothamba Palla,
11789,Panch Mahals,Lunawada,Guvaliya,
11790,Panch Mahals,Lunawada,Fatepura,
11791,Panch Mahals,Lunawada,Kharol,
11792,Panch Mahals,Lunawada,Rambariyana Muvada,
11793,Panch Mahals,Lunawada,Bhoja,
11794,Panch Mahals,Lunawada,Kothamba,
11795,Panch Mahals,Lunawada,Helkaledi,
11796,Panch Mahals,Lunawada,Kamalpur,
11797,Panch Mahals,Lunawada,Chhalabariana Muvada,
11798,Panch Mahals,Lunawada,Bediya,
11799,Panch Mahals,Lunawada,Navi Singanali,
11800,Panch Mahals,Lunawada,Jokha,
11801,Panch Mahals,Lunawada,Gugta,
11802,Panch Mahals,Lunawada,Shivrajpur,
11803,Panch Mahals,Lunawada,Kel,
11804,Panch Mahals,Lunawada,Dezar,
11805,Panch Mahals,Lunawada,Vaghoi,
11806,Panch Mahals,Lunawada,Chuladiya,
11807,Panch Mahals,Lunawada,Jetharibor,
11808,Panch Mahals,Lunawada,Gadh,
11809,Panch Mahals,Lunawada,Timba,
11810,Panch Mahals,Lunawada,Makhaliya,
11811,Panch Mahals,Lunawada,Dhamaniya,
11812,Panch Mahals,Lunawada,Kauchia,
11813,Panch Mahals,Lunawada,Tentoi,
11814,Panch Mahals,Lunawada,Erandana Muvada,
11815,Panch Mahals,Lunawada,Vantana Muvada,
11816,Panch Mahals,Lunawada,Kankaliya,
11817,Panch Mahals,Lunawada,Hathivan,
11818,Panch Mahals,Lunawada,Jhaidi,
11819,Panch Mahals,Lunawada,Sevaliya,
11820,Panch Mahals,Lunawada,Gugaliya,
11821,Panch Mahals,Lunawada,Simlet,
11822,Panch Mahals,Shehera,Vahaka,
11823,Panch Mahals,Shehera,Bordi,
11824,Panch Mahals,Shehera,Bilitha,
11825,Panch Mahals,Shehera,Bhimthal,
11826,Panch Mahals,Shehera,Dharapur,
11827,Panch Mahals,Shehera,Guneli,
11828,Panch Mahals,Shehera,Bodidra khurd,
11829,Panch Mahals,Shehera,Sambhali,
11830,Panch Mahals,Shehera,Jalam Bariana Muvada,
11831,Panch Mahals,Shehera,Gaman Bariana Muvada,
11832,Panch Mahals,Shehera,Bhotava,
11833,Panch Mahals,Shehera,Boriya,
11834,Panch Mahals,Shehera,Khuntkhar,
11835,Panch Mahals,Shehera,Balujina Muvada (West),
11836,Panch Mahals,Shehera,Ramjini Nal,
11837,Panch Mahals,Shehera,Undara,
11838,Panch Mahals,Shehera,Mor,
11839,Panch Mahals,Shehera,Kotha,
11840,Panch Mahals,Shehera,Juna Kheda,
11841,Panch Mahals,Shehera,Chari,
11842,Panch Mahals,Shehera,Asundariya,
11843,Panch Mahals,Shehera,Shekhpur,
11844,Panch Mahals,Shehera,Hanselav,
11845,Panch Mahals,Shehera,Vanta Vachhoda,
11846,Panch Mahals,Shehera,Mithapur,
11847,Panch Mahals,Shehera,Dhayaka,
11848,Panch Mahals,Shehera,Sadara,
11849,Panch Mahals,Shehera,Kharoli,
11850,Panch Mahals,Shehera,Nathujina Muvada,
11851,Panch Mahals,Shehera,Poyada,
11852,Panch Mahals,Shehera,Tarsanag,
11853,Panch Mahals,Shehera,Aniad,
11854,Panch Mahals,Shehera,Kharediya,
11855,Panch Mahals,Shehera,Palikhanda,
11856,Panch Mahals,Shehera,Hansapur,
11857,Panch Mahals,Shehera,Bhadrala,
11858,Panch Mahals,Shehera,Labhi,
11859,Panch Mahals,Shehera,Sadanpur,
11860,Panch Mahals,Shehera,Khatukpur,
11861,Panch Mahals,Shehera,Sagrada,
11862,Panch Mahals,Shehera,Chhogala,
11863,Panch Mahals,Shehera,Bhunidra,
11864,Panch Mahals,Shehera,Mahelan,
11865,Panch Mahals,Shehera,Sajivav,
11866,Panch Mahals,Shehera,Mirapur,
11867,Panch Mahals,Shehera,Gangadiya,
11868,Panch Mahals,Shehera,Nandarva,
11869,Panch Mahals,Shehera,Dhandhalpur,
11870,Panch Mahals,Shehera,Sureli,
11871,Panch Mahals,Shehera,Bhensal,
11872,Panch Mahals,Shehera,Zoz,
11873,Panch Mahals,Shehera,Varial,
11874,Panch Mahals,Shehera,Bamroli Bujarg,
11875,Panch Mahals,Shehera,Narsana,
11876,Panch Mahals,Shehera,Chhanip,
11877,Panch Mahals,Shehera,Morva,
11878,Panch Mahals,Shehera,Gokulpur,
11879,Panch Mahals,Shehera,Vadi,
11880,Panch Mahals,Shehera,Vallavpur,
11881,Panch Mahals,Shehera,Ujada,
11882,Panch Mahals,Shehera,Bhurkhal,
11883,Panch Mahals,Shehera,Bhatna Muvada,
11884,Panch Mahals,Shehera,Rena,
11885,Panch Mahals,Shehera,Limbodra,
11886,Panch Mahals,Shehera,Demli,
11887,Panch Mahals,Shehera,Tadava,
11888,Panch Mahals,Shehera,Dalvada,
11889,Panch Mahals,Shehera,Vijapur,
11890,Panch Mahals,Shehera,Mangaliana,
11891,Panch Mahals,Shehera,Mangalpur,
11892,Panch Mahals,Shehera,Chopda Khurd,
11893,Panch Mahals,Shehera,Khojalvasa,
11894,Panch Mahals,Shehera,Boriavi,
11895,Panch Mahals,Shehera,Nada,
11896,Panch Mahals,Shehera,Saradiya,
11897,Panch Mahals,Shehera,Matariya Vyas,
11898,Panch Mahals,Shehera,Padardi,
11899,Panch Mahals,Shehera,Navagam,
11900,Panch Mahals,Shehera,Dokva,
11901,Panch Mahals,Shehera,Umarpur,
11902,Panch Mahals,Shehera,Ambajati,
11903,Panch Mahals,Shehera,Bahi,
11904,Panch Mahals,Shehera,Khandiya,
11905,Panch Mahals,Shehera,Mithali,
11906,Panch Mahals,Shehera,Pasnal,
11907,Panch Mahals,Shehera,Dharola Khurd,
11908,Panch Mahals,Shehera,Dhamai,
11909,Panch Mahals,Shehera,Chalali,
11910,Panch Mahals,Shehera,Dhamnod,
11911,Panch Mahals,Shehera,Waghjipur,
11912,Panch Mahals,Shehera,Dumelav,
11913,Panch Mahals,Morwa (Hadaf),Hareda,
11914,Panch Mahals,Morwa (Hadaf),Ratanpur (Metral),
11915,Panch Mahals,Morwa (Hadaf),Khatva,
11916,Panch Mahals,Morwa (Hadaf),Vaneda,
11917,Panch Mahals,Morwa (Hadaf),Chopada Khurd,
11918,Panch Mahals,Morwa (Hadaf),Chopada Bujarg,
11919,Panch Mahals,Morwa (Hadaf),Bhatha,
11920,Panch Mahals,Morwa (Hadaf),Metral,
11921,Panch Mahals,Morwa (Hadaf),Bhuwar,
11922,Panch Mahals,Morwa (Hadaf),Valaiya,
11923,Panch Mahals,Morwa (Hadaf),Viraniya,
11924,Panch Mahals,Morwa (Hadaf),Alu,
11925,Panch Mahals,Morwa (Hadaf),Mora,
11926,Panch Mahals,Morwa (Hadaf),Suliyat,
11927,Panch Mahals,Morwa (Hadaf),Deloch,
11928,Panch Mahals,Morwa (Hadaf),Sagwada,
11929,Panch Mahals,Morwa (Hadaf),Gajipur,
11930,Panch Mahals,Morwa (Hadaf),Agarwada,
11931,Panch Mahals,Morwa (Hadaf),Rajayata,
11932,Panch Mahals,Morwa (Hadaf),Navagam,
11933,Panch Mahals,Morwa (Hadaf),Bhandoi,
11934,Panch Mahals,Morwa (Hadaf),Bilwaniya,
11935,Panch Mahals,Morwa (Hadaf),Vandeli,
11936,Panch Mahals,Morwa (Hadaf),Tajpuri,
11937,Panch Mahals,Morwa (Hadaf),Mekhar,
11938,Panch Mahals,Morwa (Hadaf),Bamana,
11939,Panch Mahals,Morwa (Hadaf),Vadodar,
11940,Panch Mahals,Morwa (Hadaf),Vansdeliya,
11941,Panch Mahals,Morwa (Hadaf),Khudra,
11942,Panch Mahals,Morwa (Hadaf),Chandpur,
11943,Panch Mahals,Morwa (Hadaf),Khanpur,
11944,Panch Mahals,Morwa (Hadaf),Kadadra,
11945,Panch Mahals,Morwa (Hadaf),Kelod,
11946,Panch Mahals,Morwa (Hadaf),Naglod,
11947,Panch Mahals,Morwa (Hadaf),Morwa (Hadaf),
11948,Panch Mahals,Morwa (Hadaf),Parabiya,
11949,Panch Mahals,Morwa (Hadaf),Kuwajar,
11950,Panch Mahals,Morwa (Hadaf),Balukhedi,
11951,Panch Mahals,Morwa (Hadaf),Ganesh Muvadi,
11952,Panch Mahals,Morwa (Hadaf),Rampur (Kasanpur),
11953,Panch Mahals,Morwa (Hadaf),Dangariya,
11954,Panch Mahals,Morwa (Hadaf),Matariya Vejma,
11955,Panch Mahals,Morwa (Hadaf),Vejma,
11956,Panch Mahals,Morwa (Hadaf),Mojari,
11957,Panch Mahals,Morwa (Hadaf),Kasanpur,
11958,Panch Mahals,Morwa (Hadaf),Rasulpur,
11959,Panch Mahals,Morwa (Hadaf),Matariya Vadi,
11960,Panch Mahals,Morwa (Hadaf),Natapur,
11961,Panch Mahals,Morwa (Hadaf),Saliya,
11962,Panch Mahals,Morwa (Hadaf),Khabda,
11963,Panch Mahals,Morwa (Hadaf),Pathanpur,
11964,Panch Mahals,Morwa (Hadaf),Nasirpur (Metral),
11965,Panch Mahals,Godhra,Nadisar,
11966,Panch Mahals,Godhra,Khajuri (Nandisar),
11967,Panch Mahals,Godhra,Odidra,
11968,Panch Mahals,Godhra,Jaliya,
11969,Panch Mahals,Godhra,Dhanitra,
11970,Panch Mahals,Godhra,Rinchhrota,
11971,Panch Mahals,Godhra,Motal,
11972,Panch Mahals,Godhra,Sampa,
11973,Panch Mahals,Godhra,Bakhkhar,
11974,Panch Mahals,Godhra,Tarvadi,
11975,Panch Mahals,Godhra,Chhavad,
11976,Panch Mahals,Godhra,Pipaliya,
11977,Panch Mahals,Godhra,Bodidra Bujarg,
11978,Panch Mahals,Godhra,Dholi,
11979,Panch Mahals,Godhra,Vansiya,
11980,Panch Mahals,Godhra,Khajuri Sampa,
11981,Panch Mahals,Godhra,Mor Dungara,
11982,Panch Mahals,Godhra,Nasirpur,
11983,Panch Mahals,Godhra,Chhabanpur,
11984,Panch Mahals,Godhra,Samli,
11985,Panch Mahals,Godhra,Karsana,
11986,Panch Mahals,Godhra,Velvad,
11987,Panch Mahals,Godhra,Ichhapaginu Muvadu,
11988,Panch Mahals,Godhra,Ratanpur (Kantdi),
11989,Panch Mahals,Godhra,Kabirpur,
11990,Panch Mahals,Godhra,Kabariya,
11991,Panch Mahals,Godhra,Juni Dhari,
11992,Panch Mahals,Godhra,Timba,
11993,Panch Mahals,Godhra,Gotavipura,
11994,Panch Mahals,Godhra,Pipaliya (Dhari),
11995,Panch Mahals,Godhra,Moryo,
11996,Panch Mahals,Godhra,Kankanpur,
11997,Panch Mahals,Godhra,Padhiyar,
11998,Panch Mahals,Godhra,Vinzol,
11999,Panch Mahals,Godhra,Daruniya,
12000,Panch Mahals,Godhra,Dhanol(Jangle),
12001,Panch Mahals,Godhra,Govindi,
12002,Panch Mahals,Godhra,Kanku Thambhla,
12003,Panch Mahals,Godhra,Chanchopa,
12004,Panch Mahals,Godhra,Kanajiya,
12005,Panch Mahals,Godhra,Orwada,
12006,Panch Mahals,Godhra,Kevadiya,
12007,Panch Mahals,Godhra,Chanchelav,
12008,Panch Mahals,Godhra,Erandi,
12009,Panch Mahals,Godhra,Kotda,
12010,Panch Mahals,Godhra,Bhamaiya,
12011,Panch Mahals,Godhra,Pandva,
12012,Panch Mahals,Godhra,Betiya,
12013,Panch Mahals,Godhra,Vavadi Khurd,
12014,Panch Mahals,Godhra,Veganpur,
12015,Panch Mahals,Godhra,Tuwa,
12016,Panch Mahals,Godhra,Moti Kantdi,
12017,Panch Mahals,Godhra,Gothada,
12018,Panch Mahals,Godhra,Gusar,
12019,Panch Mahals,Godhra,Goli,
12020,Panch Mahals,Godhra,Bhima,
12021,Panch Mahals,Godhra,Gavasi,
12022,Panch Mahals,Godhra,Harkundi,
12023,Panch Mahals,Godhra,Ambali,
12024,Panch Mahals,Godhra,Paravdi,
12025,Panch Mahals,Godhra,Chundadi,
12026,Panch Mahals,Godhra,Gadh,
12027,Panch Mahals,Godhra,Ladpur,
12028,Panch Mahals,Godhra,Vadelav,
12029,Panch Mahals,Godhra,Bhamaiya,
12030,Panch Mahals,Godhra,Sankali,
12031,Panch Mahals,Godhra,Angaliya,
12032,Panch Mahals,Godhra,Bamroli Khurd,
12033,Panch Mahals,Godhra,Gadukpur,
12034,Panch Mahals,Godhra,Dayal,
12035,Panch Mahals,Godhra,Lilesara,
12036,Panch Mahals,Godhra,Chikhodra,
12037,Panch Mahals,Godhra,Hamirpur,
12038,Panch Mahals,Godhra,Rupanpura,
12039,Panch Mahals,Godhra,Nani Kantadi,
12040,Panch Mahals,Godhra,Raisingpura,
12041,Panch Mahals,Godhra,Ranipura,
12042,Panch Mahals,Godhra,Chanchpur,
12043,Panch Mahals,Godhra,Ratanpur (Reliya),
12044,Panch Mahals,Godhra,Kalyana,
12045,Panch Mahals,Godhra,Asardi,
12046,Panch Mahals,Godhra,Bhalodiya,
12047,Panch Mahals,Godhra,Reliya,
12048,Panch Mahals,Godhra,Ankadiya,
12049,Panch Mahals,Godhra,Veraiya,
12050,Panch Mahals,Godhra,Vatlav,
12051,Panch Mahals,Godhra,Tarboradi,
12052,Panch Mahals,Godhra,Pratappura,
12053,Panch Mahals,Godhra,Rampura (Jodka),
12054,Panch Mahals,Godhra,Dhanol,
12055,Panch Mahals,Godhra,Isrodiya,
12056,Panch Mahals,Godhra,Mahelol,
12057,Panch Mahals,Godhra,Bhanpura,
12058,Panch Mahals,Godhra,Karanpura,
12059,Panch Mahals,Godhra,Popatpura,
12060,Panch Mahals,Godhra,Vanakpur,
12061,Panch Mahals,Godhra,Mahuliya,
12062,Panch Mahals,Godhra,Chhariya,
12063,Panch Mahals,Godhra,Kaliya Kuwa,
12064,Panch Mahals,Godhra,Sarsav,
12065,Panch Mahals,Godhra,Mirap,
12066,Panch Mahals,Godhra,Dahikot,
12067,Panch Mahals,Godhra,Gollav,
12068,Panch Mahals,Godhra,Rinchhiya,
12069,Panch Mahals,Godhra,Tajpur,
12070,Panch Mahals,Godhra,Thana Garjan,
12071,Panch Mahals,Godhra,Sarangpur,
12072,Panch Mahals,Godhra,Jitpura,
12073,Panch Mahals,Godhra,Bhalaniya,
12074,Panch Mahals,Godhra,Bhatpura,
12075,Panch Mahals,Godhra,Torna,
12076,Panch Mahals,Godhra,Ladupura,
12077,Panch Mahals,Godhra,Achhala,
12078,Panch Mahals,Godhra,Dayalkakara,
12079,Panch Mahals,Kalol,Sansoli,
12080,Panch Mahals,Kalol,Zerna Muvada,
12081,Panch Mahals,Kalol,Ambala,
12082,Panch Mahals,Kalol,Bhelidra,
12083,Panch Mahals,Kalol,Mokal,
12084,Panch Mahals,Kalol,Kanod,
12085,Panch Mahals,Kalol,Bhadroli Khurd,
12086,Panch Mahals,Kalol,Kalantra,
12087,Panch Mahals,Kalol,Chimanapura,
12088,Panch Mahals,Kalol,Nandarkha,
12089,Panch Mahals,Kalol,Rinichhia,
12090,Panch Mahals,Kalol,Karoli,
12091,Panch Mahals,Kalol,Chalali,
12092,Panch Mahals,Kalol,Navagam,
12093,Panch Mahals,Kalol,Vejalpur,
12094,Panch Mahals,Kalol,Kharasaliya,
12095,Panch Mahals,Kalol,Karada,
12096,Panch Mahals,Kalol,Bodidra,
12097,Panch Mahals,Kalol,Satamana,
12098,Panch Mahals,Kalol,Naranpura,
12099,Panch Mahals,Kalol,Jantral,
12100,Panch Mahals,Kalol,Khandoli,
12101,Panch Mahals,Kalol,Kanetiya,
12102,Panch Mahals,Kalol,Baletiya,
12103,Panch Mahals,Kalol,Pingali,
12104,Panch Mahals,Kalol,Jeli,
12105,Panch Mahals,Kalol,Nesda,
12106,Panch Mahals,Kalol,Khadki,
12107,Panch Mahals,Kalol,Bedhiya,
12108,Panch Mahals,Kalol,Sureli,
12109,Panch Mahals,Kalol,Ghusar,
12110,Panch Mahals,Kalol,Paruna,
12111,Panch Mahals,Kalol,Royan,
12112,Panch Mahals,Kalol,Fansi,
12113,Panch Mahals,Kalol,Chora dungri,
12114,Panch Mahals,Kalol,Alali,
12115,Panch Mahals,Kalol,Delol,
12116,Panch Mahals,Kalol,Khandeval,
12117,Panch Mahals,Kalol,Shamaldevi,
12118,Panch Mahals,Kalol,Derol,
12119,Panch Mahals,Kalol,Sama,
12120,Panch Mahals,Kalol,Bhadroli (Bujarg),
12121,Panch Mahals,Kalol,Zardaka,
12122,Panch Mahals,Kalol,Palasa,
12123,Panch Mahals,Kalol,Ratanpura,
12124,Panch Mahals,Kalol,Bakrol,
12125,Panch Mahals,Kalol,Boru,
12126,Panch Mahals,Kalol,Katol,
12127,Panch Mahals,Kalol,Ghoda,
12128,Panch Mahals,Kalol,Kandach (Inami ),
12129,Panch Mahals,Kalol,Utarediya,
12130,Panch Mahals,Kalol,Rabod,
12131,Panch Mahals,Kalol,Devpura,
12132,Panch Mahals,Kalol,Vyasda,
12133,Panch Mahals,Kalol,Adadra,
12134,Panch Mahals,Kalol,Bhukhi,
12135,Panch Mahals,Kalol,Malav,
12136,Panch Mahals,Kalol,Alva,
12137,Panch Mahals,Kalol,Medapur,
12138,Panch Mahals,Kalol,Jetpur,
12139,Panch Mahals,Kalol,Alindra,
12140,Panch Mahals,Kalol,Barola,
12141,Panch Mahals,Kalol,Nevariya,
12142,Panch Mahals,Kalol,Madhvas,
12143,Panch Mahals,Kalol,Saliyav,
12144,Panch Mahals,Kalol,Varvada,
12145,Panch Mahals,Kalol,Eral,
12146,Panch Mahals,Ghoghamba,Jorapura (Vangarva),
12147,Panch Mahals,Ghoghamba,Vangarva,
12148,Panch Mahals,Ghoghamba,Shaniyada,
12149,Panch Mahals,Ghoghamba,Ranipura (Damavav),
12150,Panch Mahals,Ghoghamba,Damavav,
12151,Panch Mahals,Ghoghamba,Khilodi,
12152,Panch Mahals,Ghoghamba,Rinchhwani,
12153,Panch Mahals,Ghoghamba,Albeta,
12154,Panch Mahals,Ghoghamba,Khan Patla,
12155,Panch Mahals,Ghoghamba,Sajora,
12156,Panch Mahals,Ghoghamba,Padedi,
12157,Panch Mahals,Ghoghamba,Simaliya,
12158,Panch Mahals,Ghoghamba,Jambuvaniya,
12159,Panch Mahals,Ghoghamba,Guneshiya,
12160,Panch Mahals,Ghoghamba,Kothayadi,
12161,Panch Mahals,Ghoghamba,Sherpura,
12162,Panch Mahals,Ghoghamba,Damanpura,
12163,Panch Mahals,Ghoghamba,Dantol,
12164,Panch Mahals,Ghoghamba,Bhilod,
12165,Panch Mahals,Ghoghamba,Gajipura (Kanpur),
12166,Panch Mahals,Ghoghamba,Kantaveda,
12167,Panch Mahals,Ghoghamba,Bhojpura,
12168,Panch Mahals,Ghoghamba,Goya Sundal,
12169,Panch Mahals,Ghoghamba,Kothara,
12170,Panch Mahals,Ghoghamba,Vav kulli,
12171,Panch Mahals,Ghoghamba,Chathi,
12172,Panch Mahals,Ghoghamba,Bor,
12173,Panch Mahals,Ghoghamba,Chatha,
12174,Panch Mahals,Ghoghamba,Kantu,
12175,Panch Mahals,Ghoghamba,Malu,
12176,Panch Mahals,Ghoghamba,Kanpur,
12177,Panch Mahals,Ghoghamba,Navagam,
12178,Panch Mahals,Ghoghamba,Paroli,
12179,Panch Mahals,Ghoghamba,Vel Kotar,
12180,Panch Mahals,Ghoghamba,Kanbipalli,
12181,Panch Mahals,Ghoghamba,Jorapura (Davadra),
12182,Panch Mahals,Ghoghamba,Davadra,
12183,Panch Mahals,Ghoghamba,Mulani Kapadi,
12184,Panch Mahals,Ghoghamba,Gajapura (Kantu),
12185,Panch Mahals,Ghoghamba,Gundi,
12186,Panch Mahals,Ghoghamba,Khadpa,
12187,Panch Mahals,Ghoghamba,Gorada,
12188,Panch Mahals,Ghoghamba,Ambakhunt,
12189,Panch Mahals,Ghoghamba,Uncha Beda,
12190,Panch Mahals,Ghoghamba,Kharod,
12191,Panch Mahals,Ghoghamba,Boriya,
12192,Panch Mahals,Ghoghamba,Gamirpura,
12193,Panch Mahals,Ghoghamba,Math,
12194,Panch Mahals,Ghoghamba,Kumbhar Palli,
12195,Panch Mahals,Ghoghamba,Jagana Muvada,
12196,Panch Mahals,Ghoghamba,Lalpari,
12197,Panch Mahals,Ghoghamba,Farod,
12198,Panch Mahals,Ghoghamba,Valinath,
12199,Panch Mahals,Ghoghamba,Kharkhadi,
12200,Panch Mahals,Ghoghamba,Bhanpura,
12201,Panch Mahals,Ghoghamba,Ghoghamba,
12202,Panch Mahals,Ghoghamba,Goth,
12203,Panch Mahals,Ghoghamba,Rajgadh,
12204,Panch Mahals,Ghoghamba,Palla,
12205,Panch Mahals,Ghoghamba,Adepur,
12206,Panch Mahals,Ghoghamba,Gamani,
12207,Panch Mahals,Ghoghamba,Galibili,
12208,Panch Mahals,Ghoghamba,Godli,
12209,Panch Mahals,Ghoghamba,Vanskod,
12210,Panch Mahals,Ghoghamba,Nurapura,
12211,Panch Mahals,Ghoghamba,Ghogha,
12212,Panch Mahals,Ghoghamba,Zoz,
12213,Panch Mahals,Ghoghamba,Mol,
12214,Panch Mahals,Ghoghamba,Shamalkuva,
12215,Panch Mahals,Ghoghamba,Padhora,
12216,Panch Mahals,Ghoghamba,Savapura,
12217,Panch Mahals,Ghoghamba,Rayan Muvada,
12218,Panch Mahals,Ghoghamba,Jitpura,
12219,Panch Mahals,Ghoghamba,Nathkuva,
12220,Panch Mahals,Ghoghamba,Kankodakui,
12221,Panch Mahals,Ghoghamba,Chandra Nagar,
12222,Panch Mahals,Ghoghamba,Dudhapura,
12223,Panch Mahals,Ghoghamba,Dhaneshwar,
12224,Panch Mahals,Ghoghamba,Udva,
12225,Panch Mahals,Ghoghamba,Garmotiya,
12226,Panch Mahals,Ghoghamba,Labadadhara,
12227,Panch Mahals,Ghoghamba,Zinzari,
12228,Panch Mahals,Ghoghamba,Virapura,
12229,Panch Mahals,Ghoghamba,Ranjitnagar,
12230,Panch Mahals,Ghoghamba,Rinchhiya,
12231,Panch Mahals,Ghoghamba,Chelavada,
12232,Panch Mahals,Ghoghamba,Tadkundla,
12233,Panch Mahals,Ghoghamba,Kalsar,
12234,Panch Mahals,Ghoghamba,Zab (Vav),
12235,Panch Mahals,Ghoghamba,Vav,
12236,Panch Mahals,Ghoghamba,Vankod,
12237,Panch Mahals,Ghoghamba,Bakrol,
12238,Panch Mahals,Ghoghamba,Nathpura,
12239,Panch Mahals,Ghoghamba,Sarasava,
12240,Panch Mahals,Ghoghamba,Poyali,
12241,Panch Mahals,Ghoghamba,Kahanpur,
12242,Panch Mahals,Halol,Muvala,
12243,Panch Mahals,Halol,Maghasar,
12244,Panch Mahals,Halol,Navaria,
12245,Panch Mahals,Halol,Maruva,
12246,Panch Mahals,Halol,Varsada (Govindpuri),
12247,Panch Mahals,Halol,Arad,
12248,Panch Mahals,Halol,Muldhari,
12249,Panch Mahals,Halol,Tarkhanda,
12250,Panch Mahals,Halol,Chhabapura,
12251,Panch Mahals,Halol,Maswad,
12252,Panch Mahals,Halol,Sathrota,
12253,Panch Mahals,Halol,Kanjari (Part),
12254,Panch Mahals,Halol,Chandrapura,
12255,Panch Mahals,Halol,Vitthalpura,
12256,Panch Mahals,Halol,Pratappura (Part),
12257,Panch Mahals,Halol,Abhetwa,
12258,Panch Mahals,Halol,Intwadi,
12259,Panch Mahals,Halol,Zankhariya,
12260,Panch Mahals,Halol,Katadia,
12261,Panch Mahals,Halol,Rasulpur,
12262,Panch Mahals,Halol,Sultanpura,
12263,Panch Mahals,Halol,Gokalpura,
12264,Panch Mahals,Halol,Jepura,
12265,Panch Mahals,Halol,Mandvi,
12266,Panch Mahals,Halol,Timbi,
12267,Panch Mahals,Halol,Radhanpur,
12268,Panch Mahals,Halol,Sura Sultanpura,
12269,Panch Mahals,Halol,Jambudi,
12270,Panch Mahals,Halol,Rampura,
12271,Panch Mahals,Halol,Kota Maida,
12272,Panch Mahals,Halol,Baska,
12273,Panch Mahals,Halol,Nurpura,
12274,Panch Mahals,Halol,Gopipura,
12275,Panch Mahals,Halol,Champaner,
12276,Panch Mahals,Halol,Vadatalav,
12277,Panch Mahals,Halol,Moti Umarvan,
12278,Panch Mahals,Halol,Ved,
12279,Panch Mahals,Halol,Nani Umarvan,
12280,Panch Mahals,Halol,Dhinkva,
12281,Panch Mahals,Halol,Rayanvadia,
12282,Panch Mahals,Halol,Chhajdiwali,
12283,Panch Mahals,Halol,Ranipura,
12284,Panch Mahals,Halol,Chhatardivav,
12285,Panch Mahals,Halol,Jaliya Kuva,
12286,Panch Mahals,Halol,Navagam,
12287,Panch Mahals,Halol,Tajpura,
12288,Panch Mahals,Halol,Panelav,
12289,Panch Mahals,Halol,Amba Talav,
12290,Panch Mahals,Halol,Ujeti,
12291,Panch Mahals,Halol,Vanseti,
12292,Panch Mahals,Halol,Ghansar,
12293,Panch Mahals,Halol,Vav,
12294,Panch Mahals,Halol,Nathkuva,
12295,Panch Mahals,Halol,Kathola,
12296,Panch Mahals,Halol,Dhankuva,
12297,Panch Mahals,Halol,Kherap,
12298,Panch Mahals,Halol,Vavdi,
12299,Panch Mahals,Halol,Pandol,
12300,Panch Mahals,Halol,Talavdi,
12301,Panch Mahals,Halol,Dhariya,
12302,Panch Mahals,Halol,Kakalpur,
12303,Panch Mahals,Halol,Bamankuva,
12304,Panch Mahals,Halol,Palanpur,
12305,Panch Mahals,Halol,Kansarivav,
12306,Panch Mahals,Halol,Vankadia,
12307,Panch Mahals,Halol,Kakara Dungri,
12308,Panch Mahals,Halol,Hadabiya,
12309,Panch Mahals,Halol,Madar,
12310,Panch Mahals,Halol,Vintoj,
12311,Panch Mahals,Halol,Kadachala,
12312,Panch Mahals,Halol,Ambavadiya,
12313,Panch Mahals,Halol,Ravaliya,
12314,Panch Mahals,Halol,Gambhirpura,
12315,Panch Mahals,Halol,Mota Chadva,
12316,Panch Mahals,Halol,Amrapura,
12317,Panch Mahals,Halol,Kanteli,
12318,Panch Mahals,Halol,Shivrajpur,
12319,Panch Mahals,Halol,Bhat,
12320,Panch Mahals,Halol,Bapotiya,
12321,Panch Mahals,Halol,Bedhiyapura,
12322,Panch Mahals,Halol,Dabhan,
12323,Panch Mahals,Halol,Nana Chadva,
12324,Panch Mahals,Halol,Bhamariya,
12325,Panch Mahals,Halol,Khodiyar Pura,
12326,Panch Mahals,Halol,Hadamatia,
12327,Panch Mahals,Halol,Dholikui,
12328,Panch Mahals,Halol,Khareda,
12329,Panch Mahals,Halol,Takhatpura,
12330,Panch Mahals,Halol,Rameshra,
12331,Panch Mahals,Halol,Koprej,
12332,Panch Mahals,Halol,Bhagvanpura,
12333,Panch Mahals,Halol,Baliyadev,
12334,Panch Mahals,Halol,Ramjikhantna Muvada,
12335,Panch Mahals,Halol,Kesharpura,
12336,Panch Mahals,Halol,Kuberpura,
12337,Panch Mahals,Halol,Gariyal,
12338,Panch Mahals,Halol,Sudhara,
12339,Panch Mahals,Halol,Jimiyapura,
12340,Panch Mahals,Halol,Rinchhbar,
12341,Panch Mahals,Halol,Nani Ranbhet,
12342,Panch Mahals,Halol,Bhuva Dungri,
12343,Panch Mahals,Halol,Sonipur,
12344,Panch Mahals,Halol,Indral,
12345,Panch Mahals,Halol,Gajapura,
12346,Panch Mahals,Halol,Sonavinti,
12347,Panch Mahals,Halol,Gadit,
12348,Panch Mahals,Halol,Rasgagar,
12349,Panch Mahals,Halol,Badharpuri,
12350,Panch Mahals,Halol,Tadia,
12351,Panch Mahals,Halol,Mota Ankediya,
12352,Panch Mahals,Halol,Moti Ranbhet,
12353,Panch Mahals,Halol,Nana Handiya,
12354,Panch Mahals,Halol,Mota Handiya,
12355,Panch Mahals,Halol,Kohivav,
12356,Panch Mahals,Halol,Vaghbod,
12357,Panch Mahals,Halol,Galampura,
12358,Panch Mahals,Halol,Amrapuri,
12359,Panch Mahals,Halol,Desar,
12360,Panch Mahals,Halol,Panch Khobla,
12361,Panch Mahals,Halol,Singpur,
12362,Panch Mahals,Halol,Chhan Talavdi,
12363,Panch Mahals,Halol,Khareti,
12364,Panch Mahals,Halol,Bhinda,
12365,Panch Mahals,Jambughoda,Ranjitpura,
12366,Panch Mahals,Jambughoda,Gondhra,
12367,Panch Mahals,Jambughoda,Poyali,
12368,Panch Mahals,Jambughoda,Dandiapura,
12369,Panch Mahals,Jambughoda,Zarva,
12370,Panch Mahals,Jambughoda,Chalvad,
12371,Panch Mahals,Jambughoda,Kohivav,
12372,Panch Mahals,Jambughoda,Borkach,
12373,Panch Mahals,Jambughoda,Bhuriya Kuva,
12374,Panch Mahals,Jambughoda,Vav,
12375,Panch Mahals,Jambughoda,Nizaran Faliya,
12376,Panch Mahals,Jambughoda,Nizaran Dilgam,
12377,Panch Mahals,Jambughoda,Vadek,
12378,Panch Mahals,Jambughoda,Jaban,
12379,Panch Mahals,Jambughoda,Mahudibor,
12380,Panch Mahals,Jambughoda,Malbar,
12381,Panch Mahals,Jambughoda,Narukot,
12382,Panch Mahals,Jambughoda,Hirapur,
12383,Panch Mahals,Jambughoda,Dipapura,
12384,Panch Mahals,Jambughoda,Garmula,
12385,Panch Mahals,Jambughoda,Vadiya,
12386,Panch Mahals,Jambughoda,Vajpur,
12387,Panch Mahals,Jambughoda,Udhavan,
12388,Panch Mahals,Jambughoda,Jotvad,
12389,Panch Mahals,Jambughoda,Nathpari,
12390,Panch Mahals,Jambughoda,Bhildungra,
12391,Panch Mahals,Jambughoda,Kanjipani,
12392,Panch Mahals,Jambughoda,Kara,
12393,Panch Mahals,Jambughoda,Rampura,
12394,Panch Mahals,Jambughoda,Kaliavav,
12395,Panch Mahals,Jambughoda,Jambughoda,
12396,Panch Mahals,Jambughoda,Kharedivav,
12397,Panch Mahals,Jambughoda,Fulpari,
12398,Panch Mahals,Jambughoda,Bhanpuri,
12399,Panch Mahals,Jambughoda,Bhanpura,
12400,Panch Mahals,Jambughoda,Khakhariya,
12401,Panch Mahals,Jambughoda,Sadada,
12402,Panch Mahals,Jambughoda,Dhanpuri,
12403,Panch Mahals,Jambughoda,Paniyara,
12404,Panch Mahals,Jambughoda,Katkoi,
12405,Panch Mahals,Jambughoda,Pipiya,
12406,Panch Mahals,Jambughoda,Keva,
12407,Panch Mahals,Jambughoda,Ghundivera,
12408,Panch Mahals,Jambughoda,Kolva,
12409,Panch Mahals,Jambughoda,Lafni,
12410,Panch Mahals,Jambughoda,Khodsal,
12411,Panch Mahals,Jambughoda,Masabar,
12412,Panch Mahals,Jambughoda,Deval Faliya,
12413,Panch Mahals,Jambughoda,Haveli,
12414,Panch Mahals,Jambughoda,Padideri,
12415,Panch Mahals,Jambughoda,Khuntiya,
12416,Panch Mahals,Jambughoda,Uchet,
12417,Panch Mahals,Jambughoda,Duma,
12418,Panch Mahals,Jambughoda,Dhanakiya,
12419,Panch Mahals,Jambughoda,Khandivav,
12420,Dohad,Fatepura,Gadra,
12421,Dohad,Fatepura,Zer,
12422,Dohad,Fatepura,Dungar,
12423,Dohad,Fatepura,Navagam,
12424,Dohad,Fatepura,Apatalai,
12425,Dohad,Fatepura,Patvel,
12426,Dohad,Fatepura,Jagola,
12427,Dohad,Fatepura,Barsaleda,
12428,Dohad,Fatepura,Piplara,
12429,Dohad,Fatepura,Vadvas,
12430,Dohad,Fatepura,Salara,
12431,Dohad,Fatepura,Karodiya Purva Fatepura),
12432,Dohad,Fatepura,Fatepura Alias Valunda,
12433,Dohad,Fatepura,Chhalor,
12434,Dohad,Fatepura,Nava Talav,
12435,Dohad,Fatepura,Vandariya (East),
12436,Dohad,Fatepura,Jalai,
12437,Dohad,Fatepura,Moti Charoli,
12438,Dohad,Fatepura,Nani Charoli,
12439,Dohad,Fatepura,Dungra,
12440,Dohad,Fatepura,Karmel,
12441,Dohad,Fatepura,Mor Mahudi,
12442,Dohad,Fatepura,Moti Shero,
12443,Dohad,Fatepura,Vavdi (East),
12444,Dohad,Fatepura,Valundi,
12445,Dohad,Fatepura,Motirel (East),
12446,Dohad,Fatepura,Limadiya,
12447,Dohad,Fatepura,Kupda,
12448,Dohad,Fatepura,Moti Nandukan,
12449,Dohad,Fatepura,Jatanana Muvada,
12450,Dohad,Fatepura,Nani Nandukan,
12451,Dohad,Fatepura,Kumana Muvada,
12452,Dohad,Fatepura,Ratanpur (Nes),
12453,Dohad,Fatepura,Nana Saranaiya,
12454,Dohad,Fatepura,Bariyani Hathod,
12455,Dohad,Fatepura,Kankasiya,
12456,Dohad,Fatepura,Nanirel (East),
12457,Dohad,Fatepura,Vatli,
12458,Dohad,Fatepura,Vangad,
12459,Dohad,Fatepura,Bhichor,
12460,Dohad,Fatepura,Ghughas,
12461,Dohad,Fatepura,Inta,
12462,Dohad,Fatepura,Dungrana Pani,
12463,Dohad,Fatepura,Dhadhela,
12464,Dohad,Fatepura,Fategadhi,
12465,Dohad,Fatepura,Madhva,
12466,Dohad,Fatepura,Vaghvadla,
12467,Dohad,Fatepura,Pipliya,
12468,Dohad,Fatepura,Bhat Muvadi,
12469,Dohad,Fatepura,Bavani Hathod,
12470,Dohad,Fatepura,Balaiya,
12471,Dohad,Fatepura,Gava Dungra,
12472,Dohad,Fatepura,Chikhali,
12473,Dohad,Fatepura,Sarsawa (East),
12474,Dohad,Fatepura,Nindka (East),
12475,Dohad,Fatepura,Tadhigoli,
12476,Dohad,Fatepura,Vansiya Kui,
12477,Dohad,Fatepura,Patisara,
12478,Dohad,Fatepura,Bhitodi,
12479,Dohad,Fatepura,Nani Bara,
12480,Dohad,Fatepura,Moti Bara,
12481,Dohad,Fatepura,Moti Dhadheli,
12482,Dohad,Fatepura,Nani Dhadheli,
12483,Dohad,Fatepura,Dablara,
12484,Dohad,Fatepura,Mota Natava,
12485,Dohad,Fatepura,Aspur,
12486,Dohad,Fatepura,Rupakheda,
12487,Dohad,Fatepura,Nes Damorni,
12488,Dohad,Fatepura,Padaliya,
12489,Dohad,Fatepura,Khakhariya,
12490,Dohad,Fatepura,Bachkariya (East),
12491,Dohad,Fatepura,Raval Na Varuna,
12492,Dohad,Fatepura,Ghani Khunt,
12493,Dohad,Fatepura,Mota Borida,
12494,Dohad,Fatepura,Manawala Borida,
12495,Dohad,Fatepura,Nana Borida,
12496,Dohad,Fatepura,Kaliya (Lakhanpur),
12497,Dohad,Fatepura,Ghata Vadiya (East),
12498,Dohad,Fatepura,Lakhanpur,
12499,Dohad,Fatepura,Hadmat,
12500,Dohad,Fatepura,Makwana Na Varuna,
12501,Dohad,Fatepura,Sukhsar,
12502,Dohad,Fatepura,Bhojela,
12503,Dohad,Fatepura,Hindoliya,
12504,Dohad,Fatepura,Pati,
12505,Dohad,Fatepura,Affava,
12506,Dohad,Fatepura,Vankaner,
12507,Dohad,Fatepura,Khatarpur Na Muvada,
12508,Dohad,Fatepura,Jhab (East),
12509,Dohad,Fatepura,Kundla,
12510,Dohad,Fatepura,Patadiya,
12511,Dohad,Fatepura,Hingla,
12512,Dohad,Fatepura,Kanthagar,
12513,Dohad,Fatepura,Sagdapada,
12514,Dohad,Fatepura,Margala,
12515,Dohad,Fatepura,Javesi,
12516,Dohad,Jhalod,Garadu,
12517,Dohad,Jhalod,Dhavadiya,
12518,Dohad,Jhalod,Bambela,
12519,Dohad,Jhalod,Rajadiya,
12520,Dohad,Jhalod,Kheda,
12521,Dohad,Jhalod,Amba Jharan,
12522,Dohad,Jhalod,Thunthi Kankasiya,
12523,Dohad,Jhalod,Mahudi,
12524,Dohad,Jhalod,Chhasiya,
12525,Dohad,Jhalod,Ghensva,
12526,Dohad,Jhalod,Maghanisar,
12527,Dohad,Jhalod,Hadmat Khunta,
12528,Dohad,Jhalod,Kharsana,
12529,Dohad,Jhalod,Anvarpura,
12530,Dohad,Jhalod,Sitavatli,
12531,Dohad,Jhalod,Rajpur,
12532,Dohad,Jhalod,Velpura,
12533,Dohad,Jhalod,Kaliya Talav,
12534,Dohad,Jhalod,Mun Khosla,
12535,Dohad,Jhalod,Shankarpura,
12536,Dohad,Jhalod,Fulpura,
12537,Dohad,Jhalod,Timachi,
12538,Dohad,Jhalod,Rampura,
12539,Dohad,Jhalod,Raypura,
12540,Dohad,Jhalod,Gamdi,
12541,Dohad,Jhalod,Jafarpura,
12542,Dohad,Jhalod,Chitrodiya,
12543,Dohad,Jhalod,Devjini Sarasvani,
12544,Dohad,Jhalod,Kaljini Sarsavani,
12545,Dohad,Jhalod,Jetpur,
12546,Dohad,Jhalod,Melaniya,
12547,Dohad,Jhalod,Therka,
12548,Dohad,Jhalod,Vagela,
12549,Dohad,Jhalod,Ghodiya,
12550,Dohad,Jhalod,Khakhariya,
12551,Dohad,Jhalod,Nansalai,
12552,Dohad,Jhalod,Bajarvada,
12553,Dohad,Jhalod,Kadval,
12554,Dohad,Jhalod,Hirola,
12555,Dohad,Jhalod,Kunda,
12556,Dohad,Jhalod,Dhalsimal,
12557,Dohad,Jhalod,Dhamena,
12558,Dohad,Jhalod,Jaror,
12559,Dohad,Jhalod,Bodiya Bhint,
12560,Dohad,Jhalod,Dhavdi Faliya,
12561,Dohad,Jhalod,Chakisana,
12562,Dohad,Jhalod,Vansiya,
12563,Dohad,Jhalod,Dungra,
12564,Dohad,Jhalod,Anika,
12565,Dohad,Jhalod,Lavara,
12566,Dohad,Jhalod,Trakda Mahudina Muvada,
12567,Dohad,Jhalod,Sarori,
12568,Dohad,Jhalod,Trakda Mahudi,
12569,Dohad,Jhalod,Jitpura,
12570,Dohad,Jhalod,Valunda,
12571,Dohad,Jhalod,Kanji Khedi,
12572,Dohad,Jhalod,Vaniya Ghanti,
12573,Dohad,Jhalod,Kakreli,
12574,Dohad,Jhalod,Bhaman,
12575,Dohad,Jhalod,Moli,
12576,Dohad,Jhalod,Itadi,
12577,Dohad,Jhalod,Govinda Talai,
12578,Dohad,Jhalod,Thala (Sanjeli),
12579,Dohad,Jhalod,Kota,
12580,Dohad,Jhalod,Kadvana Pad,
12581,Dohad,Jhalod,Doka Talavdi,
12582,Dohad,Jhalod,Jasuni,
12583,Dohad,Jhalod,Galana Pad,
12584,Dohad,Jhalod,Nenki,
12585,Dohad,Jhalod,Zusa,
12586,Dohad,Jhalod,Dhedhiyano Nalo,
12587,Dohad,Jhalod,Dhedhiya,
12588,Dohad,Jhalod,Patela,
12589,Dohad,Jhalod,Doki,
12590,Dohad,Jhalod,Tisana Muvada,
12591,Dohad,Jhalod,Chamariya,
12592,Dohad,Jhalod,Nariyani Muvadi,
12593,Dohad,Jhalod,Lunjana Muvada,
12594,Dohad,Jhalod,Chandana Muvada,
12595,Dohad,Jhalod,Kavdana Muvada,
12596,Dohad,Jhalod,Kalyanpura,
12597,Dohad,Jhalod,Pichhoda,
12598,Dohad,Jhalod,Bachkariya,
12599,Dohad,Jhalod,Mandli,
12600,Dohad,Jhalod,Pratappura,
12601,Dohad,Jhalod,Gasali,
12602,Dohad,Jhalod,Nana Kaliya,
12603,Dohad,Jhalod,Mota Kaliya,
12604,Dohad,Jhalod,Bhamela,
12605,Dohad,Jhalod,Bhanpur,
12606,Dohad,Jhalod,Garadiya,
12607,Dohad,Jhalod,Boda Dungar,
12608,Dohad,Jhalod,Karamba,
12609,Dohad,Jhalod,Sarmariya,
12610,Dohad,Jhalod,Varod,
12611,Dohad,Jhalod,Sampoi,
12612,Dohad,Jhalod,Tandi,
12613,Dohad,Jhalod,Raniyar Kanbi,
12614,Dohad,Jhalod,Paniya,
12615,Dohad,Jhalod,Chakaliya,
12616,Dohad,Jhalod,Pethapur,
12617,Dohad,Jhalod,Mudaheda,
12618,Dohad,Jhalod,Lilva Pokar,
12619,Dohad,Jhalod,Raniyar Inami,
12620,Dohad,Jhalod,Lilva Thakor,
12621,Dohad,Jhalod,Nime Varod,
12622,Dohad,Jhalod,Kuni,
12623,Dohad,Jhalod,Simaliya,
12624,Dohad,Jhalod,Kharvani,
12625,Dohad,Jhalod,Vankol,
12626,Dohad,Jhalod,Limdi,
12627,Dohad,Jhalod,Lilva Deva,
12628,Dohad,Jhalod,Malvasi,
12629,Dohad,Jhalod,Piplet,
12630,Dohad,Jhalod,Kankara Kuva,
12631,Dohad,Jhalod,Kachaldhara,
12632,Dohad,Jhalod,Chatka,
12633,Dohad,Jhalod,Dhola Khakhara,
12634,Dohad,Jhalod,Kotda,
12635,Dohad,Jhalod,Sabli,
12636,Dohad,Jhalod,Raliyati Bhura,
12637,Dohad,Jhalod,Parthampur,
12638,Dohad,Jhalod,Rupakheda,
12639,Dohad,Jhalod,Karath,
12640,Dohad,Jhalod,Nani Handi,
12641,Dohad,Jhalod,Pareva,
12642,Dohad,Jhalod,Pipaliya,
12643,Dohad,Jhalod,Dungri,
12644,Dohad,Jhalod,Thala (Limdi),
12645,Dohad,Jhalod,Mundha,
12646,Dohad,Jhalod,Golana,
12647,Dohad,Jhalod,Suthar Vasa,
12648,Dohad,Jhalod,Amba,
12649,Dohad,Jhalod,Bilwani,
12650,Dohad,Jhalod,Moti Handi,
12651,Dohad,Jhalod,Dageriya,
12652,Dohad,Jhalod,Vasti,
12653,Dohad,Jhalod,Pavdi (Inami),
12654,Dohad,Jhalod,Mirakhedi,
12655,Dohad,Jhalod,Kaligam (Inami),
12656,Dohad,Jhalod,Kaligam (Gujar),
12657,Dohad,Jhalod,Dhara Dungar,
12658,Dohad,Jhalod,Tadhagola,
12659,Dohad,Jhalod,Dantiya,
12660,Dohad,Jhalod,Raliati Gujjar,
12661,Dohad,Jhalod,Gultora,
12662,Dohad,Jhalod,Tatariya,
12663,Dohad,Jhalod,Sharda,
12664,Dohad,Jhalod,Chhayan,
12665,Dohad,Limkheda,Methan,
12666,Dohad,Limkheda,Mota Ambaliya,
12667,Dohad,Limkheda,Surpur (Randhikpur),
12668,Dohad,Limkheda,Parmarna Dungarpur,
12669,Dohad,Limkheda,Rathodna Dungarpur,
12670,Dohad,Limkheda,Bhutkhedi,
12671,Dohad,Limkheda,Nani Sanjeli,
12672,Dohad,Limkheda,Panta,
12673,Dohad,Limkheda,Navipuri,
12674,Dohad,Limkheda,Chachakpur,
12675,Dohad,Limkheda,Tarmi,
12676,Dohad,Limkheda,Agara (Randhikpur),
12677,Dohad,Limkheda,Handi,
12678,Dohad,Limkheda,Nana Ambaliya,
12679,Dohad,Limkheda,Bhanpur (Randhikpur),
12680,Dohad,Limkheda,Sakariya,
12681,Dohad,Limkheda,Malekpur,
12682,Dohad,Limkheda,Mander,
12683,Dohad,Limkheda,Chhapri,
12684,Dohad,Limkheda,Randhikpur,
12685,Dohad,Limkheda,Borgota,
12686,Dohad,Limkheda,Chunddi,
12687,Dohad,Limkheda,Dasa,
12688,Dohad,Limkheda,Singvad,
12689,Dohad,Limkheda,Baroda,
12690,Dohad,Limkheda,Anoppura,
12691,Dohad,Limkheda,Sudiya,
12692,Dohad,Limkheda,Karmadi,
12693,Dohad,Limkheda,Jamri,
12694,Dohad,Limkheda,Vadapipla,
12695,Dohad,Limkheda,Kelkuva,
12696,Dohad,Limkheda,Palla,
12697,Dohad,Limkheda,Matana Palla,
12698,Dohad,Limkheda,Pisoi,
12699,Dohad,Limkheda,Aroda,
12700,Dohad,Limkheda,Khunta,
12701,Dohad,Limkheda,Vala Gota,
12702,Dohad,Limkheda,Toyani,
12703,Dohad,Limkheda,Pipaliya,
12704,Dohad,Limkheda,Jetpur (R),
12705,Dohad,Limkheda,Kaliya Gota,
12706,Dohad,Limkheda,Katarani Palli,
12707,Dohad,Limkheda,Choki,
12708,Dohad,Limkheda,Kaliyarai,
12709,Dohad,Limkheda,Sarjumi,
12710,Dohad,Limkheda,Dhamanbari,
12711,Dohad,Limkheda,Khudra,
12712,Dohad,Limkheda,Chhaparvad,
12713,Dohad,Limkheda,Hirapur,
12714,Dohad,Limkheda,Fofan,
12715,Dohad,Limkheda,Zaliya Pada,
12716,Dohad,Limkheda,Sangiya,
12717,Dohad,Limkheda,Munavani,
12718,Dohad,Limkheda,Singapur,
12719,Dohad,Limkheda,Fulpari,
12720,Dohad,Limkheda,Juna Vadiya,
12721,Dohad,Limkheda,Bara,
12722,Dohad,Limkheda,Padaliya,
12723,Dohad,Limkheda,Nani Vav,
12724,Dohad,Limkheda,Bhilpaniya,
12725,Dohad,Limkheda,Pahad,
12726,Dohad,Limkheda,Ranipura,
12727,Dohad,Limkheda,Panivela,
12728,Dohad,Limkheda,Vaghnala,
12729,Dohad,Limkheda,Barela,
12730,Dohad,Limkheda,Zarola (Randhikpur),
12731,Dohad,Limkheda,Dhabudi,
12732,Dohad,Limkheda,Humadpur,
12733,Dohad,Limkheda,Vanjhariya,
12734,Dohad,Limkheda,Moti Vav,
12735,Dohad,Limkheda,Sati Faliya,
12736,Dohad,Limkheda,Dakara,
12737,Dohad,Limkheda,Fatepura,
12738,Dohad,Limkheda,Nava Vadiya,
12739,Dohad,Limkheda,Zerjitgadh,
12740,Dohad,Limkheda,Dungara,
12741,Dohad,Limkheda,Gumni (Du),
12742,Dohad,Limkheda,Shasta,
12743,Dohad,Limkheda,Kothara,
12744,Dohad,Limkheda,Kesharpura,
12745,Dohad,Limkheda,Patangadi,
12746,Dohad,Limkheda,Limbodar,
12747,Dohad,Limkheda,Kumpur,
12748,Dohad,Limkheda,Machhelai,
12749,Dohad,Limkheda,Lukhawada,
12750,Dohad,Limkheda,Moti Bandibar,
12751,Dohad,Limkheda,Pipli,
12752,Dohad,Limkheda,Dudhiya,
12753,Dohad,Limkheda,Atarsumba,
12754,Dohad,Limkheda,Bhimpura,
12755,Dohad,Limkheda,Hathiyavan,
12756,Dohad,Limkheda,Moti Vasvani,
12757,Dohad,Limkheda,Nani Vasvani,
12758,Dohad,Limkheda,Piplapani,
12759,Dohad,Limkheda,Ninamani Vav,
12760,Dohad,Limkheda,Zarola (Du),
12761,Dohad,Limkheda,Dhanpur (Du),
12762,Dohad,Limkheda,Pada,
12763,Dohad,Limkheda,Dudhiyadhara,
12764,Dohad,Limkheda,Umedpura,
12765,Dohad,Limkheda,Jamadra,
12766,Dohad,Limkheda,Navagam,
12767,Dohad,Limkheda,Vadela,
12768,Dohad,Limkheda,Nani Bandibar,
12769,Dohad,Limkheda,Jetpur (Du),
12770,Dohad,Limkheda,Chopat Palli,
12771,Dohad,Limkheda,Motamal,
12772,Dohad,Limkheda,Nana Mal,
12773,Dohad,Limkheda,Goriya,
12774,Dohad,Limkheda,Patdi,
12775,Dohad,Limkheda,Khadada (Umariya),
12776,Dohad,Limkheda,Chatki,
12777,Dohad,Limkheda,Mangal Mahudi,
12778,Dohad,Limkheda,Dhadhela,
12779,Dohad,Limkheda,Kakri Dungari,
12780,Dohad,Limkheda,Nana Hathidhara,
12781,Dohad,Limkheda,Degawada,
12782,Dohad,Limkheda,Mota Hathidhara,
12783,Dohad,Limkheda,Dantiya,
12784,Dohad,Limkheda,Dabhada,
12785,Dohad,Limkheda,Valundi,
12786,Dohad,Limkheda,Polisimal,
12787,Dohad,Limkheda,Usra,
12788,Dohad,Limkheda,Kamboi,
12789,Dohad,Limkheda,Tunta Ghati,
12790,Dohad,Limkheda,Khirkhai,
12791,Dohad,Limkheda,Vateda,
12792,Dohad,Limkheda,Palli,
12793,Dohad,Limkheda,Pania,
12794,Dohad,Limkheda,Pratappura,
12795,Dohad,Limkheda,Parpata,
12796,Dohad,Limkheda,Andhari,
12797,Dohad,Limkheda,Kundha,
12798,Dohad,Limkheda,Devdhi,
12799,Dohad,Limkheda,Parmarna Kharkhariya,
12800,Dohad,Limkheda,Chaidiya,
12801,Dohad,Limkheda,Vislanga,
12802,Dohad,Limkheda,Padola,
12803,Dohad,Limkheda,Ninamana Khakhariya,
12804,Dohad,Limkheda,Agara (U),
12805,Dohad,Limkheda,Kunlli,
12806,Dohad,Limkheda,Manlli,
12807,Dohad,Limkheda,Rai,
12808,Dohad,Limkheda,Bar,
12809,Dohad,Limkheda,Ambava,
12810,Dohad,Limkheda,Patwan,
12811,Dohad,Limkheda,Timba,
12812,Dohad,Limkheda,Ghuntiya,
12813,Dohad,Limkheda,Jada Kheriya,
12814,Dohad,Limkheda,Katholiya,
12815,Dohad,Limkheda,Chilakota,
12816,Dohad,Dohad,Dungra,
12817,Dohad,Dohad,Doki,
12818,Dohad,Dohad,Chosala,
12819,Dohad,Dohad,Kharoda,
12820,Dohad,Dohad,Chhayan,
12821,Dohad,Dohad,Bhathiwada,
12822,Dohad,Dohad,Sakarda,
12823,Dohad,Dohad,Kharod,
12824,Dohad,Dohad,Rentiya,
12825,Dohad,Dohad,Khodva,
12826,Dohad,Dohad,Jekot,
12827,Dohad,Dohad,Rampura,
12828,Dohad,Dohad,Borwani,
12829,Dohad,Dohad,Khajuri,
12830,Dohad,Dohad,Chhapri,
12831,Dohad,Dohad,Usarvan (Part),
12832,Dohad,Dohad,Delsar,
12833,Dohad,Dohad,Rajpur,
12834,Dohad,Dohad,Kherdi,
12835,Dohad,Dohad,Ranapur Bujarg,
12836,Dohad,Dohad,Ranapur Khurd,
12837,Dohad,Dohad,Navagam,
12838,Dohad,Dohad,Ravali Kheda,
12839,Dohad,Dohad,Salapada,
12840,Dohad,Dohad,Zari Khurd,
12841,Dohad,Dohad,Tanda,
12842,Dohad,Dohad,Kotda Bujarg,
12843,Dohad,Dohad,Junapani,
12844,Dohad,Dohad,Tanachhiya,
12845,Dohad,Dohad,Bordi Khurd,
12846,Dohad,Dohad,Bordi Inami,
12847,Dohad,Dohad,Karamchandnu Khedun,
12848,Dohad,Dohad,Kotda Khurd,
12849,Dohad,Dohad,Dhamarda,
12850,Dohad,Dohad,Mandavav,
12851,Dohad,Dohad,Dungarpur,
12852,Dohad,Dohad,Ukardi,
12853,Dohad,Dohad,Kali Talai,
12854,Dohad,Dohad,Rozam,
12855,Dohad,Dohad,Muwalia,
12856,Dohad,Dohad,Rabdal,
12857,Dohad,Dohad,Nimnalia,
12858,Dohad,Dohad,Nasirpur,
12859,Dohad,Dohad,Punsri,
12860,Dohad,Dohad,Jalat,
12861,Dohad,Dohad,Vanbhori,
12862,Dohad,Dohad,Bhambhori,
12863,Dohad,Dohad,Tarvadia Himat,
12864,Dohad,Dohad,Khut Kheda,
12865,Dohad,Dohad,Gundi Kheda,
12866,Dohad,Dohad,Himala,
12867,Dohad,Dohad,Udar,
12868,Dohad,Dohad,Kheng,
12869,Dohad,Dohad,Rachharda,
12870,Dohad,Dohad,Timarda,
12871,Dohad,Dohad,Itawa,
12872,Dohad,Dohad,Tarvadiya Vaja,
12873,Dohad,Dohad,Tarvadiya Bhau,
12874,Dohad,Dohad,Gamla,
12875,Dohad,Dohad,Moti Kharaj,
12876,Dohad,Dohad,Naghrala,
12877,Dohad,Dohad,Gadoi,
12878,Dohad,Dohad,Bavka,
12879,Dohad,Dohad,Chandawada,
12880,Dohad,Dohad,Vijagadh,
12881,Dohad,Dohad,Brahmkheda,
12882,Dohad,Dohad,Nani Kharaj,
12883,Dohad,Dohad,Borkheda,
12884,Dohad,Dohad,Lilar,
12885,Dohad,Dohad,Katwara,
12886,Dohad,Dohad,Chandwana,
12887,Dohad,Dohad,Kathla,
12888,Dohad,Dohad,Bandibar,
12889,Dohad,Dohad,Limdabara,
12890,Dohad,Dohad,Uchavaniya,
12891,Dohad,Dohad,Vadbara,
12892,Dohad,Dohad,Khangela,
12893,Dohad,Dohad,Bhutodi,
12894,Dohad,Dohad,Dasla,
12895,Dohad,Dohad,Nani Lachheli,
12896,Dohad,Dohad,Moti Lachheli,
12897,Dohad,Dohad,Vankiya,
12898,Dohad,Dohad,Simaliya Khurd,
12899,Dohad,Dohad,Khapariya,
12900,Dohad,Dohad,Agawada,
12901,Dohad,Dohad,Ramdungara,
12902,Dohad,Garbada,Matwa,
12903,Dohad,Garbada,Vajelav,
12904,Dohad,Garbada,Nelsur,
12905,Dohad,Garbada,Jesawada,
12906,Dohad,Garbada,Abhlod,
12907,Dohad,Garbada,Pandadi,
12908,Dohad,Garbada,Devdha,
12909,Dohad,Garbada,Panchwada,
12910,Dohad,Garbada,Sahada,
12911,Dohad,Garbada,Tunki Anop,
12912,Dohad,Garbada,Nadhelav,
12913,Dohad,Garbada,Vadva,
12914,Dohad,Garbada,Ambli,
12915,Dohad,Garbada,Chharchhoda,
12916,Dohad,Garbada,Bhe,
12917,Dohad,Garbada,Patiya,
12918,Dohad,Garbada,Dadur,
12919,Dohad,Garbada,Nandva,
12920,Dohad,Garbada,Bharsada,
12921,Dohad,Garbada,Tunki Vaju,
12922,Dohad,Garbada,Nalwai,
12923,Dohad,Garbada,Simaliya Bujarg,
12924,Dohad,Garbada,Boriyala,
12925,Dohad,Garbada,Gangarda,
12926,Dohad,Garbada,Gulbar,
12927,Dohad,Garbada,Jambua,
12928,Dohad,Garbada,Nimach,
12929,Dohad,Garbada,Garbada,
12930,Dohad,Garbada,Gangardi,
12931,Dohad,Garbada,Chandla,
12932,Dohad,Garbada,Minakyar,
12933,Dohad,Garbada,Bhutardi,
12934,Dohad,Garbada,Patiya Zol,
12935,Dohad,Garbada,Zari Bujarg,
12936,Dohad,Devgadbaria,Vadodar,
12937,Dohad,Devgadbaria,Saliya,
12938,Dohad,Devgadbaria,Guna,
12939,Dohad,Devgadbaria,Toyani,
12940,Dohad,Devgadbaria,Panchela,
12941,Dohad,Devgadbaria,Asayadi,
12942,Dohad,Devgadbaria,Gamdi,
12943,Dohad,Devgadbaria,Bhathwada,
12944,Dohad,Devgadbaria,Rebari,
12945,Dohad,Devgadbaria,Piplod,
12946,Dohad,Devgadbaria,Hindoliya,
12947,Dohad,Devgadbaria,Moti Zari,
12948,Dohad,Devgadbaria,Kaliya Kota,
12949,Dohad,Devgadbaria,Rama,
12950,Dohad,Devgadbaria,Nathudi,
12951,Dohad,Devgadbaria,Megha Muvadi,
12952,Dohad,Devgadbaria,Chenpur,
12953,Dohad,Devgadbaria,Nani Zari,
12954,Dohad,Devgadbaria,Bhular,
12955,Dohad,Devgadbaria,Antela,
12956,Dohad,Devgadbaria,Ruvabari,
12957,Dohad,Devgadbaria,Dangariya,
12958,Dohad,Devgadbaria,Koyada,
12959,Dohad,Devgadbaria,Biliya,
12960,Dohad,Devgadbaria,Ranipura (Ratadiya),
12961,Dohad,Devgadbaria,Ratadiya,
12962,Dohad,Devgadbaria,Uchvan,
12963,Dohad,Devgadbaria,Udhavala,
12964,Dohad,Devgadbaria,Moti Khajuri,
12965,Dohad,Devgadbaria,Bhuval,
12966,Dohad,Devgadbaria,Abhlod,
12967,Dohad,Devgadbaria,Sagarama,
12968,Dohad,Devgadbaria,Kali Dungari,
12969,Dohad,Devgadbaria,Bhadbha,
12970,Dohad,Devgadbaria,Singedi,
12971,Dohad,Devgadbaria,Mendra,
12972,Dohad,Devgadbaria,Kolina Punvala,
12973,Dohad,Devgadbaria,Dukhali,
12974,Dohad,Devgadbaria,Nani Khajuri,
12975,Dohad,Devgadbaria,Degavada,
12976,Dohad,Devgadbaria,Zabiya,
12977,Dohad,Devgadbaria,Tidki,
12978,Dohad,Devgadbaria,Juna Bariya,
12979,Dohad,Devgadbaria,Bamroli,
12980,Dohad,Devgadbaria,Bamroli Mavuda,
12981,Dohad,Devgadbaria,Singor,
12982,Dohad,Devgadbaria,Virol,
12983,Dohad,Devgadbaria,Kakalpur,
12984,Dohad,Devgadbaria,Lavariya,
12985,Dohad,Devgadbaria,Dudhiya,
12986,Dohad,Devgadbaria,Ankali,
12987,Dohad,Devgadbaria,Kuva,
12988,Dohad,Devgadbaria,Baina,
12989,Dohad,Devgadbaria,Vandar,
12990,Dohad,Devgadbaria,Keliya,
12991,Dohad,Devgadbaria,Jambusar,
12992,Dohad,Devgadbaria,Vadbhet,
12993,Dohad,Devgadbaria,Nagvav,
12994,Dohad,Devgadbaria,Simlaghasi,
12995,Dohad,Devgadbaria,Timarva,
12996,Dohad,Devgadbaria,Redhana,
12997,Dohad,Devgadbaria,Jhab (Sagtala),
12998,Dohad,Devgadbaria,Bhut Pagalan,
12999,Dohad,Devgadbaria,Nani Magoi,
13000,Dohad,Devgadbaria,Moti Magoi,
13001,Dohad,Devgadbaria,Pani Vagan,
13002,Dohad,Devgadbaria,Satkunda,
13003,Dohad,Devgadbaria,Khandaniya,
13004,Dohad,Devgadbaria,Kalia Kuwa,
13005,Dohad,Devgadbaria,Amli Zoz,
13006,Dohad,Devgadbaria,Nadatod,
13007,Dohad,Devgadbaria,Sevaniya,
13008,Dohad,Devgadbaria,Fangiya,
13009,Dohad,Devgadbaria,Madav,
13010,Dohad,Devgadbaria,Dabhva (Sagtala),
13011,Dohad,Devgadbaria,Navi Bedi,
13012,Dohad,Devgadbaria,Rathva Muvada,
13013,Dohad,Devgadbaria,Kelkuva,
13014,Dohad,Devgadbaria,Bara,
13015,Dohad,Devgadbaria,Rampura Devi,
13016,Dohad,Devgadbaria,Amblipani Chhotra,
13017,Dohad,Devgadbaria,Chhasiya (Sadadiya),
13018,Dohad,Devgadbaria,Juni Bedi,
13019,Dohad,Devgadbaria,Sagtala,
13020,Dohad,Devgadbaria,Diviya,
13021,Dohad,Devgadbaria,Zamran,
13022,Dohad,Dhanpur,Ghodajar,
13023,Dohad,Dhanpur,Umariya,
13024,Dohad,Dhanpur,Budhpur,
13025,Dohad,Dhanpur,Bor,
13026,Dohad,Dhanpur,Mahunala,
13027,Dohad,Dhanpur,Surpur (Umariya),
13028,Dohad,Dhanpur,Mandav,
13029,Dohad,Dhanpur,Dolariya,
13030,Dohad,Dhanpur,Kanzar,
13031,Dohad,Dhanpur,Agasvani,
13032,Dohad,Dhanpur,Pipodra,
13033,Dohad,Dhanpur,Chorbariya,
13034,Dohad,Dhanpur,Bedat,
13035,Dohad,Dhanpur,Bogadva,
13036,Dohad,Dhanpur,Nakti,
13037,Dohad,Dhanpur,Bhorva,
13038,Dohad,Dhanpur,Sajoi,
13039,Dohad,Dhanpur,Kaliyavad,
13040,Dohad,Dhanpur,Undar,
13041,Dohad,Dhanpur,Biliya,
13042,Dohad,Dhanpur,Kantu,
13043,Dohad,Dhanpur,Dudhamali,
13044,Dohad,Dhanpur,Adalwada,
13045,Dohad,Dhanpur,Kothariya,
13046,Dohad,Dhanpur,Rampur,
13047,Dohad,Dhanpur,Modhva,
13048,Dohad,Dhanpur,Nalu,
13049,Dohad,Dhanpur,Pav,
13050,Dohad,Dhanpur,Ambli Menpur,
13051,Dohad,Dhanpur,Kanakuwa,
13052,Dohad,Dhanpur,Sangasar,
13053,Dohad,Dhanpur,Zabu,
13054,Dohad,Dhanpur,Ulkadar,
13055,Dohad,Dhanpur,Raiyavan,
13056,Dohad,Dhanpur,Khokhbed,
13057,Dohad,Dhanpur,Ved,
13058,Dohad,Dhanpur,Ghada,
13059,Dohad,Dhanpur,Khokhra,
13060,Dohad,Dhanpur,Lukhadiya,
13061,Dohad,Dhanpur,Pipearo,
13062,Dohad,Dhanpur,Singawali,
13063,Dohad,Dhanpur,Dhanpur (To),
13064,Dohad,Dhanpur,Rachhava,
13065,Dohad,Dhanpur,Khajuri,
13066,Dohad,Dhanpur,Harakhpur,
13067,Dohad,Dhanpur,Vakota,
13068,Dohad,Dhanpur,Kalakhunt,
13069,Dohad,Dhanpur,Navanagar,
13070,Dohad,Dhanpur,Kadval,
13071,Dohad,Dhanpur,Khadada (Na),
13072,Dohad,Dhanpur,Ambakach,
13073,Dohad,Dhanpur,Leliya Amba,
13074,Dohad,Dhanpur,Sankarpura,
13075,Dohad,Dhanpur,Nanimalu,
13076,Dohad,Dhanpur,Gohelvaga,
13077,Dohad,Dhanpur,Punakota,
13078,Dohad,Dhanpur,Kotambi,
13079,Dohad,Dhanpur,Ladva Vad,
13080,Dohad,Dhanpur,Dumka,
13081,Dohad,Dhanpur,Simamoi,
13082,Dohad,Dhanpur,Vakasiya,
13083,Dohad,Dhanpur,Kundawada,
13084,Dohad,Dhanpur,Taramkach,
13085,Dohad,Dhanpur,Dabhava,
13086,Dohad,Dhanpur,Lakhana Gojiya,
13087,Dohad,Dhanpur,Tokarva,
13088,Dohad,Dhanpur,Dungarpur (To),
13089,Dohad,Dhanpur,Nan Salai,
13090,Dohad,Dhanpur,Chari,
13091,Dohad,Dhanpur,Khalta Garabdi,
13092,Dohad,Dhanpur,Moti Malu,
13093,Dohad,Dhanpur,Vasiya Dungari,
13094,Dohad,Dhanpur,Dhanarpatiya,
13095,Dohad,Dhanpur,Gangardi Faliya,
13096,Dohad,Dhanpur,Kakad Khila,
13097,Dohad,Dhanpur,Mandor,
13098,Dohad,Dhanpur,Kanseta,
13099,Dohad,Dhanpur,Bhanpur (Kakadkhila),
13100,Dohad,Dhanpur,Bhindol,
13101,Dohad,Dhanpur,Kanjeta,
13102,Dohad,Dhanpur,Limdi Medhari,
13103,Dohad,Dhanpur,Pipariya (To),
13104,Dohad,Dhanpur,Gadvel,
13105,Dohad,Dhanpur,Andarpura,
13106,Dohad,Dhanpur,Gumli (Dho),
13107,Dohad,Dhanpur,Udhal Mahuda,
13108,Dohad,Dhanpur,Pipargota,
13109,Dohad,Dhanpur,Panam,
13110,Dohad,Dhanpur,Alindra,
13111,Dohad,Dhanpur,Bhuvera,
13112,Vadodara,Savli,Udalpur,
13113,Vadodara,Savli,Tulsigam,
13114,Vadodara,Savli,Vachchhesar,
13115,Vadodara,Savli,Jambu Goral,
13116,Vadodara,Savli,Varsada,
13117,Vadodara,Savli,Waghpura,
13118,Vadodara,Savli,Tansiya,
13119,Vadodara,Savli,Himmatpura,
13120,Vadodara,Savli,Dungripura(I),
13121,Vadodara,Savli,Intvad,
13122,Vadodara,Savli,Nani Varnoli (Vanto),
13123,Vadodara,Savli,Desar,
13124,Vadodara,Savli,Valavav,
13125,Vadodara,Savli,Vejpur,
13126,Vadodara,Savli,Jesar Gopari,
13127,Vadodara,Savli,Vaktapura,
13128,Vadodara,Savli,Kadachhala,
13129,Vadodara,Savli,Manekla,
13130,Vadodara,Savli,Moti Varnoli,
13131,Vadodara,Savli,Nani Varnoli,
13132,Vadodara,Savli,Chhalier,
13133,Vadodara,Savli,Vankaneda,
13134,Vadodara,Savli,Ghemalpura,
13135,Vadodara,Savli,Dolatpura,
13136,Vadodara,Savli,Pipalchhat Vanto,
13137,Vadodara,Savli,Rampuri-Narpuri,
13138,Vadodara,Savli,Vadiya (Pandu),
13139,Vadodara,Savli,Rajupura,
13140,Vadodara,Savli,Limdanu Muvadu,
13141,Vadodara,Savli,Kalyan Patelnu Muvadu,
13142,Vadodara,Savli,Rajpur,
13143,Vadodara,Savli,Pratappura,
13144,Vadodara,Savli,Shihora,
13145,Vadodara,Savli,Gorsan,
13146,Vadodara,Savli,Vaghanu Muvadu,
13147,Vadodara,Savli,Raipura Chhatrapura,
13148,Vadodara,Savli,Bhila,
13149,Vadodara,Savli,Pandu,
13150,Vadodara,Savli,Pipalchhat,
13151,Vadodara,Savli,Sanpiya,
13152,Vadodara,Savli,Mokampura,
13153,Vadodara,Savli,Kaslapura,
13154,Vadodara,Savli,Vansiya,
13155,Vadodara,Savli,Ghanta,
13156,Vadodara,Savli,Andrakhiya,
13157,Vadodara,Savli,Limdi,
13158,Vadodara,Savli,Latva,
13159,Vadodara,Savli,Vav,
13160,Vadodara,Savli,Sandhasal,
13161,Vadodara,Savli,Gutardi,
13162,Vadodara,Savli,Nhara,
13163,Vadodara,Savli,Gulabpura (Shihora),
13164,Vadodara,Savli,Ajabpura,
13165,Vadodara,Savli,Amarapura,
13166,Vadodara,Savli,Kalupura,
13167,Vadodara,Savli,Parthampura (Shihora),
13168,Vadodara,Savli,Gokalpura Ganeshpura,
13169,Vadodara,Savli,Zumkha,
13170,Vadodara,Savli,Dipapura,
13171,Vadodara,Savli,Ankaliya,
13172,Vadodara,Savli,Dhantej,
13173,Vadodara,Savli,Narpura,
13174,Vadodara,Savli,Mevli,
13175,Vadodara,Savli,Vitoj,
13176,Vadodara,Savli,Samantpura,
13177,Vadodara,Savli,Gangadiyapura,
13178,Vadodara,Savli,Dungripura (Shihora),
13179,Vadodara,Savli,Rasawadi,
13180,Vadodara,Savli,Lachhanpura,
13181,Vadodara,Savli,Rupankui,
13182,Vadodara,Savli,Kanoda,
13183,Vadodara,Savli,Rasulpur,
13184,Vadodara,Savli,Dungrapura,
13185,Vadodara,Savli,Tulsipura,
13186,Vadodara,Savli,Kamalpura,
13187,Vadodara,Savli,Vasanpura,
13188,Vadodara,Savli,Muval,
13189,Vadodara,Savli,Sardarpura,
13190,Vadodara,Savli,Poicha (Kanoda),
13191,Vadodara,Savli,Mevaliapura,
13192,Vadodara,Savli,Wankaner,
13193,Vadodara,Savli,Javla,
13194,Vadodara,Savli,Charanpura,
13195,Vadodara,Savli,Moti Bhadol,
13196,Vadodara,Savli,Vadiya(K),
13197,Vadodara,Savli,Mal Ankaliya,
13198,Vadodara,Savli,Kambola,
13199,Vadodara,Savli,Khakhariya,
13200,Vadodara,Savli,Singaniya,
13201,Vadodara,Savli,Mudhela,
13202,Vadodara,Savli,Ghantiyal,
13203,Vadodara,Savli,Ranipura (Samlaya),
13204,Vadodara,Savli,Nani Bhadol,
13205,Vadodara,Savli,Samlaya,
13206,Vadodara,Savli,Sherpura,
13207,Vadodara,Savli,Karachiya,
13208,Vadodara,Savli,Gothada,
13209,Vadodara,Savli,Ranchhodpura,
13210,Vadodara,Savli,Bahidhara Alias Natvarnagar,
13211,Vadodara,Savli,Bhadarva,
13212,Vadodara,Savli,Parthampura (Bhadarva),
13213,Vadodara,Savli,Jalampura,
13214,Vadodara,Savli,Khandi,
13215,Vadodara,Savli,Poicha (Raniya),
13216,Vadodara,Savli,Raniya,
13217,Vadodara,Savli,Mahapura,
13218,Vadodara,Savli,Ranipura(B),
13219,Vadodara,Savli,Namisara,
13220,Vadodara,Savli,Bautha,
13221,Vadodara,Savli,Lasundra,
13222,Vadodara,Savli,Pasva,
13223,Vadodara,Savli,Motipura,
13224,Vadodara,Savli,Pratapnagar,
13225,Vadodara,Savli,Gangadiya,
13226,Vadodara,Savli,Lotna,
13227,Vadodara,Savli,Sadra,
13228,Vadodara,Savli,Adalwada,
13229,Vadodara,Savli,Vadadala,
13230,Vadodara,Savli,Chandranagar,
13231,Vadodara,Savli,Subhelav,
13232,Vadodara,Savli,Paldi,
13233,Vadodara,Savli,Tundav,
13234,Vadodara,Savli,Anjesar,
13235,Vadodara,Savli,Moksi,
13236,Vadodara,Savli,Kunpad,
13237,Vadodara,Savli,Manjusar,
13238,Vadodara,Savli,Lamdapura,
13239,Vadodara,Savli,Zumkal,
13240,Vadodara,Savli,Alindra,
13241,Vadodara,Savli,Pilol,
13242,Vadodara,Savli,Indrad,
13243,Vadodara,Savli,Khokhar,
13244,Vadodara,Savli,Vemar,
13245,Vadodara,Savli,Garadhiya,
13246,Vadodara,Savli,Dhanora,
13247,Vadodara,Savli,Haripura,
13248,Vadodara,Vadodara,Dodka,
13249,Vadodara,Vadodara,Rayaka,
13250,Vadodara,Vadodara,Sankarda,
13251,Vadodara,Vadodara,Vasna-Kotariya,
13252,Vadodara,Vadodara,Sokhda,
13253,Vadodara,Vadodara,Padmala,
13254,Vadodara,Vadodara,Fajalpur (Sankarda),
13255,Vadodara,Vadodara,Anagadh,
13256,Vadodara,Vadodara,Ajod,
13257,Vadodara,Vadodara,Asoj,
13258,Vadodara,Vadodara,Virod,
13259,Vadodara,Vadodara,Sisva,
13260,Vadodara,Vadodara,Dhanora,
13261,Vadodara,Vadodara,Kotna,
13262,Vadodara,Vadodara,Dena,
13263,Vadodara,Vadodara,Sukhlipur,
13264,Vadodara,Vadodara,Amaliyara,
13265,Vadodara,Vadodara,Kotali,
13266,Vadodara,Vadodara,Ankodiya,
13267,Vadodara,Vadodara,Sherkhi,
13268,Vadodara,Vadodara,Sindhrot,
13269,Vadodara,Vadodara,Hinglot,
13270,Vadodara,Vadodara,Ampad,
13271,Vadodara,Vadodara,Mahapura,
13272,Vadodara,Vadodara,Khanpur,
13273,Vadodara,Vadodara,Ankhol,
13274,Vadodara,Vadodara,Khatamba,
13275,Vadodara,Vadodara,Raypura,
13276,Vadodara,Vadodara,Gokalpura,
13277,Vadodara,Vadodara,Samiyala,
13278,Vadodara,Vadodara,Shankarpura,
13279,Vadodara,Vadodara,Jobantekri,
13280,Vadodara,Vadodara,Ratanpur,
13281,Vadodara,Vadodara,Vadadla,
13282,Vadodara,Vadodara,Talsat,
13283,Vadodara,Vadodara,Chapad,
13284,Vadodara,Vadodara,Maretha,
13285,Vadodara,Vadodara,Chikhodara,
13286,Vadodara,Vadodara,Alhadpura,
13287,Vadodara,Vadodara,Navapura,
13288,Vadodara,Vadodara,Tatarpura,
13289,Vadodara,Vadodara,Sultanpura,
13290,Vadodara,Vadodara,Diwalipura,
13291,Vadodara,Vadodara,Hetampura,
13292,Vadodara,Vadodara,Kelanpur,
13293,Vadodara,Vadodara,Dhaniyavi,
13294,Vadodara,Vadodara,Vora Gamdi,
13295,Vadodara,Vadodara,Mujar Gamdi,
13296,Vadodara,Vadodara,Khalipur,
13297,Vadodara,Vadodara,Varnama,
13298,Vadodara,Vadodara,Sundarpura,
13299,Vadodara,Vadodara,Shahpura,
13300,Vadodara,Vadodara,Hansajipura,
13301,Vadodara,Vadodara,Raghavpura,
13302,Vadodara,Vadodara,Samaspura,
13303,Vadodara,Vadodara,Patarveni,
13304,Vadodara,Vadodara,Rabhipura,
13305,Vadodara,Vadodara,Fatepura,
13306,Vadodara,Vadodara,Karali,
13307,Vadodara,Vadodara,Itola,
13308,Vadodara,Vadodara,Vadsala,
13309,Vadodara,Vadodara,Untiya (Kajapur),
13310,Vadodara,Vadodara,Kajapur,
13311,Vadodara,Vadodara,Hansapura,
13312,Vadodara,Vadodara,Mastupur Gamdi,
13313,Vadodara,Vadodara,Kandkoi,
13314,Vadodara,Vadodara,Meghakui,
13315,Vadodara,Vadodara,Salad,
13316,Vadodara,Vadodara,Ajitpura,
13317,Vadodara,Vadodara,Dolatpura,
13318,Vadodara,Vadodara,Por,
13319,Vadodara,Vadodara,Raman Gamdi,
13320,Vadodara,Vadodara,Gosindra,
13321,Vadodara,Vadodara,Untiya (Medhad),
13322,Vadodara,Vadodara,Sarar,
13323,Vadodara,Vadodara,Kashipura,
13324,Vadodara,Vadodara,Ankhi,
13325,Vadodara,Vadodara,Fajalpur (Ankhi),
13326,Vadodara,Vadodara,Ramnath,
13327,Vadodara,Vadodara,Rasulpur,
13328,Vadodara,Vadodara,Runvad,
13329,Vadodara,Vadodara,Samsabad,
13330,Vadodara,Vaghodia,Bodidra,
13331,Vadodara,Vaghodia,Rajpura,
13332,Vadodara,Vaghodia,Sarnej,
13333,Vadodara,Vaghodia,Khandiwada,
13334,Vadodara,Vaghodia,Hansapura,
13335,Vadodara,Vaghodia,Asoj,
13336,Vadodara,Vaghodia,Paldi,
13337,Vadodara,Vaghodia,Amreshwar,
13338,Vadodara,Vaghodia,Kamrol,
13339,Vadodara,Vaghodia,Lilora,
13340,Vadodara,Vaghodia,Panch Devla,
13341,Vadodara,Vaghodia,Abhrampura,
13342,Vadodara,Vaghodia,Adiran,
13343,Vadodara,Vaghodia,Karmasiya Kheda,
13344,Vadodara,Vaghodia,Kodarvaya,
13345,Vadodara,Vaghodia,Vyankatpura,
13346,Vadodara,Vaghodia,Amrutpura,
13347,Vadodara,Vaghodia,Rahkui,
13348,Vadodara,Vaghodia,Ganeshpura,
13349,Vadodara,Vaghodia,Bhaniyara,
13350,Vadodara,Vaghodia,Bhaupura,
13351,Vadodara,Vaghodia,Kumetha,
13352,Vadodara,Vaghodia,Kotambi,
13353,Vadodara,Vaghodia,Sakariya,
13354,Vadodara,Vaghodia,Intoli,
13355,Vadodara,Vaghodia,Rasulabad,
13356,Vadodara,Vaghodia,Jafarpura,
13357,Vadodara,Vaghodia,Navgam,
13358,Vadodara,Vaghodia,Gutal,
13359,Vadodara,Vaghodia,Rayan Talavadi,
13360,Vadodara,Vaghodia,Morlipura,
13361,Vadodara,Vaghodia,Sikandarpura,
13362,Vadodara,Vaghodia,Jesangpura,
13363,Vadodara,Vaghodia,Nimetha,
13364,Vadodara,Vaghodia,Raval,
13365,Vadodara,Vaghodia,Sanoli,
13366,Vadodara,Vaghodia,Juna Rampura,
13367,Vadodara,Vaghodia,Nava Rampura,
13368,Vadodara,Vaghodia,Vesaniya,
13369,Vadodara,Vaghodia,Dundelav,
13370,Vadodara,Vaghodia,Valva,
13371,Vadodara,Vaghodia,Hamirpuri,
13372,Vadodara,Vaghodia,Dharola,
13373,Vadodara,Vaghodia,Chipat,
13374,Vadodara,Vaghodia,Gambhirpura,
13375,Vadodara,Vaghodia,Goraj,
13376,Vadodara,Vaghodia,Sangadol,
13377,Vadodara,Vaghodia,Madodhar,
13378,Vadodara,Vaghodia,Nava Ajva,
13379,Vadodara,Vaghodia,Khandha,
13380,Vadodara,Vaghodia,Chipad,
13381,Vadodara,Vaghodia,Navi Jambuvai,
13382,Vadodara,Vaghodia,Bakrol,
13383,Vadodara,Vaghodia,Hanumanpura,
13384,Vadodara,Vaghodia,Shripore Timbi,
13385,Vadodara,Vaghodia,Bhadol Khurd,
13386,Vadodara,Vaghodia,Gajadra,
13387,Vadodara,Vaghodia,Timbi,
13388,Vadodara,Vaghodia,Ghodadra,
13389,Vadodara,Vaghodia,Asha,
13390,Vadodara,Vaghodia,Vedpur,
13391,Vadodara,Vaghodia,Moti Manekpur,
13392,Vadodara,Vaghodia,Nani Manekpur,
13393,Vadodara,Vaghodia,Koba,
13394,Vadodara,Vaghodia,Saidal,
13395,Vadodara,Vaghodia,Vasvel,
13396,Vadodara,Vaghodia,Chandpur,
13397,Vadodara,Vaghodia,Ambali,
13398,Vadodara,Vaghodia,Dankheda,
13399,Vadodara,Vaghodia,Tavra,
13400,Vadodara,Vaghodia,Dattapura,
13401,Vadodara,Vaghodia,Kamlapura,
13402,Vadodara,Vaghodia,Alva,
13403,Vadodara,Vaghodia,Amodar,
13404,Vadodara,Vaghodia,Pavlepur,
13405,Vadodara,Vaghodia,Pipaliya,
13406,Vadodara,Vaghodia,Umarva,
13407,Vadodara,Vaghodia,Mastupura,
13408,Vadodara,Vaghodia,Ropa,
13409,Vadodara,Vaghodia,Limda,
13410,Vadodara,Vaghodia,Madheli,
13411,Vadodara,Vaghodia,Vejalpur,
13412,Vadodara,Vaghodia,Gugalpur,
13413,Vadodara,Vaghodia,Khervadi,
13414,Vadodara,Vaghodia,Kachhota,
13415,Vadodara,Vaghodia,Rustampura,
13416,Vadodara,Vaghodia,Ghoda,
13417,Vadodara,Vaghodia,Nurpuri,
13418,Vadodara,Vaghodia,Tarsva,
13419,Vadodara,Vaghodia,Jambuwada,
13420,Vadodara,Vaghodia,Vyara,
13421,Vadodara,Vaghodia,Falod,
13422,Vadodara,Vaghodia,Antoli,
13423,Vadodara,Vaghodia,Karamliya Pura,
13424,Vadodara,Jetpur Pavi,Kanda,
13425,Vadodara,Jetpur Pavi,Borkanda,
13426,Vadodara,Jetpur Pavi,Chuli,
13427,Vadodara,Jetpur Pavi,Muvada,
13428,Vadodara,Jetpur Pavi,Jogpura (Gadh),
13429,Vadodara,Jetpur Pavi,Gadh,
13430,Vadodara,Jetpur Pavi,Bhikhapura,
13431,Vadodara,Jetpur Pavi,Oliya Kalam,
13432,Vadodara,Jetpur Pavi,Mota Amadra (Kadval),
13433,Vadodara,Jetpur Pavi,Nana Amadra (Kadval),
13434,Vadodara,Jetpur Pavi,Kadval,
13435,Vadodara,Jetpur Pavi,Rajpur (Kadval),
13436,Vadodara,Jetpur Pavi,Khatas,
13437,Vadodara,Jetpur Pavi,Jamba,
13438,Vadodara,Jetpur Pavi,Virpur,
13439,Vadodara,Jetpur Pavi,Samadi,
13440,Vadodara,Jetpur Pavi,Kadvapura,
13441,Vadodara,Jetpur Pavi,Kheda,
13442,Vadodara,Jetpur Pavi,Selva,
13443,Vadodara,Jetpur Pavi,Gundi,
13444,Vadodara,Jetpur Pavi,Zari,
13445,Vadodara,Jetpur Pavi,Kalikui,
13446,Vadodara,Jetpur Pavi,Bhabhar,
13447,Vadodara,Jetpur Pavi,Nani Khandi,
13448,Vadodara,Jetpur Pavi,Pani,
13449,Vadodara,Jetpur Pavi,Vadoth,
13450,Vadodara,Jetpur Pavi,Bar,
13451,Vadodara,Jetpur Pavi,Moti Khandi,
13452,Vadodara,Jetpur Pavi,Satun,
13453,Vadodara,Jetpur Pavi,Ghata,
13454,Vadodara,Jetpur Pavi,Kundal,
13455,Vadodara,Jetpur Pavi,Vasangadh,
13456,Vadodara,Jetpur Pavi,Udhaniya,
13457,Vadodara,Jetpur Pavi,Kevada,
13458,Vadodara,Jetpur Pavi,Jogpura (Dungar),
13459,Vadodara,Jetpur Pavi,Intvada,
13460,Vadodara,Jetpur Pavi,Mudhiyari,
13461,Vadodara,Jetpur Pavi,Kathola,
13462,Vadodara,Jetpur Pavi,Zab (Valothi),
13463,Vadodara,Jetpur Pavi,Narvaniya,
13464,Vadodara,Jetpur Pavi,Bhanpur,
13465,Vadodara,Jetpur Pavi,Hathipagla,
13466,Vadodara,Jetpur Pavi,Raypur,
13467,Vadodara,Jetpur Pavi,Lunaja,
13468,Vadodara,Jetpur Pavi,Dungarvant,
13469,Vadodara,Jetpur Pavi,Ghuntia,
13470,Vadodara,Jetpur Pavi,Ghutanvad,
13471,Vadodara,Jetpur Pavi,Gambhirpura,
13472,Vadodara,Jetpur Pavi,Nani Bej,
13473,Vadodara,Jetpur Pavi,Bhanpuri,
13474,Vadodara,Jetpur Pavi,Magiya,
13475,Vadodara,Jetpur Pavi,Kadvakuva,
13476,Vadodara,Jetpur Pavi,Limbani,
13477,Vadodara,Jetpur Pavi,Bamroli,
13478,Vadodara,Jetpur Pavi,Shivajipura,
13479,Vadodara,Jetpur Pavi,Valothi,
13480,Vadodara,Jetpur Pavi,Vajpur,
13481,Vadodara,Jetpur Pavi,Mota Kantva,
13482,Vadodara,Jetpur Pavi,Nana Kantva,
13483,Vadodara,Jetpur Pavi,Fatepura,
13484,Vadodara,Jetpur Pavi,Vanki,
13485,Vadodara,Jetpur Pavi,Moti Bej,
13486,Vadodara,Jetpur Pavi,Sajod,
13487,Vadodara,Jetpur Pavi,Umarva,
13488,Vadodara,Jetpur Pavi,Khandiya Amadara,
13489,Vadodara,Jetpur Pavi,Uchapan,
13490,Vadodara,Jetpur Pavi,Ghagharpura,
13491,Vadodara,Jetpur Pavi,Segvasimli,
13492,Vadodara,Jetpur Pavi,Fata,
13493,Vadodara,Jetpur Pavi,Koliyari,
13494,Vadodara,Jetpur Pavi,Vaghava,
13495,Vadodara,Jetpur Pavi,Paliya,
13496,Vadodara,Jetpur Pavi,Tarapur,
13497,Vadodara,Jetpur Pavi,Rampura,
13498,Vadodara,Jetpur Pavi,Vav,
13499,Vadodara,Jetpur Pavi,Pavi,
13500,Vadodara,Jetpur Pavi,Moti Rasli,
13501,Vadodara,Jetpur Pavi,Nani Rasli,
13502,Vadodara,Jetpur Pavi,Thalki,
13503,Vadodara,Jetpur Pavi,Dabherai,
13504,Vadodara,Jetpur Pavi,Gogadiya,
13505,Vadodara,Jetpur Pavi,Motipura (Gadoth),
13506,Vadodara,Jetpur Pavi,Nani Bumdi,
13507,Vadodara,Jetpur Pavi,Lodhan,
13508,Vadodara,Jetpur Pavi,Mesara,
13509,Vadodara,Jetpur Pavi,Vankol,
13510,Vadodara,Jetpur Pavi,Sihod,
13511,Vadodara,Jetpur Pavi,Moti Bumdi,
13512,Vadodara,Jetpur Pavi,Patiya,
13513,Vadodara,Jetpur Pavi,Nana Butiyapura,
13514,Vadodara,Jetpur Pavi,Mota Butiyapura,
13515,Vadodara,Jetpur Pavi,Ranbhun,
13516,Vadodara,Jetpur Pavi,Amalpur,
13517,Vadodara,Jetpur Pavi,Gadoth,
13518,Vadodara,Jetpur Pavi,Moti Tejavav,
13519,Vadodara,Jetpur Pavi,Khandivav,
13520,Vadodara,Jetpur Pavi,Pratapnagar,
13521,Vadodara,Jetpur Pavi,Sithol,
13522,Vadodara,Jetpur Pavi,Aniyadri,
13523,Vadodara,Jetpur Pavi,Moti Amrol,
13524,Vadodara,Jetpur Pavi,Sengpur,
13525,Vadodara,Jetpur Pavi,Tamboliya,
13526,Vadodara,Jetpur Pavi,Chudel,
13527,Vadodara,Jetpur Pavi,Ambadi,
13528,Vadodara,Jetpur Pavi,Bhensavahi,
13529,Vadodara,Jetpur Pavi,Suskal,
13530,Vadodara,Jetpur Pavi,Nani Tejavav,
13531,Vadodara,Jetpur Pavi,Kukna,
13532,Vadodara,Jetpur Pavi,Chapargota,
13533,Vadodara,Jetpur Pavi,Jivanpura,
13534,Vadodara,Jetpur Pavi,Timbi,
13535,Vadodara,Jetpur Pavi,Pandhara,
13536,Vadodara,Jetpur Pavi,Visadi,
13537,Vadodara,Jetpur Pavi,Dholivav,
13538,Vadodara,Jetpur Pavi,Jabugam,
13539,Vadodara,Jetpur Pavi,Baravad,
13540,Vadodara,Jetpur Pavi,Harakhpur,
13541,Vadodara,Jetpur Pavi,Kohivav,
13542,Vadodara,Jetpur Pavi,Vavdi,
13543,Vadodara,Jetpur Pavi,Majigam,
13544,Vadodara,Jetpur Pavi,Chhotanagar,
13545,Vadodara,Jetpur Pavi,Ratanpur,
13546,Vadodara,Jetpur Pavi,Khandiyakuva,
13547,Vadodara,Jetpur Pavi,Polanpur,
13548,Vadodara,Jetpur Pavi,Muldhar,
13549,Vadodara,Jetpur Pavi,Tokarva,
13550,Vadodara,Jetpur Pavi,Chachak,
13551,Vadodara,Jetpur Pavi,Simaliya,
13552,Vadodara,Jetpur Pavi,Tadkachhala,
13553,Vadodara,Jetpur Pavi,Vanta,
13554,Vadodara,Jetpur Pavi,Vaddhari,
13555,Vadodara,Jetpur Pavi,Khadakla,
13556,Vadodara,Jetpur Pavi,Vadatalav,
13557,Vadodara,Jetpur Pavi,Gaidiya,
13558,Vadodara,Jetpur Pavi,Sakhandra,
13559,Vadodara,Jetpur Pavi,Devmori,
13560,Vadodara,Jetpur Pavi,Gajra,
13561,Vadodara,Jetpur Pavi,Bordha,
13562,Vadodara,Jetpur Pavi,Degla,
13563,Vadodara,Jetpur Pavi,Pandharva,
13564,Vadodara,Jetpur Pavi,Sajuli,
13565,Vadodara,Jetpur Pavi,Nani Amrol,
13566,Vadodara,Jetpur Pavi,Bandi,
13567,Vadodara,Jetpur Pavi,Kosum,
13568,Vadodara,Jetpur Pavi,Deriya,
13569,Vadodara,Jetpur Pavi,Kalarani,
13570,Vadodara,Jetpur Pavi,Vantada,
13571,Vadodara,Jetpur Pavi,Dharoliya (Sakhandra),
13572,Vadodara,Jetpur Pavi,Kothiya,
13573,Vadodara,Jetpur Pavi,Sadadhari,
13574,Vadodara,Jetpur Pavi,Sherpura,
13575,Vadodara,Jetpur Pavi,Valpari,
13576,Vadodara,Jetpur Pavi,Undva,
13577,Vadodara,Jetpur Pavi,Haripura,
13578,Vadodara,Jetpur Pavi,Karsan,
13579,Vadodara,Jetpur Pavi,Rajpur (Karali),
13580,Vadodara,Jetpur Pavi,Bhindol,
13581,Vadodara,Jetpur Pavi,Dharoliya Bhindol,
13582,Vadodara,Jetpur Pavi,Ambazati,
13583,Vadodara,Jetpur Pavi,Zab (Sajva),
13584,Vadodara,Jetpur Pavi,Ghodiyala,
13585,Vadodara,Jetpur Pavi,Sadhali,
13586,Vadodara,Jetpur Pavi,Pratappura,
13587,Vadodara,Jetpur Pavi,Kavara,
13588,Vadodara,Jetpur Pavi,Chimli,
13589,Vadodara,Jetpur Pavi,Panibar,
13590,Vadodara,Jetpur Pavi,Saloj,
13591,Vadodara,Jetpur Pavi,Ghodaj,
13592,Vadodara,Jetpur Pavi,Mota Amadra (Chhatrali),
13593,Vadodara,Jetpur Pavi,Chundheli,
13594,Vadodara,Jetpur Pavi,Kadachhala,
13595,Vadodara,Jetpur Pavi,Nana Amadra (Chhatrali),
13596,Vadodara,Jetpur Pavi,Chhatrali,
13597,Vadodara,Jetpur Pavi,Karali,
13598,Vadodara,Jetpur Pavi,Thambhla,
13599,Vadodara,Jetpur Pavi,Sajva,
13600,Vadodara,Jetpur Pavi,Ambalag,
13601,Vadodara,Jetpur Pavi,Vankala,
13602,Vadodara,Jetpur Pavi,Karajvant,
13603,Vadodara,Jetpur Pavi,Jitnagar,
13604,Vadodara,Jetpur Pavi,Mora Dungari,
13605,Vadodara,Jetpur Pavi,Navi Rudhi,
13606,Vadodara,Jetpur Pavi,Ferkuva,
13607,Vadodara,Jetpur Pavi,Simal Ghoda,
13608,Vadodara,Jetpur Pavi,Khareda,
13609,Vadodara,Jetpur Pavi,Bhorda,
13610,Vadodara,Jetpur Pavi,Nani Vant,
13611,Vadodara,Jetpur Pavi,Vanadha,
13612,Vadodara,Jetpur Pavi,Juni Rudhi,
13613,Vadodara,Jetpur Pavi,Juna Timbarva,
13614,Vadodara,Jetpur Pavi,Nava Timbarva,
13615,Vadodara,Jetpur Pavi,Badaliya,
13616,Vadodara,Jetpur Pavi,Chalamali,
13617,Vadodara,Jetpur Pavi,Moti Vant,
13618,Vadodara,Jetpur Pavi,Rajvasana,
13619,Vadodara,Jetpur Pavi,Rajbodeli,
13620,Vadodara,Jetpur Pavi,Un,
13621,Vadodara,Jetpur Pavi,Navagam,
13622,Vadodara,Jetpur Pavi,Vadivada,
13623,Vadodara,Jetpur Pavi,Athavali,
13624,Vadodara,Jetpur Pavi,Mavali,
13625,Vadodara,Jetpur Pavi,Bhilvaniya,
13626,Vadodara,Jetpur Pavi,Zoz,
13627,Vadodara,Jetpur Pavi,Unada,
13628,Vadodara,Jetpur Pavi,Untkoi,
13629,Vadodara,Jetpur Pavi,Chethapur,
13630,Vadodara,Jetpur Pavi,Ambakhut,
13631,Vadodara,Jetpur Pavi,Motipura (Kadval),
13632,Vadodara,Jetpur Pavi,Dhanpur,
13633,Vadodara,Jetpur Pavi,Chaina,
13634,Vadodara,Jetpur Pavi,Muthai,
13635,Vadodara,Jetpur Pavi,Sagadra,
13636,Vadodara,Chhota Udaipur,Kevdi,
13637,Vadodara,Chhota Udaipur,Marchipani,
13638,Vadodara,Chhota Udaipur,Singlaja,
13639,Vadodara,Chhota Udaipur,Kakadkund,
13640,Vadodara,Chhota Udaipur,Rinchhvel,
13641,Vadodara,Chhota Udaipur,Dhorkuva,
13642,Vadodara,Chhota Udaipur,Gadola,
13643,Vadodara,Chhota Udaipur,Kothara,
13644,Vadodara,Chhota Udaipur,Mithibor,
13645,Vadodara,Chhota Udaipur,Dobachapura,
13646,Vadodara,Chhota Udaipur,Dholisimel,
13647,Vadodara,Chhota Udaipur,Dungarbhint,
13648,Vadodara,Chhota Udaipur,Limbani,
13649,Vadodara,Chhota Udaipur,Ranikheda,
13650,Vadodara,Chhota Udaipur,Jamli (Jer),
13651,Vadodara,Chhota Udaipur,Dun,
13652,Vadodara,Chhota Udaipur,Vadhvan,
13653,Vadodara,Chhota Udaipur,Mal,
13654,Vadodara,Chhota Udaipur,Dhadagam,
13655,Vadodara,Chhota Udaipur,Kumbhani,
13656,Vadodara,Chhota Udaipur,Navagam,
13657,Vadodara,Chhota Udaipur,Dolariya,
13658,Vadodara,Chhota Udaipur,Guda,
13659,Vadodara,Chhota Udaipur,Mandalva,
13660,Vadodara,Chhota Udaipur,Vachalibhint,
13661,Vadodara,Chhota Udaipur,Bandibhint,
13662,Vadodara,Chhota Udaipur,Alsipur,
13663,Vadodara,Chhota Udaipur,Virpur,
13664,Vadodara,Chhota Udaipur,Lagami,
13665,Vadodara,Chhota Udaipur,Ghoghadev,
13666,Vadodara,Chhota Udaipur,Jadiyana,
13667,Vadodara,Chhota Udaipur,Sanada,
13668,Vadodara,Chhota Udaipur,Koli,
13669,Vadodara,Chhota Udaipur,Ukhalvant,
13670,Vadodara,Chhota Udaipur,Khodvaniya,
13671,Vadodara,Chhota Udaipur,Zoz,
13672,Vadodara,Chhota Udaipur,Zinzarvani,
13673,Vadodara,Chhota Udaipur,Khos,
13674,Vadodara,Chhota Udaipur,Kikawada,
13675,Vadodara,Chhota Udaipur,Palsanda,
13676,Vadodara,Chhota Udaipur,Siloj,
13677,Vadodara,Chhota Udaipur,Malu,
13678,Vadodara,Chhota Udaipur,Bhilpur,
13679,Vadodara,Chhota Udaipur,Chorvana,
13680,Vadodara,Chhota Udaipur,Ozadi,
13681,Vadodara,Chhota Udaipur,Baroj,
13682,Vadodara,Chhota Udaipur,Kachhel (Kanavant),
13683,Vadodara,Chhota Udaipur,Antroli,
13684,Vadodara,Chhota Udaipur,Chiliyavant (Antroli),
13685,Vadodara,Chhota Udaipur,Vagalwada,
13686,Vadodara,Chhota Udaipur,Mithali,
13687,Vadodara,Chhota Udaipur,Gunata,
13688,Vadodara,Chhota Udaipur,Kol,
13689,Vadodara,Chhota Udaipur,Bokadiya,
13690,Vadodara,Chhota Udaipur,Kokadpa,
13691,Vadodara,Chhota Udaipur,Mota Rampura,
13692,Vadodara,Chhota Udaipur,Nana Rampura,
13693,Vadodara,Chhota Udaipur,Odhi,
13694,Vadodara,Chhota Udaipur,Bandala,
13695,Vadodara,Chhota Udaipur,Balavant,
13696,Vadodara,Chhota Udaipur,Rajuvant,
13697,Vadodara,Chhota Udaipur,Diyavant,
13698,Vadodara,Chhota Udaipur,Koliyathar,
13699,Vadodara,Chhota Udaipur,Katarvant,
13700,Vadodara,Chhota Udaipur,Bedvi,
13701,Vadodara,Chhota Udaipur,Chanduvant,
13702,Vadodara,Chhota Udaipur,Kanavant,
13703,Vadodara,Chhota Udaipur,Potiya,
13704,Vadodara,Chhota Udaipur,Ode,
13705,Vadodara,Chhota Udaipur,Achheta,
13706,Vadodara,Chhota Udaipur,Achhala,
13707,Vadodara,Chhota Udaipur,Chichod,
13708,Vadodara,Chhota Udaipur,Rozkuva,
13709,Vadodara,Chhota Udaipur,Devaliya,
13710,Vadodara,Chhota Udaipur,Tejgadh,
13711,Vadodara,Chhota Udaipur,Gungawada,
13712,Vadodara,Chhota Udaipur,Jaloda,
13713,Vadodara,Chhota Udaipur,Vijol,
13714,Vadodara,Chhota Udaipur,Chilarvant,
13715,Vadodara,Chhota Udaipur,Zer,
13716,Vadodara,Chhota Udaipur,Dadigam,
13717,Vadodara,Chhota Udaipur,Chathawada,
13718,Vadodara,Chhota Udaipur,Padaliya,
13719,Vadodara,Chhota Udaipur,Lehvant,
13720,Vadodara,Chhota Udaipur,Hansda,
13721,Vadodara,Chhota Udaipur,Timla,
13722,Vadodara,Chhota Udaipur,Kanas,
13723,Vadodara,Chhota Udaipur,Bhordali,
13724,Vadodara,Chhota Udaipur,Bilvant,
13725,Vadodara,Chhota Udaipur,Rozva,
13726,Vadodara,Chhota Udaipur,Bhorda,
13727,Vadodara,Chhota Udaipur,Simalkuva,
13728,Vadodara,Chhota Udaipur,Khadakwada,
13729,Vadodara,Chhota Udaipur,Rangpur (Zoz),
13730,Vadodara,Chhota Udaipur,Nani Sadhli,
13731,Vadodara,Chhota Udaipur,Chisadiya,
13732,Vadodara,Chhota Udaipur,Harpalpura,
13733,Vadodara,Chhota Udaipur,Nakamli,
13734,Vadodara,Chhota Udaipur,Ambala,
13735,Vadodara,Chhota Udaipur,Vanar,
13736,Vadodara,Chhota Udaipur,Malaja,
13737,Vadodara,Chhota Udaipur,Khajuriya,
13738,Vadodara,Chhota Udaipur,Dumali,
13739,Vadodara,Chhota Udaipur,Talav Faliya,
13740,Vadodara,Chhota Udaipur,Raysingpura (Harvant),
13741,Vadodara,Chhota Udaipur,Maldhi,
13742,Vadodara,Chhota Udaipur,Puniyavant,
13743,Vadodara,Chhota Udaipur,Ekalbara,
13744,Vadodara,Chhota Udaipur,Kasara,
13745,Vadodara,Chhota Udaipur,Jamla,
13746,Vadodara,Chhota Udaipur,Surkheda,
13747,Vadodara,Chhota Udaipur,Dhamodi,
13748,Vadodara,Chhota Udaipur,Sursi,
13749,Vadodara,Chhota Udaipur,Moti Sadhli,
13750,Vadodara,Chhota Udaipur,Judavant,
13751,Vadodara,Chhota Udaipur,Ferkuva,
13752,Vadodara,Chhota Udaipur,Khadkhad,
13753,Vadodara,Chhota Udaipur,Bodgam,
13754,Vadodara,Chhota Udaipur,Tundva,
13755,Vadodara,Chhota Udaipur,Kachhel,
13756,Vadodara,Chhota Udaipur,Vasedi,
13757,Vadodara,Chhota Udaipur,Khuntaliya,
13758,Vadodara,Chhota Udaipur,Dhandhoda,
13759,Vadodara,Chhota Udaipur,Dharmaj,
13760,Vadodara,Chhota Udaipur,Harvant,
13761,Vadodara,Chhota Udaipur,Simal Faliya,
13762,Vadodara,Chhota Udaipur,Padharvant,
13763,Vadodara,Chhota Udaipur,Oliamba,
13764,Vadodara,Chhota Udaipur,Ghelvant,
13765,Vadodara,Chhota Udaipur,Runvad,
13766,Vadodara,Chhota Udaipur,Juna Udaipur,
13767,Vadodara,Chhota Udaipur,Gabadiya,
13768,Vadodara,Chhota Udaipur,Manka (Chhota Udaipur),
13769,Vadodara,Chhota Udaipur,Nalej,
13770,Vadodara,Chhota Udaipur,Bopa,
13771,Vadodara,Chhota Udaipur,Chokdi,
13772,Vadodara,Chhota Udaipur,Bhensa,
13773,Vadodara,Chhota Udaipur,Gondariya,
13774,Vadodara,Chhota Udaipur,Piplej,
13775,Vadodara,Chhota Udaipur,Ganthiya,
13776,Vadodara,Chhota Udaipur,Singla,
13777,Vadodara,Chhota Udaipur,Luni,
13778,Vadodara,Chhota Udaipur,Badvav,
13779,Vadodara,Chhota Udaipur,Tenaliya,
13780,Vadodara,Kavant,Panvad,
13781,Vadodara,Kavant,Sinhada,
13782,Vadodara,Kavant,Palasda,
13783,Vadodara,Kavant,Raychha,
13784,Vadodara,Kavant,Chikhli,
13785,Vadodara,Kavant,Goddha,
13786,Vadodara,Kavant,Gugaliya,
13787,Vadodara,Kavant,Kanalva,
13788,Vadodara,Kavant,Tava,
13789,Vadodara,Kavant,Raypur,
13790,Vadodara,Kavant,Morangana,
13791,Vadodara,Kavant,Asar,
13792,Vadodara,Kavant,Zanzarjol,
13793,Vadodara,Kavant,Singalkuva,
13794,Vadodara,Kavant,Bagaliya,
13795,Vadodara,Kavant,Lalpur,
13796,Vadodara,Kavant,Magala Vant,
13797,Vadodara,Kavant,Mundamor,
13798,Vadodara,Kavant,Rangpur (Kavant),
13799,Vadodara,Kavant,Kherka,
13800,Vadodara,Kavant,Jhilava,
13801,Vadodara,Kavant,Khatiyavant,
13802,Vadodara,Kavant,Manavant,
13803,Vadodara,Kavant,Kaidavant,
13804,Vadodara,Kavant,Dhanpur,
13805,Vadodara,Kavant,Vantda,
13806,Vadodara,Kavant,Rumadiya,
13807,Vadodara,Kavant,Bhumaswada,
13808,Vadodara,Kavant,Kochvad,
13809,Vadodara,Kavant,Bediya,
13810,Vadodara,Kavant,Roddha,
13811,Vadodara,Kavant,Karajvant,
13812,Vadodara,Kavant,Dhanpari,
13813,Vadodara,Kavant,Nani Tokri,
13814,Vadodara,Kavant,Nani Ghodi,
13815,Vadodara,Kavant,Mota Ghoda,
13816,Vadodara,Kavant,Narukot,
13817,Vadodara,Kavant,Mankodi,
13818,Vadodara,Kavant,Mota Vanta,
13819,Vadodara,Kavant,Jaroi,
13820,Vadodara,Kavant,Mandvada,
13821,Vadodara,Kavant,Sodhvad,
13822,Vadodara,Kavant,Uncheda,
13823,Vadodara,Kavant,Khandaniya,
13824,Vadodara,Kavant,Vijli,
13825,Vadodara,Kavant,Chipan,
13826,Vadodara,Kavant,Deri,
13827,Vadodara,Kavant,Baladgam,
13828,Vadodara,Kavant,Moti Tokri,
13829,Vadodara,Kavant,Dungargam,
13830,Vadodara,Kavant,Keldhara,
13831,Vadodara,Kavant,Pipaldi,
13832,Vadodara,Kavant,Pipalda,
13833,Vadodara,Kavant,Titod,
13834,Vadodara,Kavant,Muset (Jamali),
13835,Vadodara,Kavant,Undva,
13836,Vadodara,Kavant,Bordha,
13837,Vadodara,Kavant,Moti Sankal,
13838,Vadodara,Kavant,Chiliyavant (Kavant),
13839,Vadodara,Kavant,Devadh,
13840,Vadodara,Kavant,Kanabeda,
13841,Vadodara,Kavant,Jamba,
13842,Vadodara,Kavant,Bhekhadiya,
13843,Vadodara,Kavant,Nalvant,
13844,Vadodara,Kavant,Gajalavant,
13845,Vadodara,Kavant,Nakvindhiya,
13846,Vadodara,Kavant,Katkavant,
13847,Vadodara,Kavant,Kharamda,
13848,Vadodara,Kavant,Athadungari,
13849,Vadodara,Kavant,Zalavant,
13850,Vadodara,Kavant,Amalvant,
13851,Vadodara,Kavant,Chapariya,
13852,Vadodara,Kavant,Jamli (Muset),
13853,Vadodara,Kavant,Dhaniwada,
13854,Vadodara,Kavant,Samalvant,
13855,Vadodara,Kavant,Amsota,
13856,Vadodara,Kavant,Kasarvav,
13857,Vadodara,Kavant,Dhanivadi,
13858,Vadodara,Kavant,Khandibara,
13859,Vadodara,Kavant,Thadgam,
13860,Vadodara,Kavant,Gaidetha,
13861,Vadodara,Kavant,Thambhala,
13862,Vadodara,Kavant,Patadiya,
13863,Vadodara,Kavant,Vankaner,
13864,Vadodara,Kavant,Usela,
13865,Vadodara,Kavant,Bildha,
13866,Vadodara,Kavant,Saidivasan,
13867,Vadodara,Kavant,Gelesar,
13868,Vadodara,Kavant,Raja Vant,
13869,Vadodara,Kavant,Kakanpur,
13870,Vadodara,Kavant,Julvaniya,
13871,Vadodara,Kavant,Gojariya,
13872,Vadodara,Kavant,Navalja,
13873,Vadodara,Kavant,Chichva,
13874,Vadodara,Kavant,Singalda,
13875,Vadodara,Kavant,Renda,
13876,Vadodara,Kavant,Bheretha,
13877,Vadodara,Kavant,Vagudan,
13878,Vadodara,Kavant,Jamali (Vagudan),
13879,Vadodara,Kavant,Rendi,
13880,Vadodara,Kavant,Hamirpura,
13881,Vadodara,Kavant,Palas Kuva,
13882,Vadodara,Kavant,Vajepur,
13883,Vadodara,Kavant,Nani Chikhli,
13884,Vadodara,Kavant,Aratiya,
13885,Vadodara,Kavant,Tadkachhala,
13886,Vadodara,Kavant,Moti Kadai,
13887,Vadodara,Kavant,Chhodvani,
13888,Vadodara,Kavant,Manka (Kavant),
13889,Vadodara,Kavant,Nakhal,
13890,Vadodara,Kavant,Talav,
13891,Vadodara,Kavant,Hathithan,
13892,Vadodara,Kavant,Borchapda,
13893,Vadodara,Kavant,Umathi,
13894,Vadodara,Kavant,Nana Vanta,
13895,Vadodara,Kavant,Koshta,
13896,Vadodara,Kavant,Bunjar,
13897,Vadodara,Kavant,Raysingpura (Kavant),
13898,Vadodara,Kavant,Mogra,
13899,Vadodara,Kavant,Jaduli,
13900,Vadodara,Kavant,Bhundmariya,
13901,Vadodara,Kavant,Padvani,
13902,Vadodara,Kavant,Karvi,
13903,Vadodara,Kavant,Khasra,
13904,Vadodara,Kavant,Moti Chikhli,
13905,Vadodara,Kavant,Kadipani,
13906,Vadodara,Kavant,Ambadungar,
13907,Vadodara,Kavant,Khandla,
13908,Vadodara,Kavant,Kotbi,
13909,Vadodara,Kavant,Turkheda,
13910,Vadodara,Kavant,Hanf,
13911,Vadodara,Kavant,Pandhariya,
13912,Vadodara,Nasvadi,Chosalpura,
13913,Vadodara,Nasvadi,Dajipura,
13914,Vadodara,Nasvadi,Kothiya,
13915,Vadodara,Nasvadi,Kalidori,
13916,Vadodara,Nasvadi,Kesarpura,
13917,Vadodara,Nasvadi,Damoli,
13918,Vadodara,Nasvadi,Hamirpura,
13919,Vadodara,Nasvadi,Ambapura,
13920,Vadodara,Nasvadi,Bhaka,
13921,Vadodara,Nasvadi,Sindhadiya,
13922,Vadodara,Nasvadi,Khadakiya,
13923,Vadodara,Nasvadi,Khareda,
13924,Vadodara,Nasvadi,Choramal,
13925,Vadodara,Nasvadi,Modhala,
13926,Vadodara,Nasvadi,Dedkiamli,
13927,Vadodara,Nasvadi,Timba,
13928,Vadodara,Nasvadi,Kolamba,
13929,Vadodara,Nasvadi,Velari,
13930,Vadodara,Nasvadi,Vaghiyamahuda,
13931,Vadodara,Nasvadi,Sindhikuva (Chametha),
13932,Vadodara,Nasvadi,Bhagvanpura (Nasvadi),
13933,Vadodara,Nasvadi,Chametha,
13934,Vadodara,Nasvadi,Intiya,
13935,Vadodara,Nasvadi,Mahebutpura,
13936,Vadodara,Nasvadi,Linda,
13937,Vadodara,Nasvadi,Payakoi,
13938,Vadodara,Nasvadi,Kamboya,
13939,Vadodara,Nasvadi,Rampuri,
13940,Vadodara,Nasvadi,Haripura (Nasvadi),
13941,Vadodara,Nasvadi,Anandpuri,
13942,Vadodara,Nasvadi,Chunakhan,
13943,Vadodara,Nasvadi,Vegannar,
13944,Vadodara,Nasvadi,Kukavati,
13945,Vadodara,Nasvadi,Sukapura,
13946,Vadodara,Nasvadi,Piplaj,
13947,Vadodara,Nasvadi,Ratanpura,
13948,Vadodara,Nasvadi,Waghach,
13949,Vadodara,Nasvadi,Dani,
13950,Vadodara,Nasvadi,Pankhada (Khichadiya),
13951,Vadodara,Nasvadi,Matora,
13952,Vadodara,Nasvadi,Khichadiya (Maldungra),
13953,Vadodara,Nasvadi,Bhil Boriyad,
13954,Vadodara,Nasvadi,Khadakiya (Boriyad),
13955,Vadodara,Nasvadi,Sodhaliya,
13956,Vadodara,Nasvadi,Palasani,
13957,Vadodara,Nasvadi,Jajva,
13958,Vadodara,Nasvadi,Sodat,
13959,Vadodara,Nasvadi,Tadkachhla,
13960,Vadodara,Nasvadi,Kandva,
13961,Vadodara,Nasvadi,Koyari,
13962,Vadodara,Nasvadi,Valpura,
13963,Vadodara,Nasvadi,Akona,
13964,Vadodara,Nasvadi,Pothlipura,
13965,Vadodara,Nasvadi,Dhamasiya,
13966,Vadodara,Nasvadi,Ghodisimel,
13967,Vadodara,Nasvadi,Bedikuva,
13968,Vadodara,Nasvadi,Rayasingpura,
13969,Vadodara,Nasvadi,Jitpura,
13970,Vadodara,Nasvadi,Nannupura,
13971,Vadodara,Nasvadi,Kelaniya,
13972,Vadodara,Nasvadi,Vadiya (Sodhaliya),
13973,Vadodara,Nasvadi,Moradiya,
13974,Vadodara,Nasvadi,Kakadvani,
13975,Vadodara,Nasvadi,Khokhara,
13976,Vadodara,Nasvadi,Haripura (Boriyad),
13977,Vadodara,Nasvadi,Koli Boriyad,
13978,Vadodara,Nasvadi,Raneda,
13979,Vadodara,Nasvadi,Kalkoch,
13980,Vadodara,Nasvadi,Borvani,
13981,Vadodara,Nasvadi,Vankla,
13982,Vadodara,Nasvadi,Patadiya,
13983,Vadodara,Nasvadi,Bofa,
13984,Vadodara,Nasvadi,Dhandhaniya,
13985,Vadodara,Nasvadi,Dhaniya Umarva,
13986,Vadodara,Nasvadi,Chhaktar Umarva,
13987,Vadodara,Nasvadi,Sengpur,
13988,Vadodara,Nasvadi,Saripani,
13989,Vadodara,Nasvadi,Kandha,
13990,Vadodara,Nasvadi,Rajpura,
13991,Vadodara,Nasvadi,Dholi Kotardi,
13992,Vadodara,Nasvadi,Thunpura,
13993,Vadodara,Nasvadi,Karamdi,
13994,Vadodara,Nasvadi,Vantda,
13995,Vadodara,Nasvadi,Pochamba,
13996,Vadodara,Nasvadi,Khodiya,
13997,Vadodara,Nasvadi,Palsar,
13998,Vadodara,Nasvadi,Pala,
13999,Vadodara,Nasvadi,Kolu,
14000,Vadodara,Nasvadi,Bharoswadi,
14001,Vadodara,Nasvadi,Vadiya,
14002,Vadodara,Nasvadi,Jemalgadh,
14003,Vadodara,Nasvadi,Kankuvasan,
14004,Vadodara,Nasvadi,Vadadli,
14005,Vadodara,Nasvadi,Zarkhali,
14006,Vadodara,Nasvadi,Amroli,
14007,Vadodara,Nasvadi,Sandhiya,
14008,Vadodara,Nasvadi,Khambhayta,
14009,Vadodara,Nasvadi,Navagam (Nani Navagami),
14010,Vadodara,Nasvadi,Chandanpura,
14011,Vadodara,Nasvadi,Umarkoi,
14012,Vadodara,Nasvadi,Zer,
14013,Vadodara,Nasvadi,Borkhad,
14014,Vadodara,Nasvadi,Batupalasadi,
14015,Vadodara,Nasvadi,Kamlavasan,
14016,Vadodara,Nasvadi,Dabhen,
14017,Vadodara,Nasvadi,Simalkhadu,
14018,Vadodara,Nasvadi,Bagaliya,
14019,Vadodara,Nasvadi,Vaguma,
14020,Vadodara,Nasvadi,Ramapalasadi,
14021,Vadodara,Nasvadi,Ratakadav,
14022,Vadodara,Nasvadi,Jamli,
14023,Vadodara,Nasvadi,Ranipura,
14024,Vadodara,Nasvadi,Raypur,
14025,Vadodara,Nasvadi,Bharwada,
14026,Vadodara,Nasvadi,Baroli,
14027,Vadodara,Nasvadi,Khapariya,
14028,Vadodara,Nasvadi,Roziya,
14029,Vadodara,Nasvadi,Sindhikuva (Roziya),
14030,Vadodara,Nasvadi,Botiyakuva,
14031,Vadodara,Nasvadi,Kadikuva,
14032,Vadodara,Nasvadi,Haripura(Vadeshiya),
14033,Vadodara,Nasvadi,Chhaththiamli,
14034,Vadodara,Nasvadi,Bhutkhan,
14035,Vadodara,Nasvadi,Khushalpura,
14036,Vadodara,Nasvadi,Undakotar,
14037,Vadodara,Nasvadi,Vandriya,
14038,Vadodara,Nasvadi,Chhevat,
14039,Vadodara,Nasvadi,Hanlli,
14040,Vadodara,Nasvadi,Nana Vant,
14041,Vadodara,Nasvadi,Vasvani,
14042,Vadodara,Nasvadi,Chhalvant,
14043,Vadodara,Nasvadi,Nani Kadai,
14044,Vadodara,Nasvadi,Bari Mahuda,
14045,Vadodara,Nasvadi,Dughdha,
14046,Vadodara,Nasvadi,Ghutiya Amba,
14047,Vadodara,Nasvadi,Bhangiyavad,
14048,Vadodara,Nasvadi,Ratanpura (Kaprali),
14049,Vadodara,Nasvadi,Nani Zari,
14050,Vadodara,Nasvadi,Bilgam,
14051,Vadodara,Nasvadi,Moti Zari,
14052,Vadodara,Nasvadi,Simel,
14053,Vadodara,Nasvadi,Gadh,
14054,Vadodara,Nasvadi,Samarpura,
14055,Vadodara,Nasvadi,Vadeshiya,
14056,Vadodara,Nasvadi,Pani Mahuda,
14057,Vadodara,Nasvadi,Sankal(Tankhala),
14058,Vadodara,Nasvadi,Tankhala,
14059,Vadodara,Nasvadi,Shankarvav,
14060,Vadodara,Nasvadi,Kasumbiya,
14061,Vadodara,Nasvadi,Khokhra (Tankhala),
14062,Vadodara,Nasvadi,Nakhalpur,
14063,Vadodara,Nasvadi,Jakshi,
14064,Vadodara,Nasvadi,Ghatasa,
14065,Vadodara,Nasvadi,Fatepur,
14066,Vadodara,Nasvadi,Goyavant (Rengani),
14067,Vadodara,Nasvadi,Lavakoi,
14068,Vadodara,Nasvadi,Katkuva,
14069,Vadodara,Nasvadi,Fulwadi,
14070,Vadodara,Nasvadi,Ghoda,
14071,Vadodara,Nasvadi,Tarol,
14072,Vadodara,Nasvadi,Mediya,
14073,Vadodara,Nasvadi,Dhamaniya Amba,
14074,Vadodara,Nasvadi,Andhani,
14075,Vadodara,Nasvadi,Khermal,
14076,Vadodara,Nasvadi,Nani Jaduli,
14077,Vadodara,Nasvadi,Ghatamali,
14078,Vadodara,Nasvadi,Kaduli Mahudi,
14079,Vadodara,Nasvadi,Viyavant,
14080,Vadodara,Nasvadi,Reliya Amba,
14081,Vadodara,Nasvadi,Pisayata (Digneol),
14082,Vadodara,Nasvadi,Hariyabar,
14083,Vadodara,Nasvadi,Bhagvanpura (Pankhada),
14084,Vadodara,Nasvadi,Jitnagar,
14085,Vadodara,Nasvadi,Jamba (Jivanpura),
14086,Vadodara,Nasvadi,Vanki Khakhar,
14087,Vadodara,Nasvadi,Jambughoda,
14088,Vadodara,Nasvadi,Kaliyapura,
14089,Vadodara,Nasvadi,Simaliya,
14090,Vadodara,Nasvadi,Suklivasan,
14091,Vadodara,Nasvadi,Ambada,
14092,Vadodara,Nasvadi,Pankhada (Jitnagar),
14093,Vadodara,Nasvadi,Narda,
14094,Vadodara,Nasvadi,Kukarda,
14095,Vadodara,Nasvadi,Sankal,
14096,Vadodara,Nasvadi,Gheswadi,
14097,Vadodara,Nasvadi,Dekoch,
14098,Vadodara,Nasvadi,Chavariya,
14099,Vadodara,Nasvadi,Sindhipani,
14100,Vadodara,Nasvadi,Khetanbar,
14101,Vadodara,Nasvadi,Kevadi,
14102,Vadodara,Nasvadi,Sariyapani,
14103,Vadodara,Nasvadi,Radhani Pani,
14104,Vadodara,Nasvadi,Kantiyabar,
14105,Vadodara,Nasvadi,Kumetha,
14106,Vadodara,Nasvadi,Dharsimel,
14107,Vadodara,Nasvadi,Nishana,
14108,Vadodara,Nasvadi,Ranbor,
14109,Vadodara,Nasvadi,Budha Jaldhuni,
14110,Vadodara,Nasvadi,Matha Jaldhuni,
14111,Vadodara,Nasvadi,Amta,
14112,Vadodara,Nasvadi,Udet,
14113,Vadodara,Nasvadi,Harkhod,
14114,Vadodara,Nasvadi,Talav,
14115,Vadodara,Nasvadi,Kunda,
14116,Vadodara,Nasvadi,Ganiyar Bari,
14117,Vadodara,Nasvadi,Wadia (Lavakoi),
14118,Vadodara,Nasvadi,Khokhra(Lavakoi),
14119,Vadodara,Nasvadi,Dabba,
14120,Vadodara,Nasvadi,Piplvani,
14121,Vadodara,Nasvadi,Chhoti Umer,
14122,Vadodara,Nasvadi,Khenda,
14123,Vadodara,Nasvadi,Sankadibari,
14124,Vadodara,Nasvadi,Kuppa,
14125,Vadodara,Nasvadi,Dhumna,
14126,Vadodara,Nasvadi,Chharbara,
14127,Vadodara,Nasvadi,Antras,
14128,Vadodara,Nasvadi,Kadada (Girkheda),
14129,Vadodara,Nasvadi,Ferkada (Kharkhada),
14130,Vadodara,Sankheda,Sagava,
14131,Vadodara,Sankheda,Zand,
14132,Vadodara,Sankheda,Lanbhiya,
14133,Vadodara,Sankheda,Mota Raska,
14134,Vadodara,Sankheda,Bobdakuva,
14135,Vadodara,Sankheda,Nani Raski,
14136,Vadodara,Sankheda,Kathiyari,
14137,Vadodara,Sankheda,Jesingpura,
14138,Vadodara,Sankheda,Motipura,
14139,Vadodara,Sankheda,Gajipura,
14140,Vadodara,Sankheda,Targol,
14141,Vadodara,Sankheda,Rajpari,
14142,Vadodara,Sankheda,Achhali,
14143,Vadodara,Sankheda,Vandarda,
14144,Vadodara,Sankheda,Khandiya,
14145,Vadodara,Sankheda,Kharakuva,
14146,Vadodara,Sankheda,Pachisgam,
14147,Vadodara,Sankheda,Bamkui,
14148,Vadodara,Sankheda,Morakhala,
14149,Vadodara,Sankheda,Ratanpur (Thana),
14150,Vadodara,Sankheda,Kathmandva,
14151,Vadodara,Sankheda,Navapura,
14152,Vadodara,Sankheda,Rajkherva,
14153,Vadodara,Sankheda,Kherva,
14154,Vadodara,Sankheda,Zankharpura,
14155,Vadodara,Sankheda,Salpura,
14156,Vadodara,Sankheda,Samdhi,
14157,Vadodara,Sankheda,Garol,
14158,Vadodara,Sankheda,Kundiuncha Kalam,
14159,Vadodara,Sankheda,Laved,
14160,Vadodara,Sankheda,Sanoli,
14161,Vadodara,Sankheda,Fata,
14162,Vadodara,Sankheda,Khokhariveri,
14163,Vadodara,Sankheda,Malu,
14164,Vadodara,Sankheda,Kandevar,
14165,Vadodara,Sankheda,Dormar,
14166,Vadodara,Sankheda,Kundi Tappe Bahadarpur,
14167,Vadodara,Sankheda,Surya,
14168,Vadodara,Sankheda,Pitha,
14169,Vadodara,Sankheda,Patna,
14170,Vadodara,Sankheda,Bamroli,
14171,Vadodara,Sankheda,Kadila,
14172,Vadodara,Sankheda,Dhokaliya,
14173,Vadodara,Sankheda,Modasar,
14174,Vadodara,Sankheda,Ajali,
14175,Vadodara,Sankheda,Alhadpura,
14176,Vadodara,Sankheda,Mankani,
14177,Vadodara,Sankheda,Pichhuwada,
14178,Vadodara,Sankheda,Jojva,
14179,Vadodara,Sankheda,Bhadrali,
14180,Vadodara,Sankheda,Bhulvan,
14181,Vadodara,Sankheda,Undi,
14182,Vadodara,Sankheda,Lotiya,
14183,Vadodara,Sankheda,Kavitha,
14184,Vadodara,Sankheda,Hareshwar,
14185,Vadodara,Sankheda,Kasumbiya,
14186,Vadodara,Sankheda,Anandpura,
14187,Vadodara,Sankheda,Kanteshwar,
14188,Vadodara,Sankheda,Gola Gamdi,
14189,Vadodara,Sankheda,Manjrol,
14190,Vadodara,Sankheda,Chhuchhapura,
14191,Vadodara,Sankheda,Akhatyarpura,
14192,Vadodara,Sankheda,Nurpur,
14193,Vadodara,Sankheda,Vadeli,
14194,Vadodara,Sankheda,Biliya,
14195,Vadodara,Sankheda,Fafat,
14196,Vadodara,Sankheda,Ganeshvad,
14197,Vadodara,Sankheda,Vaniyadri,
14198,Vadodara,Sankheda,Saniyadari,
14199,Vadodara,Sankheda,Tandalja,
14200,Vadodara,Sankheda,Bhojpur,
14201,Vadodara,Sankheda,Patalpur,
14202,Vadodara,Sankheda,Ladhod,
14203,Vadodara,Sankheda,Fajalpur,
14204,Vadodara,Sankheda,Shekhanpur,
14205,Vadodara,Sankheda,Talakpur,
14206,Vadodara,Sankheda,Fatepur,
14207,Vadodara,Sankheda,Gojpur,
14208,Vadodara,Sankheda,Sankheda,
14209,Vadodara,Sankheda,Bahadarpur,
14210,Vadodara,Sankheda,Vadadli,
14211,Vadodara,Sankheda,Nagarwada,
14212,Vadodara,Sankheda,Akakheda,
14213,Vadodara,Sankheda,Dholi,
14214,Vadodara,Sankheda,Morad,
14215,Vadodara,Sankheda,Sunderpura,
14216,Vadodara,Sankheda,Ambapura,
14217,Vadodara,Sankheda,Dholpur,
14218,Vadodara,Sankheda,Jogipura,
14219,Vadodara,Sankheda,Dharoli,
14220,Vadodara,Sankheda,Chhatrapura,
14221,Vadodara,Sankheda,Geharpura,
14222,Vadodara,Sankheda,Khodiya,
14223,Vadodara,Sankheda,Vadadla (Chorangla),
14224,Vadodara,Sankheda,Amroli,
14225,Vadodara,Sankheda,Ghoda (Chorangla),
14226,Vadodara,Sankheda,Timbi,
14227,Vadodara,Sankheda,Sarsinda (Chhachha),
14228,Vadodara,Sankheda,Hansapura,
14229,Vadodara,Sankheda,Manpur,
14230,Vadodara,Sankheda,Handod,
14231,Vadodara,Sankheda,Pipalsat,
14232,Vadodara,Sankheda,Aritha,
14233,Vadodara,Sankheda,Govindpura,
14234,Vadodara,Sankheda,Gundicha,
14235,Vadodara,Sankheda,Raipur,
14236,Vadodara,Sankheda,Pipaliya,
14237,Vadodara,Sankheda,Malpur,
14238,Vadodara,Sankheda,Gunder,
14239,Vadodara,Sankheda,Khandupura,
14240,Vadodara,Sankheda,Zampa,
14241,Vadodara,Sankheda,Vejaliya,
14242,Vadodara,Sankheda,Sarsinda (Jharvan),
14243,Vadodara,Sankheda,Deroli,
14244,Vadodara,Sankheda,Sarsinda (Cho),
14245,Vadodara,Sankheda,Kapadiya,
14246,Vadodara,Sankheda,Chhachhadra,
14247,Vadodara,Sankheda,Panej,
14248,Vadodara,Sankheda,Savjipura,
14249,Vadodara,Sankheda,Desan,
14250,Vadodara,Sankheda,Ramsingpura,
14251,Vadodara,Sankheda,Kuberpura,
14252,Vadodara,Sankheda,Chorangla,
14253,Vadodara,Sankheda,Vatvatiya,
14254,Vadodara,Sankheda,Kachhata,
14255,Vadodara,Sankheda,Bhatpur,
14256,Vadodara,Sankheda,Timba,
14257,Vadodara,Sankheda,Khunvad,
14258,Vadodara,Sankheda,Damapura,
14259,Vadodara,Sankheda,Saradiya,
14260,Vadodara,Sankheda,Kadvakui,
14261,Vadodara,Sankheda,Mobhiya,
14262,Vadodara,Sankheda,Ratanpur (Kamaraj),
14263,Vadodara,Sankheda,Damoli,
14264,Vadodara,Sankheda,Kotali,
14265,Vadodara,Sankheda,Tanakhala,
14266,Vadodara,Sankheda,Divalipura,
14267,Vadodara,Sankheda,Rampura,
14268,Vadodara,Sankheda,Vadiya (Bihora),
14269,Vadodara,Sankheda,Karali,
14270,Vadodara,Sankheda,Pratappura,
14271,Vadodara,Sankheda,Vadiya (Raipur),
14272,Vadodara,Sankheda,Ghoda (Bo),
14273,Vadodara,Sankheda,Bor Talav,
14274,Vadodara,Sankheda,Indral,
14275,Vadodara,Sankheda,Vaghetha,
14276,Vadodara,Sankheda,Sardarpura,
14277,Vadodara,Sankheda,Sargi,
14278,Vadodara,Sankheda,Kosindra,
14279,Vadodara,Sankheda,Chikhodra,
14280,Vadodara,Sankheda,Vasana,
14281,Vadodara,Sankheda,Vadadla,
14282,Vadodara,Sankheda,Lachhras,
14283,Vadodara,Sankheda,Ramsari,
14284,Vadodara,Sankheda,Sarangpur,
14285,Vadodara,Sankheda,Amarpur,
14286,Vadodara,Sankheda,Padvan,
14287,Vadodara,Sankheda,Kanakuva,
14288,Vadodara,Sankheda,Shree Gam Kanbi,
14289,Vadodara,Sankheda,Shreegam Dhanka,
14290,Vadodara,Sankheda,Garda,
14291,Vadodara,Sankheda,Ghelpur,
14292,Vadodara,Sankheda,Gaydiya,
14293,Vadodara,Sankheda,Nandpur,
14294,Vadodara,Sankheda,Bihora,
14295,Vadodara,Sankheda,Kashipura,
14296,Vadodara,Sankheda,Sajanpura,
14297,Vadodara,Sankheda,Chamarwada,
14298,Vadodara,Sankheda,Vasan (Sevada),
14299,Vadodara,Sankheda,Angari,
14300,Vadodara,Sankheda,Gamdi Shekhlal,
14301,Vadodara,Sankheda,Katholi,
14302,Vadodara,Sankheda,Dudhpur,
14303,Vadodara,Sankheda,Virampura,
14304,Vadodara,Sankheda,Chandpur,
14305,Vadodara,Sankheda,Sanadhara,
14306,Vadodara,Sankheda,Velpur,
14307,Vadodara,Sankheda,Soytha,
14308,Vadodara,Sankheda,Songir,
14309,Vadodara,Sankheda,Kothiya,
14310,Vadodara,Sankheda,Ghantoli,
14311,Vadodara,Sankheda,Parvata,
14312,Vadodara,Sankheda,Taleti,
14313,Vadodara,Sankheda,Lunadra,
14314,Vadodara,Sankheda,Sinhadra,
14315,Vadodara,Dabhoi,Mosampura,
14316,Vadodara,Dabhoi,Mahmadpura,
14317,Vadodara,Dabhoi,Palaswada,
14318,Vadodara,Dabhoi,Rasulpura,
14319,Vadodara,Dabhoi,Malharpura,
14320,Vadodara,Dabhoi,Saguwada,
14321,Vadodara,Dabhoi,Kunvarwada,
14322,Vadodara,Dabhoi,Vanadra,
14323,Vadodara,Dabhoi,Mavli,
14324,Vadodara,Dabhoi,Bhavpura,
14325,Vadodara,Dabhoi,Valipura,
14326,Vadodara,Dabhoi,Kundhela,
14327,Vadodara,Dabhoi,Baherampura,
14328,Vadodara,Dabhoi,Navapur,
14329,Vadodara,Dabhoi,Bhilapur,
14330,Vadodara,Dabhoi,Vayadpur,
14331,Vadodara,Dabhoi,Abdalapura,
14332,Vadodara,Dabhoi,Kaddharapura,
14333,Vadodara,Dabhoi,Kaddhara,
14334,Vadodara,Dabhoi,Dholar,
14335,Vadodara,Dabhoi,Karali,
14336,Vadodara,Dabhoi,Karalipura,
14337,Vadodara,Dabhoi,Naranpura,
14338,Vadodara,Dabhoi,Bamboj,
14339,Vadodara,Dabhoi,Amreshwar,
14340,Vadodara,Dabhoi,Lunadra,
14341,Vadodara,Dabhoi,Simaliya,
14342,Vadodara,Dabhoi,Sunvalja,
14343,Vadodara,Dabhoi,Dangiwada,
14344,Vadodara,Dabhoi,Pragpura,
14345,Vadodara,Dabhoi,Vasaipura,
14346,Vadodara,Dabhoi,Vasai,
14347,Vadodara,Dabhoi,Gojali,
14348,Vadodara,Dabhoi,Banaiya,
14349,Vadodara,Dabhoi,Rajli,
14350,Vadodara,Dabhoi,Anguthan,
14351,Vadodara,Dabhoi,Nariya,
14352,Vadodara,Dabhoi,Thuvavi,
14353,Vadodara,Dabhoi,Ambav,
14354,Vadodara,Dabhoi,Puda,
14355,Vadodara,Dabhoi,Hansapura,
14356,Vadodara,Dabhoi,Kajapur,
14357,Vadodara,Dabhoi,Morpura,
14358,Vadodara,Dabhoi,Pansoli,
14359,Vadodara,Dabhoi,Akotadar,
14360,Vadodara,Dabhoi,Gopalpura,
14361,Vadodara,Dabhoi,Vadhvana,
14362,Vadodara,Dabhoi,Samsherpura,
14363,Vadodara,Dabhoi,Kukad,
14364,Vadodara,Dabhoi,Timbi,
14365,Vadodara,Dabhoi,Tarsana,
14366,Vadodara,Dabhoi,Fartikui,
14367,Vadodara,Dabhoi,Vega,
14368,Vadodara,Dabhoi,Nada,
14369,Vadodara,Dabhoi,Borbar,
14370,Vadodara,Dabhoi,Thikariya,
14371,Vadodara,Dabhoi,Dangikuva,
14372,Vadodara,Dabhoi,Khanpur,
14373,Vadodara,Dabhoi,Chhatral,
14374,Vadodara,Dabhoi,Sejpura,
14375,Vadodara,Dabhoi,Vakhatpura,
14376,Vadodara,Dabhoi,Baripura,
14377,Vadodara,Dabhoi,Tharvasa,
14378,Vadodara,Dabhoi,Boriyad,
14379,Vadodara,Dabhoi,Karnet,
14380,Vadodara,Dabhoi,Bhimpura (Kukad),
14381,Vadodara,Dabhoi,Juni Mangrol,
14382,Vadodara,Dabhoi,Navi Mangrol,
14383,Vadodara,Dabhoi,Dharmpuri,
14384,Vadodara,Dabhoi,Gamdi (Kanayada),
14385,Vadodara,Dabhoi,Sathod,
14386,Vadodara,Dabhoi,Habipura,
14387,Vadodara,Dabhoi,Kothara,
14388,Vadodara,Dabhoi,Kunvarpura,
14389,Vadodara,Dabhoi,Menpura,
14390,Vadodara,Dabhoi,Puniyad,
14391,Vadodara,Dabhoi,Fofaliya,
14392,Vadodara,Dabhoi,Sultanpura,
14393,Vadodara,Dabhoi,Parikha,
14394,Vadodara,Dabhoi,Mandala,
14395,Vadodara,Dabhoi,Kanayada,
14396,Vadodara,Dabhoi,Sitpur,
14397,Vadodara,Dabhoi,Bhilodiya,
14398,Vadodara,Dabhoi,Dharmapura,
14399,Vadodara,Dabhoi,Para,
14400,Vadodara,Dabhoi,Surajghoda,
14401,Vadodara,Dabhoi,Asgol,
14402,Vadodara,Dabhoi,Araniya,
14403,Vadodara,Dabhoi,Nagdol,
14404,Vadodara,Dabhoi,Asodara,
14405,Vadodara,Dabhoi,Chanwada,
14406,Vadodara,Dabhoi,Ordi,
14407,Vadodara,Dabhoi,Vadaj,
14408,Vadodara,Dabhoi,Ten Talav,
14409,Vadodara,Dabhoi,Shirola,
14410,Vadodara,Dabhoi,Pisai,
14411,Vadodara,Dabhoi,Karmal,
14412,Vadodara,Dabhoi,Kayavarohan,
14413,Vadodara,Dabhoi,Lingsthali,
14414,Vadodara,Dabhoi,Bananj,
14415,Vadodara,Dabhoi,Manpur,
14416,Vadodara,Dabhoi,Rajpura,
14417,Vadodara,Dabhoi,Paragam,
14418,Vadodara,Dabhoi,Akoti,
14419,Vadodara,Dabhoi,Sompura,
14420,Vadodara,Dabhoi,Bhumasiya,
14421,Vadodara,Dabhoi,Gumanpura,
14422,Vadodara,Dabhoi,Sanor,
14423,Vadodara,Dabhoi,Mandva,
14424,Vadodara,Dabhoi,Fulwadi,
14425,Vadodara,Dabhoi,Jesangpura,
14426,Vadodara,Dabhoi,Bhalodra,
14427,Vadodara,Dabhoi,Baglipura,
14428,Vadodara,Dabhoi,Gamdi,
14429,Vadodara,Dabhoi,Chandod,
14430,Vadodara,Dabhoi,Bhimpura,
14431,Vadodara,Dabhoi,Nanderiya,
14432,Vadodara,Dabhoi,Karnali,
14433,Vadodara,Padra,Mahmadpura,
14434,Vadodara,Padra,Jaspur,
14435,Vadodara,Padra,Sangma,
14436,Vadodara,Padra,Tajpura,
14437,Vadodara,Padra,Luna,
14438,Vadodara,Padra,Umaraya,
14439,Vadodara,Padra,Ekalbara,
14440,Vadodara,Padra,Mujpur,
14441,Vadodara,Padra,Sultanpura,
14442,Vadodara,Padra,Dabka,
14443,Vadodara,Padra,Pavda,
14444,Vadodara,Padra,Chokari,
14445,Vadodara,Padra,Tithor,
14446,Vadodara,Padra,Dudhwada,
14447,Vadodara,Padra,Karkhadi,
14448,Vadodara,Padra,Majatan,
14449,Vadodara,Padra,Somjipura,
14450,Vadodara,Padra,Narsipura,
14451,Vadodara,Padra,Dhobikuwa,
14452,Vadodara,Padra,Mahuvad,
14453,Vadodara,Padra,Dabhasa,
14454,Vadodara,Padra,Sokhdakhurd,
14455,Vadodara,Padra,Patod,
14456,Vadodara,Padra,Darapura,
14457,Vadodara,Padra,Ghayaj,
14458,Vadodara,Padra,Latipura,
14459,Vadodara,Padra,Ranu,
14460,Vadodara,Padra,Bhoj,
14461,Vadodara,Padra,Vadu,
14462,Vadodara,Padra,Vishrampura,
14463,Vadodara,Padra,Sandha,
14464,Vadodara,Padra,Chitral,
14465,Vadodara,Padra,Brahmanvasi,
14466,Vadodara,Padra,Masar,
14467,Vadodara,Padra,Gametha,
14468,Vadodara,Padra,Gavasad,
14469,Vadodara,Padra,Lola,
14470,Vadodara,Padra,Muval,
14471,Vadodara,Padra,Karnakuva,
14472,Vadodara,Padra,Vadadla,
14473,Vadodara,Padra,Pipli,
14474,Vadodara,Padra,Sejakuva,
14475,Vadodara,Padra,Goriyad,
14476,Vadodara,Padra,Sareja,
14477,Vadodara,Padra,Chansad,
14478,Vadodara,Padra,Madapur,
14479,Vadodara,Padra,Amla,
14480,Vadodara,Padra,Sadhi,
14481,Vadodara,Padra,Anti,
14482,Vadodara,Padra,Rajupura,
14483,Vadodara,Padra,Jalalpur,
14484,Vadodara,Padra,Kural,
14485,Vadodara,Padra,Kanzat,
14486,Vadodara,Padra,Abhol,
14487,Vadodara,Padra,Pindapa,
14488,Vadodara,Padra,Mobha,
14489,Vadodara,Padra,Sadra,
14490,Vadodara,Padra,Kalyankui,
14491,Vadodara,Padra,Ambada,
14492,Vadodara,Padra,Bhadara,
14493,Vadodara,Padra,Saras Vani,
14494,Vadodara,Padra,Shihor,
14495,Vadodara,Padra,Thikariya Mubarak,
14496,Vadodara,Padra,Virpur,
14497,Vadodara,Padra,Medhad,
14498,Vadodara,Padra,Husepur,
14499,Vadodara,Padra,Bhadari,
14500,Vadodara,Padra,Gayapura,
14501,Vadodara,Padra,Kanda,
14502,Vadodara,Padra,Shanpur,
14503,Vadodara,Padra,Sampla,
14504,Vadodara,Padra,Danoli,
14505,Vadodara,Padra,Bhanpur,
14506,Vadodara,Padra,Vanchhara,
14507,Vadodara,Padra,Kotna,
14508,Vadodara,Padra,Shahera,
14509,Vadodara,Padra,Thikariya Math,
14510,Vadodara,Padra,Sadad,
14511,Vadodara,Padra,Kothwada,
14512,Vadodara,Padra,Vasnaref,
14513,Vadodara,Padra,Nedra,
14514,Vadodara,Padra,Sokhdaraghu,
14515,Vadodara,Karjan,Virjai,
14516,Vadodara,Karjan,Abhara,
14517,Vadodara,Karjan,Sambhoi,
14518,Vadodara,Karjan,Surwada,
14519,Vadodara,Karjan,Manpur,
14520,Vadodara,Karjan,Pingalwada,
14521,Vadodara,Karjan,Harsunda,
14522,Vadodara,Karjan,Bamangam,
14523,Vadodara,Karjan,Manglej,
14524,Vadodara,Karjan,Kherda,
14525,Vadodara,Karjan,Anastu,
14526,Vadodara,Karjan,Kurai,
14527,Vadodara,Karjan,Khandha,
14528,Vadodara,Karjan,Handod,
14529,Vadodara,Karjan,Kanabha,
14530,Vadodara,Karjan,Chorbhuj,
14531,Vadodara,Karjan,Umaj,
14532,Vadodara,Karjan,Sanpa,
14533,Vadodara,Karjan,Bodaka,
14534,Vadodara,Karjan,Kambola,
14535,Vadodara,Karjan,Karamadi,
14536,Vadodara,Karjan,Kandari,
14537,Vadodara,Karjan,Dhanora,
14538,Vadodara,Karjan,Gandhara,
14539,Vadodara,Karjan,Ganpatpura,
14540,Vadodara,Karjan,Vemardi,
14541,Vadodara,Karjan,Navi Jithardi,
14542,Vadodara,Karjan,Juni Jitharadi,
14543,Vadodara,Karjan,Miyagam,
14544,Vadodara,Karjan,Mangrol,
14545,Vadodara,Karjan,Dhamanja,
14546,Vadodara,Karjan,Lakodara,
14547,Vadodara,Karjan,Vadava,
14548,Vadodara,Karjan,Bharthana,
14549,Vadodara,Karjan,Bharthali,
14550,Vadodara,Karjan,Dhavat,
14551,Vadodara,Karjan,Kurali,
14552,Vadodara,Karjan,Vemar,
14553,Vadodara,Karjan,Kothav,
14554,Vadodara,Karjan,Kasampur,
14555,Vadodara,Karjan,Sandarna,
14556,Vadodara,Karjan,Osalam,
14557,Vadodara,Karjan,Dethan,
14558,Vadodara,Karjan,Valan,
14559,Vadodara,Karjan,Mesrad,
14560,Vadodara,Karjan,Mankan,
14561,Vadodara,Karjan,Divi,
14562,Vadodara,Karjan,Kiya,
14563,Vadodara,Karjan,Atali,
14564,Vadodara,Karjan,Bachar,
14565,Vadodara,Karjan,Choranda,
14566,Vadodara,Karjan,Nishaliya,
14567,Vadodara,Karjan,Methi,
14568,Vadodara,Karjan,Chhanchhva,
14569,Vadodara,Karjan,Kala,
14570,Vadodara,Karjan,Urad,
14571,Vadodara,Karjan,Koliyad,
14572,Vadodara,Karjan,Sansrod,
14573,Vadodara,Karjan,Haldarva,
14574,Vadodara,Karjan,Mantroj,
14575,Vadodara,Karjan,Saring,
14576,Vadodara,Karjan,Sanapura,
14577,Vadodara,Karjan,Saniyad,
14578,Vadodara,Karjan,Sarupur Timbi,
14579,Vadodara,Karjan,Latipur Timbi,
14580,Vadodara,Karjan,Kanthariya,
14581,Vadodara,Karjan,Simli,
14582,Vadodara,Karjan,Kothiya,
14583,Vadodara,Karjan,Ranapur,
14584,Vadodara,Karjan,Deroli,
14585,Vadodara,Karjan,Fatepur,
14586,Vadodara,Karjan,Samri,
14587,Vadodara,Karjan,Samra,
14588,Vadodara,Karjan,Sherpura,
14589,Vadodara,Karjan,Karan,
14590,Vadodara,Karjan,Pachhiyapura,
14591,Vadodara,Karjan,Delvada,
14592,Vadodara,Karjan,Somaj,
14593,Vadodara,Karjan,Arjanpura,
14594,Vadodara,Karjan,Oz,
14595,Vadodara,Karjan,Rarod,
14596,Vadodara,Karjan,Ropa,
14597,Vadodara,Karjan,Kahona,
14598,Vadodara,Karjan,Hirjipura,
14599,Vadodara,Karjan,Bakapur,
14600,Vadodara,Karjan,Lilod,
14601,Vadodara,Karjan,Sayar,
14602,Vadodara,Karjan,Malod,
14603,Vadodara,Karjan,Sagdol,
14604,Vadodara,Karjan,Pura,
14605,Vadodara,Karjan,Moti Koral,
14606,Vadodara,Karjan,Alampura,
14607,Vadodara,Karjan,Nani Koral,
14608,Vadodara,Sinor,Timbarva,
14609,Vadodara,Sinor,Nana Habipura,
14610,Vadodara,Sinor,Garadi,
14611,Vadodara,Sinor,Sandha,
14612,Vadodara,Sinor,Damnagar,
14613,Vadodara,Sinor,Nana Karala,
14614,Vadodara,Sinor,Vaniyad,
14615,Vadodara,Sinor,Anandi,
14616,Vadodara,Sinor,Puniyad,
14617,Vadodara,Sinor,Bhekhada,
14618,Vadodara,Sinor,Chhanbhoi,
14619,Vadodara,Sinor,Achisara,
14620,Vadodara,Sinor,Tarva,
14621,Vadodara,Sinor,Tinglod,
14622,Vadodara,Sinor,Bavaliya,
14623,Vadodara,Sinor,Utraj,
14624,Vadodara,Sinor,Sadhli,
14625,Vadodara,Sinor,Avakhal,
14626,Vadodara,Sinor,Malpur,
14627,Vadodara,Sinor,Segva,
14628,Vadodara,Sinor,Satisana,
14629,Vadodara,Sinor,Mota Karala,
14630,Vadodara,Sinor,Simli,
14631,Vadodara,Sinor,Kukas,
14632,Vadodara,Sinor,Tersa,
14633,Vadodara,Sinor,Manjrol,
14634,Vadodara,Sinor,Mindhol,
14635,Vadodara,Sinor,Diver,
14636,Vadodara,Sinor,Surasamal,
14637,Vadodara,Sinor,Damapura,
14638,Vadodara,Sinor,Mota Fofaliya,
14639,Vadodara,Sinor,Bithali,
14640,Vadodara,Sinor,Dariapura,
14641,Vadodara,Sinor,Moletha,
14642,Vadodara,Sinor,Ambali,
14643,Vadodara,Sinor,Kanjetha,
14644,Vadodara,Sinor,Sinor,
14645,Vadodara,Sinor,Mandva,
14646,Vadodara,Sinor,Malsar,
14647,Vadodara,Sinor,Zanzad,
14648,Vadodara,Sinor,Barkal,
14649,Narmada,Tilakwada,Bujetha,
14650,Narmada,Tilakwada,Jalodra,
14651,Narmada,Tilakwada,Kareli,
14652,Narmada,Tilakwada,Sevada,
14653,Narmada,Tilakwada,Pindoli,
14654,Narmada,Tilakwada,Vora,
14655,Narmada,Tilakwada,Shahpura (Tedia),
14656,Narmada,Tilakwada,Fatepur (Vanmala),
14657,Narmada,Tilakwada,Vanmala,
14658,Narmada,Tilakwada,Namariya,
14659,Narmada,Tilakwada,Sahebpura,
14660,Narmada,Tilakwada,Udhai Mandava,
14661,Narmada,Tilakwada,Mangu,
14662,Narmada,Tilakwada,Limpura,
14663,Narmada,Tilakwada,Gamod,
14664,Narmada,Tilakwada,Utavali,
14665,Narmada,Tilakwada,Fatepur (Vajiriya),
14666,Narmada,Tilakwada,Vajiriya,
14667,Narmada,Tilakwada,Umedpura,
14668,Narmada,Tilakwada,Amaliya,
14669,Narmada,Tilakwada,Kakadiya,
14670,Narmada,Tilakwada,Soikuva,
14671,Narmada,Tilakwada,Khushalpura,
14672,Narmada,Tilakwada,Agar,
14673,Narmada,Tilakwada,Himatpura,
14674,Narmada,Tilakwada,Jesingpura,
14675,Narmada,Tilakwada,Sindhiyapura,
14676,Narmada,Tilakwada,Kesarpura,
14677,Narmada,Tilakwada,Pichhipura,
14678,Narmada,Tilakwada,Nana Vora,
14679,Narmada,Tilakwada,Marundhiya,
14680,Narmada,Tilakwada,Moriya,
14681,Narmada,Tilakwada,Varvada,
14682,Narmada,Tilakwada,Nalgam,
14683,Narmada,Tilakwada,Mora,
14684,Narmada,Tilakwada,Odambiya,
14685,Narmada,Tilakwada,Kasotiya,
14686,Narmada,Tilakwada,Lilgadh,
14687,Narmada,Tilakwada,Dabhed,
14688,Narmada,Tilakwada,Dabhiya,
14689,Narmada,Tilakwada,Kharod,
14690,Narmada,Tilakwada,Limadiya,
14691,Narmada,Tilakwada,Kandlej,
14692,Narmada,Tilakwada,Surajipura,
14693,Narmada,Tilakwada,Ratudiya,
14694,Narmada,Tilakwada,Savli,
14695,Narmada,Tilakwada,Bandarpura,
14696,Narmada,Tilakwada,Namalpur,
14697,Narmada,Tilakwada,Zari,
14698,Narmada,Tilakwada,Vagheli,
14699,Narmada,Tilakwada,Rampuri,
14700,Narmada,Tilakwada,Hijdamahudi,
14701,Narmada,Tilakwada,Naliya,
14702,Narmada,Tilakwada,Chudeshwar,
14703,Narmada,Tilakwada,Gansinda,
14704,Narmada,Tilakwada,Navapura (Uchad),
14705,Narmada,Tilakwada,Tekra Kamsoli,
14706,Narmada,Tilakwada,Hafispura,
14707,Narmada,Tilakwada,Rozanar (Dhamanghoda),
14708,Narmada,Tilakwada,Khata Asitara,
14709,Narmada,Tilakwada,Zazpura,
14710,Narmada,Tilakwada,Puchhapura,
14711,Narmada,Tilakwada,Gambhirpura (Chosatiya),
14712,Narmada,Tilakwada,Shira,
14713,Narmada,Tilakwada,Godham,
14714,Narmada,Tilakwada,Kasundar,
14715,Narmada,Tilakwada,Vankol,
14716,Narmada,Tilakwada,Navapura (Alva),
14717,Narmada,Tilakwada,Gengadiya,
14718,Narmada,Tilakwada,Devaliya,
14719,Narmada,Tilakwada,Vandh,
14720,Narmada,Tilakwada,Gola Talavadi,
14721,Narmada,Tilakwada,Alampur,
14722,Narmada,Tilakwada,Tilakwada,
14723,Narmada,Tilakwada,Moti Kamsoli,
14724,Narmada,Tilakwada,Chitrakhadi,
14725,Narmada,Tilakwada,Alva,
14726,Narmada,Tilakwada,Indarman,
14727,Narmada,Tilakwada,Gochariya,
14728,Narmada,Tilakwada,Jetpur,
14729,Narmada,Tilakwada,Uchad,
14730,Narmada,Tilakwada,Vadiya Tekra,
14731,Narmada,Tilakwada,Vadiya (Kalaghoda),
14732,Narmada,Tilakwada,Vasan,
14733,Narmada,Tilakwada,Marsan,
14734,Narmada,Tilakwada,Dhanikhod,
14735,Narmada,Tilakwada,Katkoi,
14736,Narmada,Tilakwada,Haripura,
14737,Narmada,Tilakwada,Kantharpura,
14738,Narmada,Tilakwada,Virpur,
14739,Narmada,Tilakwada,Rengan,
14740,Narmada,Tilakwada,Vyadhar,
14741,Narmada,Tilakwada,Surva,
14742,Narmada,Tilakwada,Koyari,
14743,Narmada,Tilakwada,Bhadarwa,
14744,Narmada,Tilakwada,Ruppura,
14745,Narmada,Tilakwada,Ferkuva,
14746,Narmada,Nandod,Narkhadi,
14747,Narmada,Nandod,Poicha,
14748,Narmada,Nandod,Kothara,
14749,Narmada,Nandod,Pati,
14750,Narmada,Nandod,Jior,
14751,Narmada,Nandod,Vandaria,
14752,Narmada,Nandod,Sondhaliya,
14753,Narmada,Nandod,Serav,
14754,Narmada,Nandod,Bilthana,
14755,Narmada,Nandod,Galupura,
14756,Narmada,Nandod,Bhekhadia,
14757,Narmada,Nandod,Vanznitad,
14758,Narmada,Nandod,Dhefa,
14759,Narmada,Nandod,Mithivav,
14760,Narmada,Nandod,Panisadadia,
14761,Narmada,Nandod,Dhaniala,
14762,Narmada,Nandod,Dhobisal,
14763,Narmada,Nandod,Mankuva,
14764,Narmada,Nandod,Navapara (Garudeshwar),
14765,Narmada,Nandod,Bakhar,
14766,Narmada,Nandod,Pan Talavadi,
14767,Narmada,Nandod,Vaviala,
14768,Narmada,Nandod,Suka,
14769,Narmada,Nandod,Songam,
14770,Narmada,Nandod,Gunetha,
14771,Narmada,Nandod,Borutar,
14772,Narmada,Nandod,Chichadia,
14773,Narmada,Nandod,Sajanpara,
14774,Narmada,Nandod,Chhindiapara,
14775,Narmada,Nandod,Guvar,
14776,Narmada,Nandod,Tankari,
14777,Narmada,Nandod,Anodara,
14778,Narmada,Nandod,Rasela,
14779,Narmada,Nandod,Jesalpor,
14780,Narmada,Nandod,Rundh,
14781,Narmada,Nandod,Sisodara,
14782,Narmada,Nandod,Ori,
14783,Narmada,Nandod,Varkhad,
14784,Narmada,Nandod,Patna,
14785,Narmada,Nandod,Helambi,
14786,Narmada,Nandod,Dhamnacha,
14787,Narmada,Nandod,Dhanpor,
14788,Narmada,Nandod,Torna,
14789,Narmada,Nandod,Bhadam,
14790,Narmada,Nandod,Lachhras,
14791,Narmada,Nandod,Mangrol,
14792,Narmada,Nandod,Rampara (Mangrol),
14793,Narmada,Nandod,Khadagada,
14794,Narmada,Nandod,Dhamadra,
14795,Narmada,Nandod,Zaria,
14796,Narmada,Nandod,Sandhia,
14797,Narmada,Nandod,Valpor,
14798,Narmada,Nandod,Nasri,
14799,Narmada,Nandod,Mankad Amba,
14800,Narmada,Nandod,Pinchhipara,
14801,Narmada,Nandod,Gadod,
14802,Narmada,Nandod,Kumbhia,
14803,Narmada,Nandod,Orpa,
14804,Narmada,Nandod,Undva,
14805,Narmada,Nandod,Samasherpura (Kareliwalu),
14806,Narmada,Nandod,Vadi,
14807,Narmada,Nandod,Amadla,
14808,Narmada,Nandod,Gabhana,
14809,Narmada,Nandod,Garudeshwar,
14810,Narmada,Nandod,Akteshwar,
14811,Narmada,Nandod,Sanjroli,
14812,Narmada,Nandod,Thari,
14813,Narmada,Nandod,Rajpipla (Rural) (Kunvarpara),
14814,Narmada,Nandod,Chitravadi,
14815,Narmada,Nandod,Hajarpara,
14816,Narmada,Nandod,Bhuchhad,
14817,Narmada,Nandod,Vaghetha,
14818,Narmada,Nandod,Pratappara,
14819,Narmada,Nandod,Amarpara,
14820,Narmada,Nandod,Navapara (Nikoli),
14821,Narmada,Nandod,Nikoli,
14822,Narmada,Nandod,Kandroj,
14823,Narmada,Nandod,Varachha,
14824,Narmada,Nandod,Navra,
14825,Narmada,Nandod,Vaghodia,
14826,Narmada,Nandod,Akuvada,
14827,Narmada,Nandod,Lodhan,
14828,Narmada,Nandod,Virsangpura,
14829,Narmada,Nandod,Rampara (Patnawalu),
14830,Narmada,Nandod,Dholivav,
14831,Narmada,Nandod,Ranipura,
14832,Narmada,Nandod,Bhacharvada,
14833,Narmada,Nandod,Karantha,
14834,Narmada,Nandod,Kali Makvana,
14835,Narmada,Nandod,Nana Zunda,
14836,Narmada,Nandod,Sengpara,
14837,Narmada,Nandod,Gambhirpara,
14838,Narmada,Nandod,Surajvad,
14839,Narmada,Nandod,Fulvadi,
14840,Narmada,Nandod,Vansla,
14841,Narmada,Nandod,Moti Raval,
14842,Narmada,Nandod,Nani Raval,
14843,Narmada,Nandod,Nana Piparia,
14844,Narmada,Nandod,Mota Piparia,
14845,Narmada,Nandod,Kothi,
14846,Narmada,Nandod,Bhumalia,
14847,Narmada,Nandod,Gadkoi,
14848,Narmada,Nandod,Naghatpor,
14849,Narmada,Nandod,Timrava,
14850,Narmada,Nandod,Kareli,
14851,Narmada,Nandod,Jetpor (Vaghrali),
14852,Narmada,Nandod,Vaghrali,
14853,Narmada,Nandod,Panchla,
14854,Narmada,Nandod,Limkhetar,
14855,Narmada,Nandod,Mankad Khada,
14856,Narmada,Nandod,Gulvani,
14857,Narmada,Nandod,Vanazi,
14858,Narmada,Nandod,Haripura,
14859,Narmada,Nandod,Survani,
14860,Narmada,Nandod,Zer,
14861,Narmada,Nandod,Khalvani,
14862,Narmada,Nandod,Vagadia,
14863,Narmada,Nandod,Navagam (Limbdi),
14864,Narmada,Nandod,Vasantpara,
14865,Narmada,Nandod,Gora,
14866,Narmada,Nandod,Boria,
14867,Narmada,Nandod,Indravarna,
14868,Narmada,Nandod,Bhanadra,
14869,Narmada,Nandod,Nava Vaghpara,
14870,Narmada,Nandod,Gopalpura,
14871,Narmada,Nandod,Vadia,
14872,Narmada,Nandod,Virpor,
14873,Narmada,Nandod,Kumasgam,
14874,Narmada,Nandod,Timbi,
14875,Narmada,Nandod,Rajuvadia,
14876,Narmada,Nandod,Rel,
14877,Narmada,Nandod,Umarva,
14878,Narmada,Nandod,Gamkuva,
14879,Narmada,Nandod,Khojalvasa,
14880,Narmada,Nandod,Dharikheda,
14881,Narmada,Nandod,Amletha,
14882,Narmada,Nandod,Taropa,
14883,Narmada,Nandod,Dholar,
14884,Narmada,Nandod,Ringni,
14885,Narmada,Nandod,Navagam (Ramgadh),
14886,Narmada,Nandod,Verisalpara,
14887,Narmada,Nandod,Jetpor (Ramgadh),
14888,Narmada,Nandod,Ramgadh,
14889,Narmada,Nandod,Nana Limatvada,
14890,Narmada,Nandod,Jitnagar,
14891,Narmada,Nandod,Vavdi,
14892,Narmada,Nandod,Junvad,
14893,Narmada,Nandod,Sakva,
14894,Narmada,Nandod,Bhilvashi,
14895,Narmada,Nandod,Limdi,
14896,Narmada,Nandod,Thavadia,
14897,Narmada,Nandod,Umarva (Joshivalu),
14898,Narmada,Nandod,Mota Amba,
14899,Narmada,Nandod,Samaria,
14900,Narmada,Nandod,Velchhandi,
14901,Narmada,Nandod,Mota Raypara,
14902,Narmada,Nandod,Sundarpura,
14903,Narmada,Nandod,Jitgadh,
14904,Narmada,Nandod,Vanzar,
14905,Narmada,Nandod,Mota Limatvada,
14906,Narmada,Nandod,Nana Raipara,
14907,Narmada,Nandod,Khamar,
14908,Narmada,Nandod,Nana Haidva,
14909,Narmada,Nandod,Mota Haidva,
14910,Narmada,Nandod,Mayasi,
14911,Narmada,Nandod,Chitrol,
14912,Narmada,Nandod,Kanpor,
14913,Narmada,Nandod,Ghanta,
14914,Narmada,Nandod,Kakadva,
14915,Narmada,Nandod,Pratapnagar,
14916,Narmada,Nandod,Medgam,
14917,Narmada,Nandod,Baman Faliya,
14918,Narmada,Nandod,Mahudipada,
14919,Narmada,Nandod,Nani Chikhli,
14920,Narmada,Nandod,Boridra,
14921,Narmada,Nandod,Movi,
14922,Narmada,Nandod,Mandan (Gorvalun),
14923,Narmada,Nandod,Dhirkhadi,
14924,Narmada,Nandod,Mokhdi,
14925,Narmada,Nandod,Zarvani,
14926,Narmada,Nandod,Junaraj,
14927,Narmada,Nandod,Kamodiya,
14928,Narmada,Nandod,Mandan (Gaditvalun),
14929,Narmada,Nandod,Moti Chikhli,
14930,Narmada,Nandod,Namalgadh,
14931,Narmada,Nandod,Gagar,
14932,Narmada,Nandod,Amli,
14933,Narmada,Nandod,Gadit,
14934,Narmada,Nandod,Nani Daberi,
14935,Narmada,Nandod,Khunta Amba,
14936,Narmada,Nandod,Moji,
14937,Narmada,Nandod,Moti Bhamri,
14938,Narmada,Nandod,Palsi,
14939,Narmada,Nandod,Bitada,
14940,Narmada,Nandod,Gadher,
14941,Narmada,Nandod,Surpan,
14942,Narmada,Nandod,Chapat,
14943,Narmada,Nandod,Dadhvada,
14944,Narmada,Nandod,Handi,
14945,Narmada,Nandod,Dhochki,
14946,Narmada,Nandod,Datanambali,
14947,Narmada,Nandod,Kadavamahuda(gora),
14948,Narmada,Nandod,Chhatawada,
14949,Narmada,Dediapada,Galwada,
14950,Narmada,Dediapada,Undi,
14951,Narmada,Dediapada,Tukner,
14952,Narmada,Dediapada,Kanjal,
14953,Narmada,Dediapada,Kalvat,
14954,Narmada,Dediapada,Vav,
14955,Narmada,Dediapada,Chopdi,
14956,Narmada,Dediapada,Bogama,
14957,Narmada,Dediapada,Vaghumar,
14958,Narmada,Dediapada,Pankhala (Mathasar),
14959,Narmada,Dediapada,Mathasar,
14960,Narmada,Dediapada,Vandri,
14961,Narmada,Dediapada,Kanji,
14962,Narmada,Dediapada,Dumkhal,
14963,Narmada,Dediapada,Kokam,
14964,Narmada,Dediapada,Piplod,
14965,Narmada,Dediapada,Sankli,
14966,Narmada,Dediapada,Gichad,
14967,Narmada,Dediapada,Bebar,
14968,Narmada,Dediapada,Fulsar,
14969,Narmada,Dediapada,Ladava,
14970,Narmada,Dediapada,Kabripathar,
14971,Narmada,Dediapada,Kutilpada,
14972,Narmada,Dediapada,Koliwada (Pangam),
14973,Narmada,Dediapada,Mojra,
14974,Narmada,Dediapada,Gadh,
14975,Narmada,Dediapada,Kaltar,
14976,Narmada,Dediapada,Panchumar,
14977,Narmada,Dediapada,Gadi,
14978,Narmada,Dediapada,Bal,
14979,Narmada,Dediapada,Juna Mosda,
14980,Narmada,Dediapada,Patvali,
14981,Narmada,Dediapada,Mathavali,
14982,Narmada,Dediapada,Ingavadi,
14983,Narmada,Dediapada,Mohbudi,
14984,Narmada,Dediapada,Mal,
14985,Narmada,Dediapada,Vedchha,
14986,Narmada,Dediapada,Arethi,
14987,Narmada,Dediapada,Moti Singloti,
14988,Narmada,Dediapada,Nani Singloti,
14989,Narmada,Dediapada,Khatam,
14990,Narmada,Dediapada,Besna,
14991,Narmada,Dediapada,Khudadi,
14992,Narmada,Dediapada,Koliwada (Bogaj),
14993,Narmada,Dediapada,Bogaj,
14994,Narmada,Dediapada,Kishmor,
14995,Narmada,Dediapada,Ghantoli,
14996,Narmada,Dediapada,Gajar Gota,
14997,Narmada,Dediapada,Pangam,
14998,Narmada,Dediapada,Soliya,
14999,Narmada,Dediapada,Magardev,
15000,Narmada,Dediapada,Dhanor,
15001,Narmada,Dediapada,Rambhava,
15002,Narmada,Dediapada,Khatkankhadi,
15003,Narmada,Dediapada,Rakhas Kundi,
15004,Narmada,Dediapada,Navagam (Dediapada),
15005,Narmada,Dediapada,Pipla,
15006,Narmada,Dediapada,Pansar,
15007,Narmada,Dediapada,Chorkotar,
15008,Narmada,Dediapada,Babadokti,
15009,Narmada,Dediapada,Sukwal,
15010,Narmada,Dediapada,Morjadi,
15011,Narmada,Dediapada,Samot,
15012,Narmada,Dediapada,Hathvadiyo Vad,
15013,Narmada,Dediapada,Nani Morkhi,
15014,Narmada,Dediapada,Modalvav,
15015,Narmada,Dediapada,Goval Patdi,
15016,Narmada,Dediapada,Kanbudi,
15017,Narmada,Dediapada,Khokhra Umar (Zarnawadiwalu),
15018,Narmada,Dediapada,Nivalda,
15019,Narmada,Dediapada,Timbapada,
15020,Narmada,Dediapada,Mota Suka Amba,
15021,Narmada,Dediapada,Nana Suka Amba,
15022,Narmada,Dediapada,Manchhipada,
15023,Narmada,Dediapada,Ghodi,
15024,Narmada,Dediapada,Baydi,
15025,Narmada,Dediapada,Samarpada (Thava),
15026,Narmada,Dediapada,Sejpur,
15027,Narmada,Dediapada,Thapavi,
15028,Narmada,Dediapada,Moskuwa,
15029,Narmada,Dediapada,Jambar,
15030,Narmada,Dediapada,Nighat,
15031,Narmada,Dediapada,Zarnawadi,
15032,Narmada,Dediapada,Ghankhetar,
15033,Narmada,Dediapada,Gundva,
15034,Narmada,Dediapada,Medyusag,
15035,Narmada,Dediapada,Mathakalbi,
15036,Narmada,Dediapada,Konvav,
15037,Narmada,Dediapada,Nava Mosda,
15038,Narmada,Dediapada,Gundvan,
15039,Narmada,Dediapada,Saki,
15040,Narmada,Dediapada,Menamba,
15041,Narmada,Dediapada,Kutilshisha,
15042,Narmada,Dediapada,Gangapur,
15043,Narmada,Dediapada,Moti Kalbi,
15044,Narmada,Dediapada,Kakarpada,
15045,Narmada,Dediapada,Tatkhadi,
15046,Narmada,Dediapada,Vadivav,
15047,Narmada,Dediapada,Mosit,
15048,Narmada,Dediapada,Sorapada,
15049,Narmada,Dediapada,Shukni Umran,
15050,Narmada,Dediapada,Bandi Servan,
15051,Narmada,Dediapada,Siyali,
15052,Narmada,Dediapada,Gulda Alias Cham,
15053,Narmada,Dediapada,Kunbar,
15054,Narmada,Dediapada,Chuli,
15055,Narmada,Dediapada,Pomla Pada,
15056,Narmada,Dediapada,Almavadi,
15057,Narmada,Dediapada,Bhatpur,
15058,Narmada,Dediapada,Mandala,
15059,Narmada,Dediapada,Garda,
15060,Narmada,Dediapada,Khajali Dabda,
15061,Narmada,Dediapada,Kharchipada,
15062,Narmada,Dediapada,Panuda,
15063,Narmada,Dediapada,Navagam (Panuda),
15064,Narmada,Dediapada,Rohda,
15065,Narmada,Dediapada,Bhukhran,
15066,Narmada,Dediapada,Amalipani,
15067,Narmada,Dediapada,Kalamkuva,
15068,Narmada,Dediapada,Jargam,
15069,Narmada,Dediapada,Kukadda,
15070,Narmada,Dediapada,Piparipada,
15071,Narmada,Dediapada,Kumbhkhadi,
15072,Narmada,Dediapada,Samarpada (Sidivalu),
15073,Narmada,Dediapada,Haripura,
15074,Narmada,Dediapada,Jamni,
15075,Narmada,Dediapada,Tumdavadi,
15076,Narmada,Dediapada,Nana Machh,
15077,Narmada,Dediapada,Mota Machh,
15078,Narmada,Dediapada,Khaydi,
15079,Narmada,Dediapada,Gotkhadi,
15080,Narmada,Dediapada,Kevdi,
15081,Narmada,Dediapada,Kundiamba,
15082,Narmada,Dediapada,Ghankhet,
15083,Narmada,Dediapada,Nani Korvai,
15084,Narmada,Dediapada,Potiyapada,
15085,Narmada,Dediapada,Anjanvai,
15086,Narmada,Dediapada,Viguna,
15087,Narmada,Dediapada,Mulkapada,
15088,Narmada,Dediapada,Vadhva,
15089,Narmada,Dediapada,Babada,
15090,Narmada,Dediapada,Rukhal,
15091,Narmada,Dediapada,Khaidipada,
15092,Narmada,Dediapada,Boripitha,
15093,Narmada,Dediapada,Bharada (Bedada),
15094,Narmada,Dediapada,Bhut Beda Alias Bhut Bangala,
15095,Narmada,Dediapada,Tabda,
15096,Narmada,Dediapada,Jhank,
15097,Narmada,Dediapada,Sajanvav,
15098,Narmada,Dediapada,Rojghat,
15099,Narmada,Dediapada,Bharada (Relva),
15100,Narmada,Dediapada,Samarpada,
15101,Narmada,Dediapada,Lotamba,
15102,Narmada,Dediapada,Chikda,
15103,Narmada,Dediapada,Devipada,
15104,Narmada,Dediapada,Ambavadi,
15105,Narmada,Dediapada,Jorti,
15106,Narmada,Dediapada,Ihdlavi,
15107,Narmada,Dediapada,Relva,
15108,Narmada,Dediapada,Patdi,
15109,Narmada,Dediapada,Sabuti,
15110,Narmada,Dediapada,Moskut,
15111,Narmada,Dediapada,Tilipada,
15112,Narmada,Dediapada,Umran,
15113,Narmada,Dediapada,Vadpada,
15114,Narmada,Dediapada,Gopaliya,
15115,Narmada,Dediapada,Ambadevi Alias Siyali,
15116,Narmada,Dediapada,Barsan,
15117,Narmada,Dediapada,Bharada(Barasan),
15118,Narmada,Dediapada,Moti Bedwan,
15119,Narmada,Dediapada,Khupar Barsan,
15120,Narmada,Dediapada,Nani Bedwan,
15121,Narmada,Dediapada,Piparvati,
15122,Narmada,Dediapada,Dabhavan,
15123,Narmada,Dediapada,Sorafali,
15124,Narmada,Dediapada,Samarpada (Devivalu),
15125,Narmada,Dediapada,Sada,
15126,Narmada,Dediapada,Moti Daberi,
15127,Narmada,Dediapada,Nani Bhamari,
15128,Narmada,Dediapada,Khapar,
15129,Narmada,Dediapada,Singal Gabhan,
15130,Narmada,Dediapada,Namgir,
15131,Narmada,Dediapada,Duthar,
15132,Narmada,Dediapada,Pinglapada,
15133,Narmada,Dediapada,Zadoli,
15134,Narmada,Dediapada,Dabka,
15135,Narmada,Dediapada,Shisha,
15136,Narmada,Dediapada,Pankhala (Shisha),
15137,Narmada,Dediapada,Mohbi,
15138,Narmada,Dediapada,Sagai,
15139,Narmada,Dediapada,Kelda,
15140,Narmada,Dediapada,Andu,
15141,Narmada,Dediapada,Boar,
15142,Narmada,Dediapada,Kathoh,
15143,Narmada,Dediapada,Kokati,
15144,Narmada,Dediapada,Dandawadi,
15145,Narmada,Dediapada,Shishkhuta,
15146,Narmada,Dediapada,Samarghat,
15147,Narmada,Dediapada,Ghanpipar,
15148,Narmada,Dediapada,Bantawadi,
15149,Narmada,Dediapada,Ralda,
15150,Narmada,Dediapada,Moti Korvai,
15151,Narmada,Dediapada,Olgam,
15152,Narmada,Dediapada,Kantipani,
15153,Narmada,Dediapada,Kham,
15154,Narmada,Dediapada,Khapar Buda,
15155,Narmada,Dediapada,Kanjai,
15156,Narmada,Dediapada,Khodaamba,
15157,Narmada,Dediapada,Golvan,
15158,Narmada,Dediapada,Sherwai,
15159,Narmada,Dediapada,Kamodvav,
15160,Narmada,Dediapada,Kartal,
15161,Narmada,Dediapada,Singalwan,
15162,Narmada,Sagbara,Moti Mogari,
15163,Narmada,Sagbara,Nani Mogari,
15164,Narmada,Sagbara,Pada,
15165,Narmada,Sagbara,Devmogra,
15166,Narmada,Sagbara,Nalakund,
15167,Narmada,Sagbara,Godada,
15168,Narmada,Sagbara,Kunvar Khadi,
15169,Narmada,Sagbara,Narvadi,
15170,Narmada,Sagbara,Dudhliver,
15171,Narmada,Sagbara,Amiyar,
15172,Narmada,Sagbara,Ghansera,
15173,Narmada,Sagbara,Chikali,
15174,Narmada,Sagbara,Pankhala,
15175,Narmada,Sagbara,Chitrakevdi,
15176,Narmada,Sagbara,Kodba,
15177,Narmada,Sagbara,Chopadvav,
15178,Narmada,Sagbara,Ranbuda,
15179,Narmada,Sagbara,Nana Kakdi Amba,
15180,Narmada,Sagbara,Nana Dor Amba,
15181,Narmada,Sagbara,Mota Dor Amba,
15182,Narmada,Sagbara,Sim Amli,
15183,Narmada,Sagbara,Kel,
15184,Narmada,Sagbara,Bhavari Savar,
15185,Narmada,Sagbara,Pat,
15186,Narmada,Sagbara,Kankhadi,
15187,Narmada,Sagbara,Gotpada,
15188,Narmada,Sagbara,Kuida,
15189,Narmada,Sagbara,Navagam (Selamba),
15190,Narmada,Sagbara,Moravi,
15191,Narmada,Sagbara,Rozdev,
15192,Narmada,Sagbara,Kuvdavadi,
15193,Narmada,Sagbara,Makran,
15194,Narmada,Sagbara,Movi,
15195,Narmada,Sagbara,Khopi,
15196,Narmada,Sagbara,Bodvav,
15197,Narmada,Sagbara,Gonamba,
15198,Narmada,Sagbara,Datwada,
15199,Narmada,Sagbara,Panchpipri,
15200,Narmada,Sagbara,Khocharpada,
15201,Narmada,Sagbara,Navapada,
15202,Narmada,Sagbara,Khampada,
15203,Narmada,Sagbara,Khadkuni,
15204,Narmada,Sagbara,Pana,
15205,Narmada,Sagbara,Piparipada (Pana),
15206,Narmada,Sagbara,Bhogwad,
15207,Narmada,Sagbara,Baktura,
15208,Narmada,Sagbara,Kolvan,
15209,Narmada,Sagbara,Ranipur,
15210,Narmada,Sagbara,Uman,
15211,Narmada,Sagbara,Navagam (Javli),
15212,Narmada,Sagbara,Javli ,
15213,Narmada,Sagbara,Langdi,
15214,Narmada,Sagbara,Rundhigavan,
15215,Narmada,Sagbara,Palaswada,
15216,Narmada,Sagbara,Umran,
15217,Narmada,Sagbara,Nevdiamba,
15218,Narmada,Sagbara,Kherpada,
15219,Narmada,Sagbara,Parodhi,
15220,Narmada,Sagbara,Nani Parodhi,
15221,Narmada,Sagbara,Bhadod,
15222,Narmada,Sagbara,Kodkhadi,
15223,Narmada,Sagbara,Dhavliver,
15224,Narmada,Sagbara,Pirmandala,
15225,Narmada,Sagbara,Rachhavada,
15226,Narmada,Sagbara,Nani Devrupan,
15227,Narmada,Sagbara,Ghodmung,
15228,Narmada,Sagbara,Umarkui,
15229,Narmada,Sagbara,Taval,
15230,Narmada,Sagbara,Pati,
15231,Narmada,Sagbara,Sorapada,
15232,Narmada,Sagbara,Nal,
15233,Narmada,Sagbara,Holi Ambli,
15234,Narmada,Sagbara,Pujarigadh,
15235,Narmada,Sagbara,Patanamau,
15236,Narmada,Sagbara,Tankani,
15237,Narmada,Sagbara,Bhoramli,
15238,Narmada,Sagbara,Kuyala,
15239,Narmada,Sagbara,Moti Devrupan,
15240,Narmada,Sagbara,Pathana,
15241,Narmada,Sagbara,Chatwad,
15242,Narmada,Sagbara,Ubhariya,
15243,Narmada,Sagbara,Mota Kakdi Amba,
15244,Narmada,Sagbara,Sorta,
15245,Narmada,Sagbara,Kakadpada,
15246,Narmada,Sagbara,Padi,
15247,Narmada,Sagbara,Dodhanvadi,
15248,Narmada,Sagbara,Chimbipani,
15249,Narmada,Sagbara,Piplapani,
15250,Narmada,Sagbara,Dabka,
15251,Narmada,Sagbara,Khadkimau,
15252,Narmada,Sagbara,Devsaki,
15253,Narmada,Sagbara,Sajanvav,
15254,Narmada,Sagbara,Gaysavar,
15255,Narmada,Sagbara,Mahupada,
15256,Narmada,Sagbara,Khota,
15257,Narmada,Sagbara,Pipripada,
15258,Bharuch,Jambusar,Degam,
15259,Bharuch,Jambusar,Gulal,
15260,Bharuch,Jambusar,Mahamadpor Kamboi,
15261,Bharuch,Jambusar,Kavi,
15262,Bharuch,Jambusar,Nahar,
15263,Bharuch,Jambusar,Sarod,
15264,Bharuch,Jambusar,Valipore,
15265,Bharuch,Jambusar,Kareli,
15266,Bharuch,Jambusar,Kahanava,
15267,Bharuch,Jambusar,Piludara,
15268,Bharuch,Jambusar,Vedach,
15269,Bharuch,Jambusar,Uber,
15270,Bharuch,Jambusar,Nondhana,
15271,Bharuch,Jambusar,Amanpor Mota,
15272,Bharuch,Jambusar,Amanpor Nana,
15273,Bharuch,Jambusar,Samoj,
15274,Bharuch,Jambusar,Kavli,
15275,Bharuch,Jambusar,Aurangpor Timbi,
15276,Bharuch,Jambusar,Kangam,
15277,Bharuch,Jambusar,Runad,
15278,Bharuch,Jambusar,Hamadpor Kanthariya,
15279,Bharuch,Jambusar,Kimoj,
15280,Bharuch,Jambusar,Sigam,
15281,Bharuch,Jambusar,Muradpor Neja,
15282,Bharuch,Jambusar,Chandpor Marva,
15283,Bharuch,Jambusar,Zamdi,
15284,Bharuch,Jambusar,Salehpor Sangdi,
15285,Bharuch,Jambusar,Kaliari,
15286,Bharuch,Jambusar,Thanava,
15287,Bharuch,Jambusar,Vadadala,
15288,Bharuch,Jambusar,Kora,
15289,Bharuch,Jambusar,Tundaj,
15290,Bharuch,Jambusar,Bhodar,
15291,Bharuch,Jambusar,Nobar,
15292,Bharuch,Jambusar,Dabha,
15293,Bharuch,Jambusar,Gajera,
15294,Bharuch,Jambusar,Uchchhad,
15295,Bharuch,Jambusar,Vavli,
15296,Bharuch,Jambusar,Umra,
15297,Bharuch,Jambusar,Karmad,
15298,Bharuch,Jambusar,Rampore,
15299,Bharuch,Jambusar,Panchakada,
15300,Bharuch,Jambusar,Shambha,
15301,Bharuch,Jambusar,Jantran,
15302,Bharuch,Jambusar,Dahri,
15303,Bharuch,Jambusar,Chhidra,
15304,Bharuch,Jambusar,Molpore,
15305,Bharuch,Jambusar,Bhadkodaro,
15306,Bharuch,Jambusar,Madafar,
15307,Bharuch,Jambusar,Vad,
15308,Bharuch,Jambusar,Kava,
15309,Bharuch,Jambusar,Limaj,
15310,Bharuch,Jambusar,Koteshwar,
15311,Bharuch,Jambusar,Bhankhetar,
15312,Bharuch,Jambusar,Anakhi,
15313,Bharuch,Jambusar,Vahelam,
15314,Bharuch,Jambusar,Bojadra,
15315,Bharuch,Jambusar,Jafarpara,
15316,Bharuch,Jambusar,Nadiad,
15317,Bharuch,Jambusar,Chandpor Bara,
15318,Bharuch,Jambusar,Panchpipla,
15319,Bharuch,Jambusar,Kansagar,
15320,Bharuch,Jambusar,Sindhav,
15321,Bharuch,Jambusar,Devla,
15322,Bharuch,Jambusar,Thakore Talavdi,
15323,Bharuch,Jambusar,Asanvad,
15324,Bharuch,Jambusar,Bakarpor Timbi,
15325,Bharuch,Jambusar,Singarna,
15326,Bharuch,Jambusar,Sardarpura,
15327,Bharuch,Jambusar,Vanseta,
15328,Bharuch,Jambusar,Kalak,
15329,Bharuch,Jambusar,Magnad,
15330,Bharuch,Jambusar,Mahapara,
15331,Bharuch,Jambusar,Kundhal,
15332,Bharuch,Jambusar,Dolia,
15333,Bharuch,Jambusar,Tankari,
15334,Bharuch,Jambusar,Islampore,
15335,Bharuch,Jambusar,Kapuria,
15336,Bharuch,Jambusar,Nada,
15337,Bharuch,Jambusar,Asarsa,
15338,Bharuch,Jambusar,Khanpor Deh,
15339,Bharuch,Amod,Vadiya,
15340,Bharuch,Amod,Dadapor,
15341,Bharuch,Amod,Kobla,
15342,Bharuch,Amod,Manjola,
15343,Bharuch,Amod,Vasna,
15344,Bharuch,Amod,Matar,
15345,Bharuch,Amod,Ajamnagar,
15346,Bharuch,Amod,Vedcha,
15347,Bharuch,Amod,Chaklad,
15348,Bharuch,Amod,Adwala,
15349,Bharuch,Amod,Ranipura,
15350,Bharuch,Amod,Pursa,
15351,Bharuch,Amod,Denva,
15352,Bharuch,Amod,Valipor,
15353,Bharuch,Amod,Mangrol,
15354,Bharuch,Amod,Machhasara,
15355,Bharuch,Amod,Achhod,
15356,Bharuch,Amod,Bhimpura,
15357,Bharuch,Amod,Rodh,
15358,Bharuch,Amod,Sarbhan,
15359,Bharuch,Amod,Sunthodra,
15360,Bharuch,Amod,Ochhan,
15361,Bharuch,Amod,Karena,
15362,Bharuch,Amod,Ikhar,
15363,Bharuch,Amod,Telod,
15364,Bharuch,Amod,Danda,
15365,Bharuch,Amod,Malkinpura Alias Timbi,
15366,Bharuch,Amod,Ninam,
15367,Bharuch,Amod,Shrikothi,
15368,Bharuch,Amod,Sonama,
15369,Bharuch,Amod,Tegva,
15370,Bharuch,Amod,Nahier,
15371,Bharuch,Amod,Intola,
15372,Bharuch,Amod,Roza Tankariya,
15373,Bharuch,Amod,Kolavana,
15374,Bharuch,Amod,Buva,
15375,Bharuch,Amod,Kerwada,
15376,Bharuch,Amod,Bodka,
15377,Bharuch,Amod,Asnera,
15378,Bharuch,Amod,Anor,
15379,Bharuch,Amod,Ghamnad,
15380,Bharuch,Amod,Dora,
15381,Bharuch,Amod,Kothi Vantarsa,
15382,Bharuch,Amod,Amarpor Alias Simartha,
15383,Bharuch,Amod,Kurchan,
15384,Bharuch,Amod,Ranada,
15385,Bharuch,Amod,Tanchha,
15386,Bharuch,Amod,Samiala,
15387,Bharuch,Amod,Sudi,
15388,Bharuch,Amod,Keshlu,
15389,Bharuch,Amod,Vantarsa,
15390,Bharuch,Amod,Samani,
15391,Bharuch,Vagra,Gandhar,
15392,Bharuch,Vagra,Muler,
15393,Bharuch,Vagra,Paldi,
15394,Bharuch,Vagra,Chanchvel,
15395,Bharuch,Vagra,Badalpura,
15396,Bharuch,Vagra,Vinchhiyad,
15397,Bharuch,Vagra,Khadkhandali,
15398,Bharuch,Vagra,Ora,
15399,Bharuch,Vagra,Vagra,
15400,Bharuch,Vagra,Sachan,
15401,Bharuch,Vagra,Pahaj,
15402,Bharuch,Vagra,Ochchhan,
15403,Bharuch,Vagra,Keshwan,
15404,Bharuch,Vagra,Trankal,
15405,Bharuch,Vagra,Aladar,
15406,Bharuch,Vagra,Harinagar,
15407,Bharuch,Vagra,Paniadara,
15408,Bharuch,Vagra,Goladara,
15409,Bharuch,Vagra,Ambhel,
15410,Bharuch,Vagra,Limdi,
15411,Bharuch,Vagra,Kalam,
15412,Bharuch,Vagra,Mosam,
15413,Bharuch,Vagra,Pisad,
15414,Bharuch,Vagra,Vastikhandali,
15415,Bharuch,Vagra,Rahad,
15416,Bharuch,Vagra,Vachhnad,
15417,Bharuch,Vagra,Saladara,
15418,Bharuch,Vagra,Ankot,
15419,Bharuch,Vagra,Juned,
15420,Bharuch,Vagra,Saran,
15421,Bharuch,Vagra,Sutrel,
15422,Bharuch,Vagra,Vahiyal,
15423,Bharuch,Vagra,Pipalia,
15424,Bharuch,Vagra,Pakhajan,
15425,Bharuch,Vagra,Nadarkha,
15426,Bharuch,Vagra,Narnavi,
15427,Bharuch,Vagra,Padariya,
15428,Bharuch,Vagra,Kadodara,
15429,Bharuch,Vagra,Vav,
15430,Bharuch,Vagra,Sambheti,
15431,Bharuch,Vagra,Janiadara,
15432,Bharuch,Vagra,Akhod,
15433,Bharuch,Vagra,Nandida,
15434,Bharuch,Vagra,Khojbal,
15435,Bharuch,Vagra,Sadathala,
15436,Bharuch,Vagra,Kothia,
15437,Bharuch,Vagra,Sayakha,
15438,Bharuch,Vagra,Bhersam,
15439,Bharuch,Vagra,Vorasamni,
15440,Bharuch,Vagra,Aragama,
15441,Bharuch,Vagra,Vilayat,
15442,Bharuch,Vagra,Bhensali,
15443,Bharuch,Vagra,Atali,
15444,Bharuch,Vagra,Galenda,
15445,Bharuch,Vagra,Samatpor,
15446,Bharuch,Vagra,Vadadla,
15447,Bharuch,Vagra,Dahej,
15448,Bharuch,Vagra,Lakhigam,
15449,Bharuch,Vagra,Luvara,
15450,Bharuch,Vagra,Jageshwar,
15451,Bharuch,Vagra,Ambheta,
15452,Bharuch,Vagra,Jolva,
15453,Bharuch,Vagra,Suva,
15454,Bharuch,Vagra,Rahiad,
15455,Bharuch,Vagra,Koliad,
15456,Bharuch,Vagra,Kaladara,
15457,Bharuch,Vagra,Vengani,
15458,Bharuch,Vagra,Aliabet,
15459,Bharuch,Bharuch,Kamboli,
15460,Bharuch,Bharuch,Simalia,
15461,Bharuch,Bharuch,Kishnad,
15462,Bharuch,Bharuch,Ghodi,
15463,Bharuch,Bharuch,Thikaria,
15464,Bharuch,Bharuch,Tankariya,
15465,Bharuch,Bharuch,Padariya,
15466,Bharuch,Bharuch,Karela,
15467,Bharuch,Bharuch,Kelod,
15468,Bharuch,Bharuch,Pipalia,
15469,Bharuch,Bharuch,Parkhet,
15470,Bharuch,Bharuch,Adol,
15471,Bharuch,Bharuch,Varedia,
15472,Bharuch,Bharuch,Segva,
15473,Bharuch,Bharuch,Shahpura,
15474,Bharuch,Bharuch,Nand,
15475,Bharuch,Bharuch,Bharthana,
15476,Bharuch,Bharuch,Uparali,
15477,Bharuch,Bharuch,Manch,
15478,Bharuch,Bharuch,Kahan,
15479,Bharuch,Bharuch,Sitpon,
15480,Bharuch,Bharuch,Pariej,
15481,Bharuch,Bharuch,Dayadra,
15482,Bharuch,Bharuch,Tralsa,
15483,Bharuch,Bharuch,Hingalla,
15484,Bharuch,Bharuch,Bori,
15485,Bharuch,Bharuch,Kargat,
15486,Bharuch,Bharuch,Jhanghar,
15487,Bharuch,Bharuch,Bambusar,
15488,Bharuch,Bharuch,Samlod,
15489,Bharuch,Bharuch,Jhanor,
15490,Bharuch,Bharuch,Dabhali,
15491,Bharuch,Bharuch,Nabipur,
15492,Bharuch,Bharuch,Kuvadar,
15493,Bharuch,Bharuch,Kothi,
15494,Bharuch,Bharuch,Tralsi,
15495,Bharuch,Bharuch,Derol,
15496,Bharuch,Bharuch,Sarnar,
15497,Bharuch,Bharuch,Amleshwar,
15498,Bharuch,Bharuch,Cholad,
15499,Bharuch,Bharuch,Vansi,
15500,Bharuch,Bharuch,Vahalu,
15501,Bharuch,Bharuch,Mahudhala,
15502,Bharuch,Bharuch,Paguthan,
15503,Bharuch,Bharuch,Haldar,
15504,Bharuch,Bharuch,Asuria,
15505,Bharuch,Bharuch,Umara,
15506,Bharuch,Bharuch,Kavitha,
15507,Bharuch,Bharuch,Karmali,
15508,Bharuch,Bharuch,Sindhot,
15509,Bharuch,Bharuch,Angareshwar,
15510,Bharuch,Bharuch,Nikora,
15511,Bharuch,Bharuch,Mangleshwar,
15512,Bharuch,Bharuch,Karjan,
15513,Bharuch,Bharuch,Osara,
15514,Bharuch,Bharuch,Luwara,
15515,Bharuch,Bharuch,Vagusana,
15516,Bharuch,Bharuch,Kasad,
15517,Bharuch,Bharuch,Tham,
15518,Bharuch,Bharuch,Karmad,
15519,Bharuch,Bharuch,Kurala,
15520,Bharuch,Bharuch,Amdada,
15521,Bharuch,Bharuch,Sankhvad,
15522,Bharuch,Bharuch,Kesrol,
15523,Bharuch,Bharuch,Eksal,
15524,Bharuch,Bharuch,Navetha,
15525,Bharuch,Bharuch,Bhuva,
15526,Bharuch,Bharuch,Vesdada,
15527,Bharuch,Bharuch,Detral,
15528,Bharuch,Bharuch,Manubar,
15529,Bharuch,Bharuch,Kanthariya,
15530,Bharuch,Bharuch,Umraj,
15531,Bharuch,Bharuch,Chavaj,
15532,Bharuch,Bharuch,Vadadla,
15533,Bharuch,Bharuch,Haldarwa,
15534,Bharuch,Bharuch,Tavara,
15535,Bharuch,Bharuch,Shuklatirth,
15536,Bharuch,Bharuch,Rahadpor,
15537,Bharuch,Bharuch,Dahegam,
15538,Bharuch,Bharuch,Hinglot,
15539,Bharuch,Bharuch,Vadva,
15540,Bharuch,Bharuch,Bhadbhut,
15541,Bharuch,Bharuch,Kasva,
15542,Bharuch,Bharuch,Manad,
15543,Bharuch,Bharuch,Mahegam,
15544,Bharuch,Bharuch,Dashan,
15545,Bharuch,Bharuch,Verwada,
15546,Bharuch,Bharuch,Kukarwada,
15547,Bharuch,Bharuch,Borbhatha Bet,
15548,Bharuch,Jhagadia,Mota Vasna,
15549,Bharuch,Jhagadia,Indore,
15550,Bharuch,Jhagadia,Panetha,
15551,Bharuch,Jhagadia,Nana Vasna,
15552,Bharuch,Jhagadia,Parvata,
15553,Bharuch,Jhagadia,Asha,
15554,Bharuch,Jhagadia,Velugam,
15555,Bharuch,Jhagadia,Tarsali,
15556,Bharuch,Jhagadia,Patar,
15557,Bharuch,Jhagadia,Ore,
15558,Bharuch,Jhagadia,Tothidara,
15559,Bharuch,Jhagadia,Rundh,
15560,Bharuch,Jhagadia,Krushnapuri,
15561,Bharuch,Jhagadia,Vadhavana,
15562,Bharuch,Jhagadia,Kakalpor,
15563,Bharuch,Jhagadia,Sarsad,
15564,Bharuch,Jhagadia,Fichwada (Sarkari),
15565,Bharuch,Jhagadia,Dhundha,
15566,Bharuch,Jhagadia,Mahuvada,
15567,Bharuch,Jhagadia,Bamalla,
15568,Bharuch,Jhagadia,Umalla,
15569,Bharuch,Jhagadia,Roomalpura,
15570,Bharuch,Jhagadia,Jamboi,
15571,Bharuch,Jhagadia,Umadhara,
15572,Bharuch,Jhagadia,Kantidara,
15573,Bharuch,Jhagadia,Bhalod,
15574,Bharuch,Jhagadia,Prankad,
15575,Bharuch,Jhagadia,Jarsad,
15576,Bharuch,Jhagadia,Vanakpore,
15577,Bharuch,Jhagadia,Pipdara,
15578,Bharuch,Jhagadia,Sanjali,
15579,Bharuch,Jhagadia,Achhalia,
15580,Bharuch,Jhagadia,Shir,
15581,Bharuch,Jhagadia,Tavdi,
15582,Bharuch,Jhagadia,Vala,
15583,Bharuch,Jhagadia,Raisangpura,
15584,Bharuch,Jhagadia,Vaghpara (Dumala),
15585,Bharuch,Jhagadia,Tejpor,
15586,Bharuch,Jhagadia,Uchchhab,
15587,Bharuch,Jhagadia,Haripara (Dumala),
15588,Bharuch,Jhagadia,Sarsa,
15589,Bharuch,Jhagadia,Rajpardi,
15590,Bharuch,Jhagadia,Avidha,
15591,Bharuch,Jhagadia,Pora,
15592,Bharuch,Jhagadia,Limodara,
15593,Bharuch,Jhagadia,Karad,
15594,Bharuch,Jhagadia,Khadoli,
15595,Bharuch,Jhagadia,Madhavpara,
15596,Bharuch,Jhagadia,Boridara (Sarkari),
15597,Bharuch,Jhagadia,Nana Sorva,
15598,Bharuch,Jhagadia,Rajpara,
15599,Bharuch,Jhagadia,Rupania,
15600,Bharuch,Jhagadia,Kapat,
15601,Bharuch,Jhagadia,Dabhal,
15602,Bharuch,Jhagadia,Vali,
15603,Bharuch,Jhagadia,Khalak,
15604,Bharuch,Jhagadia,Kesharva,
15605,Bharuch,Jhagadia,Umarkharda,
15606,Bharuch,Jhagadia,Koliapada,
15607,Bharuch,Jhagadia,Kantol,
15608,Bharuch,Jhagadia,Ambakhadi,
15609,Bharuch,Jhagadia,Mota Sorva,
15610,Bharuch,Jhagadia,Samarpara,
15611,Bharuch,Jhagadia,Malipipar,
15612,Bharuch,Jhagadia,Bhimpor,
15613,Bharuch,Jhagadia,Simdhara,
15614,Bharuch,Jhagadia,Jhagadia,
15615,Bharuch,Jhagadia,Mota Sanja,
15616,Bharuch,Jhagadia,Vaghpara (Sarkari),
15617,Bharuch,Jhagadia,Haripara (Sarkari),
15618,Bharuch,Jhagadia,Ratanpore,
15619,Bharuch,Jhagadia,Bhuri,
15620,Bharuch,Jhagadia,Maljipara,
15621,Bharuch,Jhagadia,Gundecha,
15622,Bharuch,Jhagadia,Kadwali,
15623,Bharuch,Jhagadia,Bilvada,
15624,Bharuch,Jhagadia,Razalwada,
15625,Bharuch,Jhagadia,Mandvi,
15626,Bharuch,Jhagadia,Vankol,
15627,Bharuch,Jhagadia,Pada,
15628,Bharuch,Jhagadia,Jamoli,
15629,Bharuch,Jhagadia,Dholi,
15630,Bharuch,Jhagadia,Pipalpan,
15631,Bharuch,Jhagadia,Choki,
15632,Bharuch,Jhagadia,Amalzar,
15633,Bharuch,Jhagadia,Amod,
15634,Bharuch,Jhagadia,Vankihathan,
15635,Bharuch,Jhagadia,Kunvarpara,
15636,Bharuch,Jhagadia,Sultanpura,
15637,Bharuch,Jhagadia,Ranipara,
15638,Bharuch,Jhagadia,Uchedia,
15639,Bharuch,Jhagadia,Govali Bet,
15640,Bharuch,Jhagadia,Govali,
15641,Bharuch,Jhagadia,Nana Sanja,
15642,Bharuch,Jhagadia,Vanthevad,
15643,Bharuch,Jhagadia,Kharia,
15644,Bharuch,Jhagadia,Dholakuva,
15645,Bharuch,Jhagadia,Andharkachhala,
15646,Bharuch,Jhagadia,Damlai,
15647,Bharuch,Jhagadia,Padvaniya,
15648,Bharuch,Jhagadia,Rampore,
15649,Bharuch,Jhagadia,Baleshwar,
15650,Bharuch,Jhagadia,Jespore,
15651,Bharuch,Jhagadia,Sajanvav,
15652,Bharuch,Jhagadia,Vadkhunta,
15653,Bharuch,Jhagadia,Machamadi,
15654,Bharuch,Jhagadia,Mungaj,
15655,Bharuch,Jhagadia,Movi,
15656,Bharuch,Jhagadia,Yal,
15657,Bharuch,Jhagadia,Kharetha,
15658,Bharuch,Jhagadia,Vandarveli,
15659,Bharuch,Jhagadia,Debar,
15660,Bharuch,Jhagadia,Dholekham,
15661,Bharuch,Jhagadia,Anjoli,
15662,Bharuch,Jhagadia,Ramkot,
15663,Bharuch,Jhagadia,Ashnavi,
15664,Bharuch,Jhagadia,Navapara,
15665,Bharuch,Jhagadia,Goratia,
15666,Bharuch,Jhagadia,Zazpor,
15667,Bharuch,Jhagadia,Padal,
15668,Bharuch,Jhagadia,Malpor (Dumala),
15669,Bharuch,Jhagadia,Selod,
15670,Bharuch,Jhagadia,Fulwadi,
15671,Bharuch,Jhagadia,Kapalsadi,
15672,Bharuch,Jhagadia,Boridara (Dumala),
15673,Bharuch,Jhagadia,Mulad,
15674,Bharuch,Jhagadia,Kharchi Bhilwada,
15675,Bharuch,Jhagadia,Kharchi,
15676,Bharuch,Jhagadia,Untia,
15677,Bharuch,Jhagadia,Sardarpura,
15678,Bharuch,Jhagadia,Dadheda,
15679,Bharuch,Jhagadia,Talodara,
15680,Bharuch,Jhagadia,Navagam Mota,
15681,Bharuch,Jhagadia,Rajpore,
15682,Bharuch,Jhagadia,Moran,
15683,Bharuch,Jhagadia,Shiyali,
15684,Bharuch,Jhagadia,Anadhara,
15685,Bharuch,Jhagadia,Kotiamau,
15686,Bharuch,Jhagadia,Kolivada,
15687,Bharuch,Jhagadia,Undi,
15688,Bharuch,Jhagadia,Kochbar,
15689,Bharuch,Jhagadia,Fichvada (Dumala),
15690,Bharuch,Jhagadia,Valpore,
15691,Bharuch,Jhagadia,Galiba,
15692,Bharuch,Jhagadia,Timla,
15693,Bharuch,Jhagadia,Vadpan,
15694,Bharuch,Jhagadia,Kuri,
15695,Bharuch,Jhagadia,Gambhirpara,
15696,Bharuch,Jhagadia,Bhojpor,
15697,Bharuch,Jhagadia,Vasna,
15698,Bharuch,Jhagadia,Borjai,
15699,Bharuch,Jhagadia,Randedi,
15700,Bharuch,Jhagadia,Limet,
15701,Bharuch,Jhagadia,Panvadi,
15702,Bharuch,Jhagadia,Dharoli,
15703,Bharuch,Jhagadia,Ambos,
15704,Bharuch,Jhagadia,Mota Malpor,
15705,Bharuch,Jhagadia,Moriyana,
15706,Bharuch,Jhagadia,Fokdi,
15707,Bharuch,Jhagadia,Kantipada,
15708,Bharuch,Jhagadia,Shankoi,
15709,Bharuch,Jhagadia,Bilatha,
15710,Bharuch,Jhagadia,Rupghat,
15711,Bharuch,Jhagadia,Varkhadi,
15712,Bharuch,Jhagadia,Kakadpada,
15713,Bharuch,Jhagadia,Kund,
15714,Bharuch,Jhagadia,Zarna,
15715,Bharuch,Anklesvar,Dhanturiya,
15716,Bharuch,Anklesvar,Taria,
15717,Bharuch,Anklesvar,Matied,
15718,Bharuch,Anklesvar,Haripura,
15719,Bharuch,Anklesvar,Sakkarpor,
15720,Bharuch,Anklesvar,Sarfuddin,
15721,Bharuch,Anklesvar,Borbhatha,
15722,Bharuch,Anklesvar,Borbhatha Bet,
15723,Bharuch,Anklesvar,Chhapra,
15724,Bharuch,Anklesvar,Kansiya,
15725,Bharuch,Anklesvar,Mandvabuzarg,
15726,Bharuch,Anklesvar,Naugama,
15727,Bharuch,Anklesvar,Samor,
15728,Bharuch,Anklesvar,Surwadi,
15729,Bharuch,Anklesvar,Divi,
15730,Bharuch,Anklesvar,Diva,
15731,Bharuch,Anklesvar,Pungam,
15732,Bharuch,Anklesvar,Sajod,
15733,Bharuch,Anklesvar,Kanwa,
15734,Bharuch,Anklesvar,Nangal,
15735,Bharuch,Anklesvar,Boidara,
15736,Bharuch,Anklesvar,Motali,
15737,Bharuch,Anklesvar,Amrutpura,
15738,Bharuch,Anklesvar,Uchhali,
15739,Bharuch,Anklesvar,Kararvel,
15740,Bharuch,Anklesvar,Dadhal,
15741,Bharuch,Anklesvar,Piraman (Part),
15742,Bharuch,Anklesvar,Amboli,
15743,Bharuch,Anklesvar,Adol,
15744,Bharuch,Anklesvar,Hajat,
15745,Bharuch,Anklesvar,Sarthan,
15746,Bharuch,Anklesvar,Motwan,
15747,Bharuch,Anklesvar,Telva,
15748,Bharuch,Anklesvar,Piludara,
15749,Bharuch,Anklesvar,Umarwada,
15750,Bharuch,Anklesvar,Kapodara,
15751,Bharuch,Anklesvar,Kosamadi,
15752,Bharuch,Anklesvar,Jitali,
15753,Bharuch,Anklesvar,Piprod,
15754,Bharuch,Anklesvar,Avadar,
15755,Bharuch,Anklesvar,Pardi Mokha,
15756,Bharuch,Anklesvar,Sangpor,
15757,Bharuch,Anklesvar,Bakrol,
15758,Bharuch,Anklesvar,Safipura,
15759,Bharuch,Anklesvar,Alonj,
15760,Bharuch,Anklesvar,Pardi Idris,
15761,Bharuch,Anklesvar,Karmali,
15762,Bharuch,Anklesvar,Panoli,
15763,Bharuch,Anklesvar,Kharod,
15764,Bharuch,Anklesvar,Bhadi,
15765,Bharuch,Anklesvar,Ravidra,
15766,Bharuch,Anklesvar,Adadara,
15767,Bharuch,Anklesvar,Sisodara,
15768,Bharuch,Anklesvar,Utiyadara,
15769,Bharuch,Anklesvar,Bharan,
15770,Bharuch,Hansot,Ambheta,
15771,Bharuch,Hansot,Pardi,
15772,Bharuch,Hansot,Hansot,
15773,Bharuch,Hansot,Utraj,
15774,Bharuch,Hansot,Shera,
15775,Bharuch,Hansot,Mothiya,
15776,Bharuch,Hansot,Digas,
15777,Bharuch,Hansot,Mangrol,
15778,Bharuch,Hansot,Asta,
15779,Bharuch,Hansot,Vansnoli,
15780,Bharuch,Hansot,Katpor,
15781,Bharuch,Hansot,Dantrai,
15782,Bharuch,Hansot,Badodara,
15783,Bharuch,Hansot,Sayan,
15784,Bharuch,Hansot,Alva,
15785,Bharuch,Hansot,Kalam,
15786,Bharuch,Hansot,Kathodara,
15787,Bharuch,Hansot,Rohid,
15788,Bharuch,Hansot,Valner,
15789,Bharuch,Hansot,Rayma,
15790,Bharuch,Hansot,Chhilodara,
15791,Bharuch,Hansot,Vaghwan,
15792,Bharuch,Hansot,Vamleshwar,
15793,Bharuch,Hansot,Jetpor,
15794,Bharuch,Hansot,Ankalva,
15795,Bharuch,Hansot,Dhamrad,
15796,Bharuch,Hansot,Bolav,
15797,Bharuch,Hansot,Malanpor,
15798,Bharuch,Hansot,Kudadara,
15799,Bharuch,Hansot,Ghodadara,
15800,Bharuch,Hansot,Parvat,
15801,Bharuch,Hansot,Aniyadara,
15802,Bharuch,Hansot,Balota,
15803,Bharuch,Hansot,Samli,
15804,Bharuch,Hansot,Kantiyajal,
15805,Bharuch,Hansot,Ilav,
15806,Bharuch,Hansot,Sunevkhurd,
15807,Bharuch,Hansot,Sunevkalla,
15808,Bharuch,Hansot,Pandavai,
15809,Bharuch,Hansot,Dungra,
15810,Bharuch,Hansot,Obha,
15811,Bharuch,Hansot,Asarma,
15812,Bharuch,Hansot,Sahol,
15813,Bharuch,Hansot,Panjroli,
15814,Bharuch,Hansot,Amod,
15815,Bharuch,Valia,Koyalivav,
15816,Bharuch,Valia,Chiklota,
15817,Bharuch,Valia,Moriyana,
15818,Bharuch,Valia,Netrang,
15819,Bharuch,Valia,Borkhadi,
15820,Bharuch,Valia,Kup,
15821,Bharuch,Valia,Kodvav,
15822,Bharuch,Valia,Fulwadi,
15823,Bharuch,Valia,Ghanikhunt,
15824,Bharuch,Valia,Arethi,
15825,Bharuch,Valia,Bhangoria,
15826,Bharuch,Valia,Baladava,
15827,Bharuch,Valia,Chandravan,
15828,Bharuch,Valia,Kelvikuva,
15829,Bharuch,Valia,Bedoli,
15830,Bharuch,Valia,Datt Nagar,
15831,Bharuch,Valia,Bhens Khetar,
15832,Bharuch,Valia,Singalvan,
15833,Bharuch,Valia,Pathar,
15834,Bharuch,Valia,Dajipara,
15835,Bharuch,Valia,Chanderiya,
15836,Bharuch,Valia,Singla,
15837,Bharuch,Valia,Vagadkhol,
15838,Bharuch,Valia,Bhilod,
15839,Bharuch,Valia,Dholgam,
15840,Bharuch,Valia,Hirapor,
15841,Bharuch,Valia,Vatariya,
15842,Bharuch,Valia,Kondh,
15843,Bharuch,Valia,Dodwada,
15844,Bharuch,Valia,Naldhari,
15845,Bharuch,Valia,Valia,
15846,Bharuch,Valia,Daheli,
15847,Bharuch,Valia,Kesargam,
15848,Bharuch,Valia,Shir,
15849,Bharuch,Valia,Panchasim,
15850,Bharuch,Valia,Kambodiya,
15851,Bharuch,Valia,Sakva,
15852,Bharuch,Valia,Thava,
15853,Bharuch,Valia,Kakad Kui,
15854,Bharuch,Valia,Badakui,
15855,Bharuch,Valia,Motia,
15856,Bharuch,Valia,Atkhol,
15857,Bharuch,Valia,Chasvad,
15858,Bharuch,Valia,Zarna,
15859,Bharuch,Valia,Dolatpur,
15860,Bharuch,Valia,Itkala,
15861,Bharuch,Valia,Pithor,
15862,Bharuch,Valia,Desad,
15863,Bharuch,Valia,Kanerav,
15864,Bharuch,Valia,Dungari,
15865,Bharuch,Valia,Siludi,
15866,Bharuch,Valia,Ghoda,
15867,Bharuch,Valia,Gandhu,
15868,Bharuch,Valia,Pansoli,
15869,Bharuch,Valia,Karsad,
15870,Bharuch,Valia,Sinada,
15871,Bharuch,Valia,Sodgam,
15872,Bharuch,Valia,Tuna,
15873,Bharuch,Valia,Umargam,
15874,Bharuch,Valia,Vandariya,
15875,Bharuch,Valia,Jabugam,
15876,Bharuch,Valia,Navapara,
15877,Bharuch,Valia,Sevad,
15878,Bharuch,Valia,Chikhli,
15879,Bharuch,Valia,Kamaliya,
15880,Bharuch,Valia,Zarnavadi,
15881,Bharuch,Valia,Koyali Mandvi,
15882,Bharuch,Valia,Nana Jambuda,
15883,Bharuch,Valia,Mota Jambuda,
15884,Bharuch,Valia,Pingot,
15885,Bharuch,Valia,Mauza,
15886,Bharuch,Valia,Gundia,
15887,Bharuch,Valia,Rajpara,
15888,Bharuch,Valia,Choramla,
15889,Bharuch,Valia,Vitthalgam,
15890,Bharuch,Valia,Kosmadi,
15891,Bharuch,Valia,Luna,
15892,Bharuch,Valia,Joli,
15893,Bharuch,Valia,Mela,
15894,Bharuch,Valia,Kara,
15895,Bharuch,Valia,Dansoli,
15896,Bharuch,Valia,Rajagadh,
15897,Bharuch,Valia,Bharadiya,
15898,Bharuch,Valia,Patal,
15899,Bharuch,Valia,Nikoli,
15900,Bharuch,Valia,Hola Kotar,
15901,Bharuch,Valia,Bhamadiya,
15902,Bharuch,Valia,Mokhadi,
15903,Bharuch,Valia,Jamaniya,
15904,Bharuch,Valia,Rundha,
15905,Bharuch,Valia,Mirapor,
15906,Bharuch,Valia,Sabariya,
15907,Bharuch,Valia,Petiya,
15908,Bharuch,Valia,Kavachia,
15909,Bharuch,Valia,Bilothi,
15910,Bharuch,Valia,Rajwadi,
15911,The Dangs,The Dangs,Dardi,
15912,The Dangs,The Dangs,Sawarkhadi,
15913,The Dangs,The Dangs,Kosimda,
15914,The Dangs,The Dangs,Sajupada,
15915,The Dangs,The Dangs,Khokhari,
15916,The Dangs,The Dangs,Bardipada (Saja),
15917,The Dangs,The Dangs,Bandhpada,
15918,The Dangs,The Dangs,Dhulda,
15919,The Dangs,The Dangs,Girmal,
15920,The Dangs,The Dangs,Burthadi,
15921,The Dangs,The Dangs,Gavdahad,
15922,The Dangs,The Dangs,Jamnyamal,
15923,The Dangs,The Dangs,Singana,
15924,The Dangs,The Dangs,Nishana,
15925,The Dangs,The Dangs,Kakshala,
15926,The Dangs,The Dangs,Jamla,
15927,The Dangs,The Dangs,Keshbandh,
15928,The Dangs,The Dangs,Timbarthawa,
15929,The Dangs,The Dangs,Biliamba,
15930,The Dangs,The Dangs,Jamansonda,
15931,The Dangs,The Dangs,Mokhamal,
15932,The Dangs,The Dangs,Jharan,
15933,The Dangs,The Dangs,Kadmal(Subir),
15934,The Dangs,The Dangs,Kasadbari,
15935,The Dangs,The Dangs,Hadol,
15936,The Dangs,The Dangs,Kalibel,
15937,The Dangs,The Dangs,Bhujad,
15938,The Dangs,The Dangs,Bhenskatri,
15939,The Dangs,The Dangs,Enginpada (Kolbari),
15940,The Dangs,The Dangs,Bhongdya,
15941,The Dangs,The Dangs,Wankan,
15942,The Dangs,The Dangs,Pandharmal,
15943,The Dangs,The Dangs,Tekpada,
15944,The Dangs,The Dangs,Bhalkhet,
15945,The Dangs,The Dangs,Khopri Amba,
15946,The Dangs,The Dangs,Divadyawan,
15947,The Dangs,The Dangs,Chikhala(Kalibelsaja),
15948,The Dangs,The Dangs,Sawardakasad,
15949,The Dangs,The Dangs,Mahal,
15950,The Dangs,The Dangs,Dhongiamba,
15951,The Dangs,The Dangs,Iskhandi,
15952,The Dangs,The Dangs,Lahan Kasad,
15953,The Dangs,The Dangs,Daher,
15954,The Dangs,The Dangs,Subir,
15955,The Dangs,The Dangs,Behdun,
15956,The Dangs,The Dangs,Sawarpada,
15957,The Dangs,The Dangs,Amthawa,
15958,The Dangs,The Dangs,Gawhan,
15959,The Dangs,The Dangs,Pipaldahad,
15960,The Dangs,The Dangs,Bhondvihir,
15961,The Dangs,The Dangs,Karanjpada,
15962,The Dangs,The Dangs,Sepuamba,
15963,The Dangs,The Dangs,Jarsol,
15964,The Dangs,The Dangs,Kangariyamal,
15965,The Dangs,The Dangs,Karanjda (Lavchalisaja),
15966,The Dangs,The Dangs,Uga(Lavchali),
15967,The Dangs,The Dangs,Ghana,
15968,The Dangs,The Dangs,Moti Kasad,
15969,The Dangs,The Dangs,Masli,
15970,The Dangs,The Dangs,Khatal,
15971,The Dangs,The Dangs,Patli,
15972,The Dangs,The Dangs,Godadiya,
15973,The Dangs,The Dangs,Kakarda,
15974,The Dangs,The Dangs,Jamanpada,
15975,The Dangs,The Dangs,Jhavda,
15976,The Dangs,The Dangs,Vanzat Amba,
15977,The Dangs,The Dangs,Koylipada,
15978,The Dangs,The Dangs,Kusmal,
15979,The Dangs,The Dangs,Kalamkhet,
15980,The Dangs,The Dangs,Sodmal,
15981,The Dangs,The Dangs,Gaygothan,
15982,The Dangs,The Dangs,Lavchali,
15983,The Dangs,The Dangs,Ghubadia,
15984,The Dangs,The Dangs,Hanwatpada(Pipaldahadsaja),
15985,The Dangs,The Dangs,Shivbara,
15986,The Dangs,The Dangs,Pandharpada,
15987,The Dangs,The Dangs,Lahan Jhadadar,
15988,The Dangs,The Dangs,Moti Jhadadar,
15989,The Dangs,The Dangs,Jogthawa,
15990,The Dangs,The Dangs,Chamarpada,
15991,The Dangs,The Dangs,Junner,
15992,The Dangs,The Dangs,Gurudiya,
15993,The Dangs,The Dangs,Mohpada (Pipaldahad),
15994,The Dangs,The Dangs,Khambhla,
15995,The Dangs,The Dangs,Amsarpada,
15996,The Dangs,The Dangs,Bardipada(Naktyahanwatsaja),
15997,The Dangs,The Dangs,Wahutiya,
15998,The Dangs,The Dangs,Bibupada,
15999,The Dangs,The Dangs,Kel,
16000,The Dangs,The Dangs,Badiganvtha,
16001,The Dangs,The Dangs,Barda(Khambhla Saja),
16002,The Dangs,The Dangs,Khajurna,
16003,The Dangs,The Dangs,Bijurpada,
16004,The Dangs,The Dangs,Chinchvihir,
16005,The Dangs,The Dangs,Sawarda,
16006,The Dangs,The Dangs,Kherindra,
16007,The Dangs,The Dangs,Kirli,
16008,The Dangs,The Dangs,Padalkhadi,
16009,The Dangs,The Dangs,Chikhli (Lavchalisaja),
16010,The Dangs,The Dangs,Gadhvi,
16011,The Dangs,The Dangs,Jamlapada(Gadhvisaja),
16012,The Dangs,The Dangs,Diwan Tembrun,
16013,The Dangs,The Dangs,Sarwar,
16014,The Dangs,The Dangs,Gunjpeda,
16015,The Dangs,The Dangs,Ghodi,
16016,The Dangs,The Dangs,Dhodhalpada,
16017,The Dangs,The Dangs,Chikar (Jhavdasaja),
16018,The Dangs,The Dangs,Borigaotha (Waghaisaja),
16019,The Dangs,The Dangs,Gira,
16020,The Dangs,The Dangs,Dabdar (Waghai),
16021,The Dangs,The Dangs,Kosimpatal,
16022,The Dangs,The Dangs,Kudkas,
16023,The Dangs,The Dangs,Kukadnakhi,
16024,The Dangs,The Dangs,Chichigaontha,
16025,The Dangs,The Dangs,Dhadhra,
16026,The Dangs,The Dangs,Hanwatchond,
16027,The Dangs,The Dangs,Sukmal,
16028,The Dangs,The Dangs,Kotba,
16029,The Dangs,The Dangs,Palsamal,
16030,The Dangs,The Dangs,Kakadvihir,
16031,The Dangs,The Dangs,Dholiyaumbar(Narayan devpada),
16032,The Dangs,The Dangs,Ambur,
16033,The Dangs,The Dangs,Malga,
16034,The Dangs,The Dangs,Bilbari,
16035,The Dangs,The Dangs,Dumarya,
16036,The Dangs,The Dangs,Nakatia Hanwat,
16037,The Dangs,The Dangs,Jhari,
16038,The Dangs,The Dangs,Jamanya,
16039,The Dangs,The Dangs,Ahirpada,
16040,The Dangs,The Dangs,Satbabla,
16041,The Dangs,The Dangs,Chichpada (Vadpada),
16042,The Dangs,The Dangs,Vadpada,
16043,The Dangs,The Dangs,Bokadmal,
16044,The Dangs,The Dangs,Pipalaidevi,
16045,The Dangs,The Dangs,Hindla,
16046,The Dangs,The Dangs,Dhuda,
16047,The Dangs,The Dangs,Dhavalidod,
16048,The Dangs,The Dangs,Ghubita,
16049,The Dangs,The Dangs,Chankhal,
16050,The Dangs,The Dangs,Jamanvihir,
16051,The Dangs,The Dangs,Isdar (Gadhvi),
16052,The Dangs,The Dangs,Gaurya,
16053,The Dangs,The Dangs,Chikatiya,
16054,The Dangs,The Dangs,Nadagkhadi,
16055,The Dangs,The Dangs,Davdahad,
16056,The Dangs,The Dangs,Pimpri,
16057,The Dangs,The Dangs,Bhawadi,
16058,The Dangs,The Dangs,Jhariya (Dungarda),
16059,The Dangs,The Dangs,Dodipada,
16060,The Dangs,The Dangs,BARDA,
16061,The Dangs,The Dangs,Dagadiamba,
16062,The Dangs,The Dangs,Malin,
16063,The Dangs,The Dangs,Dhulchond,
16064,The Dangs,The Dangs,Amsarwalan,
16065,The Dangs,The Dangs,Wangan,
16066,The Dangs,The Dangs,Bhavandagad,
16067,The Dangs,The Dangs,Sati,
16068,The Dangs,The Dangs,Mulchond,
16069,The Dangs,The Dangs,Ghoghli,
16070,The Dangs,The Dangs,Nilsakiya,
16071,The Dangs,The Dangs,Pipalyamal,
16072,The Dangs,The Dangs,Borkhet,
16073,The Dangs,The Dangs,Bhisya,
16074,The Dangs,The Dangs,Gondalvihir,
16075,The Dangs,The Dangs,Pipalghodi,
16076,The Dangs,The Dangs,Mahalpada,
16077,The Dangs,The Dangs,Sendriamba,
16078,The Dangs,The Dangs,Kalamvihir,
16079,The Dangs,The Dangs,Pipalpada,
16080,The Dangs,The Dangs,Vanzarghodi,
16081,The Dangs,The Dangs,Taklipada (Pipalaidevi),
16082,The Dangs,The Dangs,Sadadvihir,
16083,The Dangs,The Dangs,Garkhadi,
16084,The Dangs,The Dangs,Wadiawan,
16085,The Dangs,The Dangs,Harpada,
16086,The Dangs,The Dangs,Ghaniamba,
16087,The Dangs,The Dangs,Thorpada,
16088,The Dangs,The Dangs,Kamdiawan,
16089,The Dangs,The Dangs,Vanzattembrun,
16090,The Dangs,The Dangs,Karanjdi(Gadadsaja),
16091,The Dangs,The Dangs,Mogra,
16092,The Dangs,The Dangs,Pandva,
16093,The Dangs,The Dangs,Nandanpeda,
16094,The Dangs,The Dangs,Chaukiya,
16095,The Dangs,The Dangs,Chavadvel,
16096,The Dangs,The Dangs,Kasavdahad,
16097,The Dangs,The Dangs,Sunda,
16098,The Dangs,The Dangs,Golasta,
16099,The Dangs,The Dangs,Wawanda,
16100,The Dangs,The Dangs,Kutarnachiya,
16101,The Dangs,The Dangs,Bhendmal,
16102,The Dangs,The Dangs,Luharia,
16103,The Dangs,The Dangs,Borpada,
16104,The Dangs,The Dangs,Ambapada (Vaghai),
16105,The Dangs,The Dangs,Uga(Rambhasaja),
16106,The Dangs,The Dangs,Wanarchond,
16107,The Dangs,The Dangs,Dokpatal,
16108,The Dangs,The Dangs,Devipada,
16109,The Dangs,The Dangs,Jamalapada,
16110,The Dangs,The Dangs,Rambhas,
16111,The Dangs,The Dangs,Baj,
16112,The Dangs,The Dangs,Waghmal,
16113,The Dangs,The Dangs,Lahandabdar,
16114,The Dangs,The Dangs,Moti Dabdar,
16115,The Dangs,The Dangs,Khapri,
16116,The Dangs,The Dangs,Gaykhas,
16117,The Dangs,The Dangs,Ravchond,
16118,The Dangs,The Dangs,Isdar(Borkhalsaja),
16119,The Dangs,The Dangs,Garmal,
16120,The Dangs,The Dangs,Javtala,
16121,The Dangs,The Dangs,Morzira,
16122,The Dangs,The Dangs,Gadad,
16123,The Dangs,The Dangs,Madalbari,
16124,The Dangs,The Dangs,Waidun,
16125,The Dangs,The Dangs,Kadmal(Gadadsaja),
16126,The Dangs,The Dangs,Chinchdhara,
16127,The Dangs,The Dangs,Karadiamba,
16128,The Dangs,The Dangs,Gadvihir,
16129,The Dangs,The Dangs,Hanwatpada(Chinchlisaja),
16130,The Dangs,The Dangs,Nimpada,
16131,The Dangs,The Dangs,Mahardar,
16132,The Dangs,The Dangs,Chinchli,
16133,The Dangs,The Dangs,Don,
16134,The Dangs,The Dangs,Anjankund,
16135,The Dangs,The Dangs,Kosabia,
16136,The Dangs,The Dangs,Linga,
16137,The Dangs,The Dangs,Borkhal,
16138,The Dangs,The Dangs,Tembrungartha,
16139,The Dangs,The Dangs,Songir,
16140,The Dangs,The Dangs,Wasurna,
16141,The Dangs,The Dangs,Shivarimal,
16142,The Dangs,The Dangs,Chikar(Rambhas Saja),
16143,The Dangs,The Dangs,Barkhandhia,
16144,The Dangs,The Dangs,Bhurbhendi,
16145,The Dangs,The Dangs,Dagadpada,
16146,The Dangs,The Dangs,Khirmani,
16147,The Dangs,The Dangs,Susarda,
16148,The Dangs,The Dangs,Kunda,
16149,The Dangs,The Dangs,Sakarpatal,
16150,The Dangs,The Dangs,Sadadmal,
16151,The Dangs,The Dangs,Chikhalda,
16152,The Dangs,The Dangs,Nanapada,
16153,The Dangs,The Dangs,Kumarbandh,
16154,The Dangs,The Dangs,Aherdi,
16155,The Dangs,The Dangs,Ambapada (Chikhli Saja),
16156,The Dangs,The Dangs,Chikhali (Samgahan Saja),
16157,The Dangs,The Dangs,Borigaotha (Samgahan Saja),
16158,The Dangs,The Dangs,Maharaychond,
16159,The Dangs,The Dangs,Umbarpada,
16160,The Dangs,The Dangs,Taklipada (Taklipada Saja),
16161,The Dangs,The Dangs,Vihiramba,
16162,The Dangs,The Dangs,Bilmal,
16163,The Dangs,The Dangs,Kamad,
16164,The Dangs,The Dangs,Ukhatiya,
16165,The Dangs,The Dangs,Sinbandh,
16166,The Dangs,The Dangs,Wakarya,
16167,The Dangs,The Dangs,Motacharya,
16168,The Dangs,The Dangs,Lahancharya,
16169,The Dangs,The Dangs,Kahandolghodi,
16170,The Dangs,The Dangs,Nirgudmal,
16171,The Dangs,The Dangs,Moti Dabhas,
16172,The Dangs,The Dangs,Lahandabhas,
16173,The Dangs,The Dangs,Chirapada,
16174,The Dangs,The Dangs,Baripada,
16175,The Dangs,The Dangs,Bordahad,
16176,The Dangs,The Dangs,Dhangdi,
16177,The Dangs,The Dangs,Silotmal,
16178,The Dangs,The Dangs,Chinchod,
16179,The Dangs,The Dangs,Bhadarpada,
16180,The Dangs,The Dangs,Daguniya,
16181,The Dangs,The Dangs,Barda (Manmodisaja),
16182,The Dangs,The Dangs,Supdahad,
16183,The Dangs,The Dangs,Gundvahal,
16184,The Dangs,The Dangs,Darapada,
16185,The Dangs,The Dangs,Bhapkhal,
16186,The Dangs,The Dangs,Bhurapani,
16187,The Dangs,The Dangs,Dhumkhal,
16188,The Dangs,The Dangs,Jakhana,
16189,The Dangs,The Dangs,Chinchpada (Galkundsaja),
16190,The Dangs,The Dangs,Galkund,
16191,The Dangs,The Dangs,Pipalpada(Galkundsaja),
16192,The Dangs,The Dangs,Mohpada(Galkundsaja),
16193,The Dangs,The Dangs,Vanar,
16194,The Dangs,The Dangs,Ambalia,
16195,The Dangs,The Dangs,Umarya,
16196,The Dangs,The Dangs,Wanki,
16197,The Dangs,The Dangs,Payarpada,
16198,The Dangs,The Dangs,Jamdar,
16199,The Dangs,The Dangs,Samgahan,
16200,The Dangs,The Dangs,Ranpada,
16201,The Dangs,The Dangs,Murambi,
16202,The Dangs,The Dangs,Nadakchond,
16203,The Dangs,The Dangs,Ghodwahal,
16204,The Dangs,The Dangs,Nimbarpada,
16205,The Dangs,The Dangs,Bondarmal,
16206,The Dangs,The Dangs,Manmodi,
16207,The Dangs,The Dangs,Kanchanpada,
16208,The Dangs,The Dangs,Mota Malunga,
16209,The Dangs,The Dangs,Lahanmalunga,
16210,The Dangs,The Dangs,Humbapada,
16211,The Dangs,The Dangs,Sonuniya,
16212,The Dangs,The Dangs,Gundia,
16213,The Dangs,The Dangs,Barmiawad,
16214,The Dangs,The Dangs,Gotiyamal,
16215,The Dangs,The Dangs,Jogbari,
16216,The Dangs,The Dangs,Baradpani,
16217,The Dangs,The Dangs,Malegaon,
16218,The Dangs,The Dangs,Kotamdar,
16219,Navsari ,Navsari,Asundar,
16220,Navsari ,Navsari,Sarai,
16221,Navsari ,Navsari,Dhaman,
16222,Navsari ,Navsari,Parthan,
16223,Navsari ,Navsari,Vejalpor,
16224,Navsari ,Navsari,Telada,
16225,Navsari ,Navsari,Sarona,
16226,Navsari ,Navsari,Pera,
16227,Navsari ,Navsari,Kurel,
16228,Navsari ,Navsari,Supa,
16229,Navsari ,Navsari,Pinsad,
16230,Navsari ,Navsari,Padgha,
16231,Navsari ,Navsari,Kadipor,
16232,Navsari ,Navsari,Kasbapar,
16233,Navsari ,Navsari,Amri,
16234,Navsari ,Navsari,Amadpor,
16235,Navsari ,Navsari,Moldhara,
16236,Navsari ,Navsari,Tarsadi,
16237,Navsari ,Navsari,Khergam,
16238,Navsari ,Navsari,Vachharvad,
16239,Navsari ,Navsari,Shahu,
16240,Navsari ,Navsari,Singod,
16241,Navsari ,Navsari,Dandesar,
16242,Navsari ,Navsari,Onchi,
16243,Navsari ,Navsari,Virwadi,
16244,Navsari ,Navsari,Viraval,
16245,Navsari ,Navsari,Dharagiri,
16246,Navsari ,Navsari,Nasilpor,
16247,Navsari ,Navsari,Bhattai,
16248,Navsari ,Navsari,Munsad,
16249,Navsari ,Navsari,Vasar,
16250,Navsari ,Navsari,Ambada,
16251,Navsari ,Navsari,Ugat,
16252,Navsari ,Navsari,Navapara,
16253,Navsari ,Navsari,Satem,
16254,Navsari ,Navsari,Toli,
16255,Navsari ,Navsari,Sadlav,
16256,Navsari ,Navsari,Ashtagam,
16257,Navsari ,Navsari,Un,
16258,Navsari ,Navsari,Sisodra (Ganesh),
16259,Navsari ,Navsari,Tighra,
16260,Navsari ,Navsari,Dantej,
16261,Navsari ,Navsari,Italva,
16262,Navsari ,Navsari,Wada (Sisodra),
16263,Navsari ,Navsari,Pardi,
16264,Navsari ,Navsari,Sarpor,
16265,Navsari ,Navsari,Dabhalai,
16266,Navsari ,Navsari,Nagdhara,
16267,Navsari ,Navsari,Kumbhar Faliya,
16268,Navsari ,Navsari,Butlav,
16269,Navsari ,Navsari,Kanbad,
16270,Navsari ,Navsari,Bhula Faliya,
16271,Navsari ,Navsari,Khadsupa,
16272,Navsari ,Navsari,Kachhol,
16273,Navsari ,Navsari,Adada,
16274,Navsari ,Navsari,Partapor,
16275,Navsari ,Navsari,Mogar,
16276,Navsari ,Navsari,Chandravasan Supa,
16277,Navsari ,Navsari,Boriach,
16278,Navsari ,Navsari,Rajwada,
16279,Navsari ,Navsari,Kambada,
16280,Navsari ,Navsari,Bhunwadi,
16281,Navsari ,Navsari,Mahudi,
16282,Navsari ,Navsari,Puni,
16283,Navsari ,Navsari,Arsan,
16284,Navsari ,Jalalpore,Danti,
16285,Navsari ,Jalalpore,Umbhrat,
16286,Navsari ,Jalalpore,Bhatha,
16287,Navsari ,Jalalpore,Magob,
16288,Navsari ,Jalalpore,Karankhat,
16289,Navsari ,Jalalpore,Parujan,
16290,Navsari ,Jalalpore,Nadod,
16291,Navsari ,Jalalpore,Maroli,
16292,Navsari ,Jalalpore,Ponsara,
16293,Navsari ,Jalalpore,Wada,
16294,Navsari ,Jalalpore,Chokhad,
16295,Navsari ,Jalalpore,Dabhel,
16296,Navsari ,Jalalpore,Asana,
16297,Navsari ,Jalalpore,Kalakachha,
16298,Navsari ,Jalalpore,Ranodra,
16299,Navsari ,Jalalpore,Pardi (Alak),
16300,Navsari ,Jalalpore,Sisodra (Alak),
16301,Navsari ,Jalalpore,Kuched,
16302,Navsari ,Jalalpore,Sadodra,
16303,Navsari ,Jalalpore,Alak,
16304,Navsari ,Jalalpore,Vesma,
16305,Navsari ,Jalalpore,Sandalpor,
16306,Navsari ,Jalalpore,Simlak,
16307,Navsari ,Jalalpore,Kolasana,
16308,Navsari ,Jalalpore,Kadoli,
16309,Navsari ,Jalalpore,Dalki,
16310,Navsari ,Jalalpore,Mangrol,
16311,Navsari ,Jalalpore,Parsoli,
16312,Navsari ,Jalalpore,Nimlai,
16313,Navsari ,Jalalpore,Dipla,
16314,Navsari ,Jalalpore,Vansi,
16315,Navsari ,Jalalpore,Bhinar,
16316,Navsari ,Jalalpore,Delvada,
16317,Navsari ,Jalalpore,Vadoli,
16318,Navsari ,Jalalpore,Alura,
16319,Navsari ,Jalalpore,Simalgam,
16320,Navsari ,Jalalpore,Chhinam,
16321,Navsari ,Jalalpore,Mirjapor,
16322,Navsari ,Jalalpore,Sagra,
16323,Navsari ,Jalalpore,Manekpor,
16324,Navsari ,Jalalpore,Tankoli,
16325,Navsari ,Jalalpore,Tavdi,
16326,Navsari ,Jalalpore,Bodali,
16327,Navsari ,Jalalpore,Borsi,
16328,Navsari ,Jalalpore,Dandi,
16329,Navsari ,Jalalpore,Samapor,
16330,Navsari ,Jalalpore,Matwad,
16331,Navsari ,Jalalpore,Karadi,
16332,Navsari ,Jalalpore,Machhad,
16333,Navsari ,Jalalpore,Pethan,
16334,Navsari ,Jalalpore,Kothamadi,
16335,Navsari ,Jalalpore,Ethan,
16336,Navsari ,Jalalpore,Bhutsad,
16337,Navsari ,Jalalpore,Eroo,
16338,Navsari ,Jalalpore,Hansapor,
16339,Navsari ,Jalalpore,Mandir,
16340,Navsari ,Jalalpore,At,
16341,Navsari ,Jalalpore,Khambhlav,
16342,Navsari ,Jalalpore,Sultanpur,
16343,Navsari ,Jalalpore,Kalthan,
16344,Navsari ,Jalalpore,Abrama,
16345,Navsari ,Jalalpore,Dambher,
16346,Navsari ,Jalalpore,Vedchha,
16347,Navsari ,Jalalpore,Karod Kothva,
16348,Navsari ,Jalalpore,Sarav,
16349,Navsari ,Jalalpore,Chijgam,
16350,Navsari ,Jalalpore,Onjal,
16351,Navsari ,Jalalpore,Krushnapur,
16352,Navsari ,Jalalpore,Panar,
16353,Navsari ,Jalalpore,Kharsad,
16354,Navsari ,Jalalpore,Kanera,
16355,Navsari ,Gandevi,Mohanpur,
16356,Navsari ,Gandevi,Kolva,
16357,Navsari ,Gandevi,Salej,
16358,Navsari ,Gandevi,Ichhapor,
16359,Navsari ,Gandevi,Pinjra,
16360,Navsari ,Gandevi,Vegam,
16361,Navsari ,Gandevi,Vagalvad,
16362,Navsari ,Gandevi,Matwad,
16363,Navsari ,Gandevi,Gandeva,
16364,Navsari ,Gandevi,Khapariya,
16365,Navsari ,Gandevi,Pipaldhara,
16366,Navsari ,Gandevi,Manekpor,
16367,Navsari ,Gandevi,Gadat,
16368,Navsari ,Gandevi,Sonwadi,
16369,Navsari ,Gandevi,Ancheli,
16370,Navsari ,Gandevi,Khakhwada,
16371,Navsari ,Gandevi,Pathri,
16372,Navsari ,Gandevi,Dhanori,
16373,Navsari ,Gandevi,Endhal,
16374,Navsari ,Gandevi,Duwada,
16375,Navsari ,Gandevi,Vadsangal,
16376,Navsari ,Gandevi,Rahej,
16377,Navsari ,Gandevi,Ajrai,
16378,Navsari ,Gandevi,Kachholi,
16379,Navsari ,Gandevi,Ganghor,
16380,Navsari ,Gandevi,Amalsad,
16381,Navsari ,Gandevi,Vasan,
16382,Navsari ,Gandevi,Kotha,
16383,Navsari ,Gandevi,Masa,
16384,Navsari ,Gandevi,Sarikhurd,
16385,Navsari ,Gandevi,Saribujrang,
16386,Navsari ,Gandevi,Dhamdachha,
16387,Navsari ,Gandevi,Torangam,
16388,Navsari ,Gandevi,Khergam,
16389,Navsari ,Gandevi,Deshad,
16390,Navsari ,Gandevi,Kalvach,
16391,Navsari ,Gandevi,Ambheta,
16392,Navsari ,Gandevi,Pati,
16393,Navsari ,Gandevi,Valoti,
16394,Navsari ,Gandevi,Devdha,
16395,Navsari ,Gandevi,Chhapar,
16396,Navsari ,Gandevi,Mendhar,
16397,Navsari ,Gandevi,Morali,
16398,Navsari ,Gandevi,Kalamtha,
16399,Navsari ,Gandevi,Bhatha,
16400,Navsari ,Gandevi,Dhakwada,
16401,Navsari ,Gandevi,Kesali,
16402,Navsari ,Gandevi,Nandarkha,
16403,Navsari ,Gandevi,Vaghrech,
16404,Navsari ,Gandevi,Bigri,
16405,Navsari ,Gandevi,Govandi Bhathala,
16406,Navsari ,Gandevi,Vangam,
16407,Navsari ,Gandevi,Khaparwada,
16408,Navsari ,Gandevi,Undach Luhar Faliya,
16409,Navsari ,Gandevi,Undach Vaniya Faliya,
16410,Navsari ,Chikhli,Nogama,
16411,Navsari ,Chikhli,Saraiya,
16412,Navsari ,Chikhli,Chitali,
16413,Navsari ,Chikhli,Jogwad,
16414,Navsari ,Chikhli,Kangvai,
16415,Navsari ,Chikhli,Bodvank,
16416,Navsari ,Chikhli,Tankal,
16417,Navsari ,Chikhli,Minkachchh,
16418,Navsari ,Chikhli,Barolia,
16419,Navsari ,Chikhli,Sunthwad,
16420,Navsari ,Chikhli,Degam,
16421,Navsari ,Chikhli,Chasa,
16422,Navsari ,Chikhli,Vanzna,
16423,Navsari ,Chikhli,Ranverikalla,
16424,Navsari ,Chikhli,Ranverikhurd,
16425,Navsari ,Chikhli,Kharoli,
16426,Navsari ,Chikhli,Kukeri,
16427,Navsari ,Chikhli,Surkhai,
16428,Navsari ,Chikhli,Rankuwa,
16429,Navsari ,Chikhli,Undhwal,
16430,Navsari ,Chikhli,Rethvania,
16431,Navsari ,Chikhli,Alipor,
16432,Navsari ,Chikhli,Manekpor,
16433,Navsari ,Chikhli,Harangam,
16434,Navsari ,Chikhli,Donja,
16435,Navsari ,Chikhli,Sadadvel,
16436,Navsari ,Chikhli,Bamanvel,
16437,Navsari ,Chikhli,Khundh,
16438,Navsari ,Chikhli,Thala,
16439,Navsari ,Chikhli,Samaroli,
16440,Navsari ,Chikhli,Majigam,
16441,Navsari ,Chikhli,Ghekti,
16442,Navsari ,Chikhli,Vankal,
16443,Navsari ,Chikhli,Hond,
16444,Navsari ,Chikhli,Malwada,
16445,Navsari ,Chikhli,Sadakpor,
16446,Navsari ,Chikhli,Khambhda,
16447,Navsari ,Chikhli,Khudvel,
16448,Navsari ,Chikhli,Fadvel,
16449,Navsari ,Chikhli,Saravani,
16450,Navsari ,Chikhli,Ambach,
16451,Navsari ,Chikhli,Kanbhai,
16452,Navsari ,Chikhli,Syada,
16453,Navsari ,Chikhli,Kaliyari,
16454,Navsari ,Chikhli,Bamanwada,
16455,Navsari ,Chikhli,Amadhara,
16456,Navsari ,Chikhli,Pipalgabhan,
16457,Navsari ,Chikhli,Talavchora,
16458,Navsari ,Chikhli,Balwada,
16459,Navsari ,Chikhli,Tejlav,
16460,Navsari ,Chikhli,Maliadhara,
16461,Navsari ,Chikhli,Soldhara,
16462,Navsari ,Chikhli,Mograwadi,
16463,Navsari ,Chikhli,Gholar,
16464,Navsari ,Chikhli,Godthal,
16465,Navsari ,Chikhli,Velanpor,
16466,Navsari ,Chikhli,Kakadvel,
16467,Navsari ,Chikhli,Mandav Khadak,
16468,Navsari ,Chikhli,Agasi,
16469,Navsari ,Chikhli,Rumla,
16470,Navsari ,Chikhli,Pananj,
16471,Navsari ,Chikhli,Vad,
16472,Navsari ,Chikhli,Ghej,
16473,Navsari ,Chikhli,Chari,
16474,Navsari ,Chikhli,Vav,
16475,Navsari ,Chikhli,Achhavani,
16476,Navsari ,Chikhli,Nadagdhari,
16477,Navsari ,Chikhli,Dhama Dhuma,
16478,Navsari ,Chikhli,Ghodvani,
16479,Navsari ,Chikhli,Zari,
16480,Navsari ,Chikhli,Dholumber,
16481,Navsari ,Chikhli,Toranvera,
16482,Navsari ,Chikhli,Panikhadak,
16483,Navsari ,Chikhli,Jamanpada,
16484,Navsari ,Chikhli,Debarpada,
16485,Navsari ,Chikhli,Ruzvani,
16486,Navsari ,Chikhli,Khergam,
16487,Navsari ,Chikhli,Naranpor,
16488,Navsari ,Chikhli,Nandhai,
16489,Navsari ,Chikhli,Bhervi,
16490,Navsari ,Chikhli,Peladi Bhervi,
16491,Navsari ,Chikhli,Bahej,
16492,Navsari ,Chikhli,Chimanpada,
16493,Navsari ,Chikhli,Gauri,
16494,Navsari ,Chikhli,Vadpada,
16495,Navsari ,Chikhli,Kakadveri,
16496,Navsari ,Chikhli,Pati,
16497,Navsari ,Bansda,Sindhai,
16498,Navsari ,Bansda,Khambhaliya,
16499,Navsari ,Bansda,Bartad (Unai),
16500,Navsari ,Bansda,Unai,
16501,Navsari ,Bansda,Chadhav,
16502,Navsari ,Bansda,Palgabhan,
16503,Navsari ,Bansda,Bhinar,
16504,Navsari ,Bansda,Kelkutch,
16505,Navsari ,Bansda,Dharampuri,
16506,Navsari ,Bansda,Kureliya,
16507,Navsari ,Bansda,Nani Valzar,
16508,Navsari ,Bansda,Singadh,
16509,Navsari ,Bansda,Rupvel,
16510,Navsari ,Bansda,Chapaldhara,
16511,Navsari ,Bansda,Rajpur,
16512,Navsari ,Bansda,Pratapnagar,
16513,Navsari ,Bansda,Zari,
16514,Navsari ,Bansda,Doldha,
16515,Navsari ,Bansda,Kamboya,
16516,Navsari ,Bansda,Limbarpada,
16517,Navsari ,Bansda,Lakhawadi,
16518,Navsari ,Bansda,Kandolpada,
16519,Navsari ,Bansda,Kantasvel,
16520,Navsari ,Bansda,Moti Valzar,
16521,Navsari ,Bansda,Nani Bhamti,
16522,Navsari ,Bansda,Hanumanbari,
16523,Navsari ,Bansda,Kukda,
16524,Navsari ,Bansda,Sara,
16525,Navsari ,Bansda,Kharjai,
16526,Navsari ,Bansda,Kala Amba,
16527,Navsari ,Bansda,Vati,
16528,Navsari ,Bansda,Sadad Devi,
16529,Navsari ,Bansda,Ambabari,
16530,Navsari ,Bansda,Kevdi,
16531,Navsari ,Bansda,Mahuvas,
16532,Navsari ,Bansda,Charanwada,
16533,Navsari ,Bansda,Godhabari,
16534,Navsari ,Bansda,Holipada,
16535,Navsari ,Bansda,Moti Bhamti,
16536,Navsari ,Bansda,Ranifaliya,
16537,Navsari ,Bansda,Upsal,
16538,Navsari ,Bansda,Vanarasi,
16539,Navsari ,Bansda,Dubal Faliya,
16540,Navsari ,Bansda,Dholumber,
16541,Navsari ,Bansda,Vaghabari,
16542,Navsari ,Bansda,Vandarvela,
16543,Navsari ,Bansda,Kansariya,
16544,Navsari ,Bansda,Rangpur,
16545,Navsari ,Bansda,Vanskui,
16546,Navsari ,Bansda,Limzar,
16547,Navsari ,Bansda,Chikatiya,
16548,Navsari ,Bansda,Jamaliya,
16549,Navsari ,Bansda,Vasiya Talav,
16550,Navsari ,Bansda,Sitapur,
16551,Navsari ,Bansda,Navtad,
16552,Navsari ,Bansda,Tadpada,
16553,Navsari ,Bansda,Vaghai,
16554,Navsari ,Bansda,Khambhala,
16555,Navsari ,Bansda,Kapadvanj,
16556,Navsari ,Bansda,Dhakmal,
16557,Navsari ,Bansda,Manpur,
16558,Navsari ,Bansda,Khadakiya,
16559,Navsari ,Bansda,Navanagar,
16560,Navsari ,Bansda,Mindhabari,
16561,Navsari ,Bansda,Gangpur,
16562,Navsari ,Bansda,Umarkui,
16563,Navsari ,Bansda,Sukhabari,
16564,Navsari ,Bansda,Kelia,
16565,Navsari ,Bansda,Vadichondha,
16566,Navsari ,Bansda,Kavdej,
16567,Navsari ,Bansda,Lachhakadi,
16568,Navsari ,Bansda,Boriachh,
16569,Navsari ,Bansda,Zuj,
16570,Navsari ,Bansda,Ambapani,
16571,Navsari ,Bansda,Bilmoda,
16572,Navsari ,Bansda,Vangan,
16573,Navsari ,Bansda,Raybor,
16574,Navsari ,Bansda,Khata Amba,
16575,Navsari ,Bansda,Ghodmal,
16576,Navsari ,Bansda,Pipalkhed,
16577,Navsari ,Bansda,Ravaniya,
16578,Navsari ,Bansda,Mankunia,
16579,Navsari ,Bansda,Chorvani,
16580,Navsari ,Bansda,Kanadha,
16581,Navsari ,Bansda,Bedmal,
16582,Navsari ,Bansda,Anklachh,
16583,Navsari ,Bansda,Lakadbari,
16584,Navsari ,Bansda,Bartad (Khanpur),
16585,Navsari ,Bansda,Khanpur,
16586,Navsari ,Bansda,Satimal,
16587,Navsari ,Bansda,Kamal Zari,
16588,Navsari ,Bansda,Chondha,
16589,Navsari ,Bansda,Mola Amba,
16590,Navsari ,Bansda,Nirpan,
16591,Valsad,Valsad,Malvan,
16592,Valsad,Valsad,Kakwadi Danti,
16593,Valsad,Valsad,Untdi,
16594,Valsad,Valsad,Jespor,
16595,Valsad,Valsad,Olgam,
16596,Valsad,Valsad,Vasan,
16597,Valsad,Valsad,Vaghaldhara,
16598,Valsad,Valsad,Gorgam,
16599,Valsad,Valsad,Panchlai,
16600,Valsad,Valsad,Rola,
16601,Valsad,Valsad,Dungri,
16602,Valsad,Valsad,Dharasna,
16603,Valsad,Valsad,Dandi,
16604,Valsad,Valsad,Bhagal,
16605,Valsad,Valsad,Chharvada,
16606,Valsad,Valsad,Umarsadi,
16607,Valsad,Valsad,Shanker Talav,
16608,Valsad,Valsad,Bhanji Falia,
16609,Valsad,Valsad,Sonwada,
16610,Valsad,Valsad,Tighara,
16611,Valsad,Valsad,Dhanori,
16612,Valsad,Valsad,Endergota,
16613,Valsad,Valsad,Kundi,
16614,Valsad,Valsad,Sarodhi,
16615,Valsad,Valsad,Chikhla,
16616,Valsad,Valsad,Bhadeli Jagalala,
16617,Valsad,Valsad,Bhadeli Desai Party,
16618,Valsad,Valsad,Lilapore,
16619,Valsad,Valsad,Saron,
16620,Valsad,Valsad,Khajurdi,
16621,Valsad,Valsad,Palan,
16622,Valsad,Valsad,Fanaswada,
16623,Valsad,Valsad,Atgam,
16624,Valsad,Valsad,Segva,
16625,Valsad,Valsad,Muli,
16626,Valsad,Valsad,Kewada,
16627,Valsad,Valsad,Nandawala,
16628,Valsad,Valsad,Vejalpore,
16629,Valsad,Valsad,Gundlav,
16630,Valsad,Valsad,Gorwada,
16631,Valsad,Valsad,Ovada,
16632,Valsad,Valsad,Kochwada,
16633,Valsad,Valsad,Kalwada,
16634,Valsad,Valsad,Pitha,
16635,Valsad,Valsad,Marala,
16636,Valsad,Valsad,Sarangpur,
16637,Valsad,Valsad,Kanjan Ranchhod,
16638,Valsad,Valsad,Thakkarwada,
16639,Valsad,Valsad,Kanjan Hari,
16640,Valsad,Valsad,Jujwa,
16641,Valsad,Valsad,Ghadoi,
16642,Valsad,Valsad,Dhamdachi,
16643,Valsad,Valsad,Surwada,
16644,Valsad,Valsad,Segvi (Part),
16645,Valsad,Valsad,Atak Pardi,
16646,Valsad,Valsad,Pathri,
16647,Valsad,Valsad,Gadaria,
16648,Valsad,Valsad,Kaparia,
16649,Valsad,Valsad,Dulsad,
16650,Valsad,Valsad,Bhutsar,
16651,Valsad,Valsad,Ronvel,
16652,Valsad,Valsad,Bhoma Pardi,
16653,Valsad,Valsad,Anjlav,
16654,Valsad,Valsad,Chanvai,
16655,Valsad,Valsad,Chichwada,
16656,Valsad,Valsad,Dived,
16657,Valsad,Valsad,Magod,
16658,Valsad,Valsad,Magod Dungri,
16659,Valsad,Valsad,Atar,
16660,Valsad,Valsad,Meh,
16661,Valsad,Valsad,Bhagod,
16662,Valsad,Valsad,Pardi Hariya,
16663,Valsad,Valsad,Hariya,
16664,Valsad,Valsad,Binwada,
16665,Valsad,Valsad,Rabada,
16666,Valsad,Valsad,Navera,
16667,Valsad,Valsad,Bodlai,
16668,Valsad,Valsad,Valandi,
16669,Valsad,Valsad,Vankal,
16670,Valsad,Valsad,Ozar,
16671,Valsad,Valsad,Kachigam,
16672,Valsad,Valsad,Kakadmati,
16673,Valsad,Valsad,Faldhara,
16674,Valsad,Valsad,Kosamkuwa,
16675,Valsad,Valsad,Velvach,
16676,Valsad,Valsad,Chinchai,
16677,Valsad,Dharampur,Bhambha,
16678,Valsad,Dharampur,Maragmal,
16679,Valsad,Dharampur,Virval,
16680,Valsad,Dharampur,Rajpuri Talat,
16681,Valsad,Dharampur,Nani Dhol Dungari,
16682,Valsad,Dharampur,Moti Dhol Dungari,
16683,Valsad,Dharampur,Khatana,
16684,Valsad,Dharampur,Karanjveri,
16685,Valsad,Dharampur,Amba Talat,
16686,Valsad,Dharampur,Khanda,
16687,Valsad,Dharampur,Bhavada (Talat),
16688,Valsad,Dharampur,Khamdahad,
16689,Valsad,Dharampur,Bopi,
16690,Valsad,Dharampur,Chasmandva,
16691,Valsad,Dharampur,Jagiri,
16692,Valsad,Dharampur,Tanachhiya,
16693,Valsad,Dharampur,Nadagdhari Jungle,
16694,Valsad,Dharampur,Sajani Barada,
16695,Valsad,Dharampur,Hathanbari,
16696,Valsad,Dharampur,Hanmatmal,
16697,Valsad,Dharampur,Luheri,
16698,Valsad,Dharampur,Kangvi,
16699,Valsad,Dharampur,Asura,
16700,Valsad,Dharampur,Ranpada,
16701,Valsad,Dharampur,Bamti,
16702,Valsad,Dharampur,Barsol,
16703,Valsad,Dharampur,Kharvel,
16704,Valsad,Dharampur,Tiskari Talat,
16705,Valsad,Dharampur,Baroliya,
16706,Valsad,Dharampur,Bilpudi,
16707,Valsad,Dharampur,Barumal,
16708,Valsad,Dharampur,Sidumber,
16709,Valsad,Dharampur,Avdha,
16710,Valsad,Dharampur,Rajpuri Jungle,
16711,Valsad,Dharampur,Gorakhada,
16712,Valsad,Dharampur,Sisumal,
16713,Valsad,Dharampur,Bhavthan Ambosi,
16714,Valsad,Dharampur,Bokaddhara,
16715,Valsad,Dharampur,Ganva,
16716,Valsad,Dharampur,Manaichondi,
16717,Valsad,Dharampur,Mama Bhacha,
16718,Valsad,Dharampur,Molveri,
16719,Valsad,Dharampur,Bildha,
16720,Valsad,Dharampur,Mordahad,
16721,Valsad,Dharampur,Vankhas,
16722,Valsad,Dharampur,Gadi,
16723,Valsad,Dharampur,Pipalpada,
16724,Valsad,Dharampur,Jamaliya,
16725,Valsad,Dharampur,Kosimpada,
16726,Valsad,Dharampur,Vathoda,
16727,Valsad,Dharampur,Pandav Khadak,
16728,Valsad,Dharampur,Upalpada,
16729,Valsad,Dharampur,Pangarbari,
16730,Valsad,Dharampur,Piprol,
16731,Valsad,Dharampur,Ukta,
16732,Valsad,Dharampur,Chichozar,
16733,Valsad,Dharampur,Zariya,
16734,Valsad,Dharampur,Kakadkuva,
16735,Valsad,Dharampur,Tanki,
16736,Valsad,Dharampur,Tumbi,
16737,Valsad,Dharampur,Kurgam,
16738,Valsad,Dharampur,Lakadmal,
16739,Valsad,Dharampur,Nani Vahiyal,
16740,Valsad,Dharampur,Fulwadi,
16741,Valsad,Dharampur,Bhensdara,
16742,Valsad,Dharampur,Kelvani,
16743,Valsad,Dharampur,Panva,
16744,Valsad,Dharampur,Titu Khadak,
16745,Valsad,Dharampur,Ranveri,
16746,Valsad,Dharampur,Pindval,
16747,Valsad,Dharampur,Vaghval,
16748,Valsad,Dharampur,Ulaspendi,
16749,Valsad,Dharampur,Sadadvera,
16750,Valsad,Dharampur,Samarsingi,
16751,Valsad,Dharampur,Sondar,
16752,Valsad,Dharampur,Murdad,
16753,Valsad,Dharampur,Madhuri,
16754,Valsad,Dharampur,Khadki,
16755,Valsad,Dharampur,Chavra,
16756,Valsad,Dharampur,Gundiya,
16757,Valsad,Dharampur,Paikhed,
16758,Valsad,Dharampur,Moti Kosbadi,
16759,Valsad,Dharampur,Bhanval,
16760,Valsad,Dharampur,Hedri,
16761,Valsad,Dharampur,Pirmal,
16762,Valsad,Dharampur,Dandval,
16763,Valsad,Dharampur,Makadban,
16764,Valsad,Dharampur,Dhamni,
16765,Valsad,Dharampur,Tamachhadi,
16766,Valsad,Dharampur,Pendha,
16767,Valsad,Dharampur,Vanjhalat,
16768,Valsad,Dharampur,Pondha Jungle,
16769,Valsad,Dharampur,Nani Kosbadi,
16770,Valsad,Dharampur,Bhavthan Jungle,
16771,Valsad,Dharampur,Tutarkhed,
16772,Valsad,Dharampur,Santvankal,
16773,Valsad,Dharampur,Khapatiya,
16774,Valsad,Dharampur,Avalkhandi,
16775,Valsad,Dharampur,Singarmal,
16776,Valsad,Dharampur,Moti Korval,
16777,Valsad,Dharampur,Nani Korval,
16778,Valsad,Dharampur,Dhakval,
16779,Valsad,Dharampur,Mohna Kavchali,
16780,Valsad,Dharampur,Vansda Jungle,
16781,Valsad,Dharampur,Mohpada,
16782,Valsad,Dharampur,Bhutrun,
16783,Valsad,Dharampur,Khoba,
16784,Valsad,Pardi,Umarsadi,
16785,Valsad,Pardi,Balda,
16786,Valsad,Pardi,Kumbhariya,
16787,Valsad,Pardi,Sondhalwada,
16788,Valsad,Pardi,Parvasa,
16789,Valsad,Pardi,Kachwal,
16790,Valsad,Pardi,Mota Waghchhipa,
16791,Valsad,Pardi,Nana Waghchhipa,
16792,Valsad,Pardi,Sukhesh,
16793,Valsad,Pardi,Borlai,
16794,Valsad,Pardi,Sukhlav,
16795,Valsad,Pardi,Velparva,
16796,Valsad,Pardi,Khadki,
16797,Valsad,Pardi,Motiwada,
16798,Valsad,Pardi,Palsana,
16799,Valsad,Pardi,Kalsar,
16800,Valsad,Pardi,Udwada,
16801,Valsad,Pardi,Kolak,
16802,Valsad,Pardi,Kikarla,
16803,Valsad,Pardi,Rentlav,
16804,Valsad,Pardi,Dungri,
16805,Valsad,Pardi,Dashwada,
16806,Valsad,Pardi,Amli,
16807,Valsad,Pardi,Sonwada,
16808,Valsad,Pardi,Varai,
16809,Valsad,Pardi,Nimkhal,
16810,Valsad,Pardi,Panchlai,
16811,Valsad,Pardi,Lakhmapor,
16812,Valsad,Pardi,Nevri,
16813,Valsad,Pardi,Rabdi,
16814,Valsad,Pardi,Asma,
16815,Valsad,Pardi,Tarmaliya,
16816,Valsad,Pardi,Khuntej,
16817,Valsad,Pardi,Sarodhi,
16818,Valsad,Pardi,Saran,
16819,Valsad,Pardi,Tarakpardi,
16820,Valsad,Pardi,Vatar,
16821,Valsad,Pardi,Kunta,
16822,Valsad,Pardi,Morai,
16823,Valsad,Pardi,Bagwada,
16824,Valsad,Pardi,Tighara,
16825,Valsad,Pardi,Paria,
16826,Valsad,Pardi,Rohina,
16827,Valsad,Pardi,Samarpada,
16828,Valsad,Pardi,Dhagadmal,
16829,Valsad,Pardi,Daheli,
16830,Valsad,Pardi,Chival,
16831,Valsad,Pardi,Arnala,
16832,Valsad,Pardi,Pati,
16833,Valsad,Pardi,Goima,
16834,Valsad,Pardi,Barai,
16835,Valsad,Pardi,Dumalav,
16836,Valsad,Pardi,Tukwada,
16837,Valsad,Pardi,Ambach,
16838,Valsad,Pardi,Kherlav,
16839,Valsad,Pardi,Pandor,
16840,Valsad,Pardi,Rata,
16841,Valsad,Pardi,Chharwada,
16842,Valsad,Pardi,Namdha,
16843,Valsad,Pardi,Chandor,
16844,Valsad,Pardi,Kocharva,
16845,Valsad,Pardi,Vankachh,
16846,Valsad,Pardi,Koparli,
16847,Valsad,Pardi,Kaval,
16848,Valsad,Pardi,Karaya,
16849,Valsad,Pardi,Nani Tambadi,
16850,Valsad,Pardi,Degam,
16851,Valsad,Pardi,Moti Tambadi,
16852,Valsad,Pardi,Karamkhal,
16853,Valsad,Pardi,Chibhad Kachchh,
16854,Valsad,Kaprada,Babarkhadak,
16855,Valsad,Kaprada,Vadkhambha,
16856,Valsad,Kaprada,Kharedi,
16857,Valsad,Kaprada,Moti Vahiyal,
16858,Valsad,Kaprada,Nali Madhani,
16859,Valsad,Kaprada,Arnai,
16860,Valsad,Kaprada,Amdha,
16861,Valsad,Kaprada,Panas,
16862,Valsad,Kaprada,Dhodhad kuva,
16863,Valsad,Kaprada,Sukhala,
16864,Valsad,Kaprada,Ambheti,
16865,Valsad,Kaprada,Kakadkopar,
16866,Valsad,Kaprada,Vajvad,
16867,Valsad,Kaprada,Balchondhi,
16868,Valsad,Kaprada,Nana Pondha,
16869,Valsad,Kaprada,Jogvel,
16870,Valsad,Kaprada,Khuntli,
16871,Valsad,Kaprada,Ozarda,
16872,Valsad,Kaprada,Kunda,
16873,Valsad,Kaprada,Veri Bhavada,
16874,Valsad,Kaprada,Mendha,
16875,Valsad,Kaprada,Mani,
16876,Valsad,Kaprada,Borpada,
16877,Valsad,Kaprada,Tokarpada,
16878,Valsad,Kaprada,Panchvera,
16879,Valsad,Kaprada,Keldha,
16880,Valsad,Kaprada,Piproti,
16881,Valsad,Kaprada,Bhavada Jagiri (Forest),
16882,Valsad,Kaprada,Chichpada,
16883,Valsad,Kaprada,Nandgam,
16884,Valsad,Kaprada,Matuniya,
16885,Valsad,Kaprada,Chandvegan,
16886,Valsad,Kaprada,Varoli Talat,
16887,Valsad,Kaprada,Kajli,
16888,Valsad,Kaprada,Kothar,
16889,Valsad,Kaprada,Mota Pondha,
16890,Valsad,Kaprada,Ozar,
16891,Valsad,Kaprada,Bhandar Kutch,
16892,Valsad,Kaprada,Mandva,
16893,Valsad,Kaprada,Kaprada,
16894,Valsad,Kaprada,Dabkhal,
16895,Valsad,Kaprada,Dabhadi,
16896,Valsad,Kaprada,Chavshala,
16897,Valsad,Kaprada,Rahor,
16898,Valsad,Kaprada,Kasatveri,
16899,Valsad,Kaprada,Vavar,
16900,Valsad,Kaprada,Barpuda,
16901,Valsad,Kaprada,Huda,
16902,Valsad,Kaprada,Ghotan,
16903,Valsad,Kaprada,Amba Jungle,
16904,Valsad,Kaprada,Divsi,
16905,Valsad,Kaprada,Bilaniya,
16906,Valsad,Kaprada,Khadakval,
16907,Valsad,Kaprada,Rohiyal Talat,
16908,Valsad,Kaprada,Manala,
16909,Valsad,Kaprada,Vaddha,
16910,Valsad,Kaprada,Jam Gabhan,
16911,Valsad,Kaprada,Jirval,
16912,Valsad,Kaprada,Varna,
16913,Valsad,Kaprada,Andharpada,
16914,Valsad,Kaprada,Hedalbari,
16915,Valsad,Kaprada,Burla,
16916,Valsad,Kaprada,Varvath,
16917,Valsad,Kaprada,Lavkar,
16918,Valsad,Kaprada,Dixal,
16919,Valsad,Kaprada,Fali,
16920,Valsad,Kaprada,Sutharpada,
16921,Valsad,Kaprada,Kotalgam,
16922,Valsad,Kaprada,Girnara,
16923,Valsad,Kaprada,Narvad,
16924,Valsad,Kaprada,Dhaman Vegan,
16925,Valsad,Kaprada,Karjun,
16926,Valsad,Kaprada,Niloshi,
16927,Valsad,Kaprada,Sildha,
16928,Valsad,Kaprada,Astol,
16929,Valsad,Kaprada,Khatuniya,
16930,Valsad,Kaprada,Sukalbari,
16931,Valsad,Kaprada,Dahikhed,
16932,Valsad,Kaprada,Burvad,
16933,Valsad,Kaprada,Kastoniya,
16934,Valsad,Kaprada,Ketki,
16935,Valsad,Kaprada,Pendhardevi,
16936,Valsad,Kaprada,Eklera,
16937,Valsad,Kaprada,Singartati,
16938,Valsad,Kaprada,Sarvartati,
16939,Valsad,Kaprada,Kolvera,
16940,Valsad,Kaprada,Vadset,
16941,Valsad,Kaprada,Valveri,
16942,Valsad,Kaprada,Pipalset,
16943,Valsad,Kaprada,Viraxet,
16944,Valsad,Kaprada,Vadoli,
16945,Valsad,Kaprada,Aslona,
16946,Valsad,Kaprada,Shahuda,
16947,Valsad,Kaprada,Chepa,
16948,Valsad,Kaprada,Bamanvel,
16949,Valsad,Kaprada,Umli,
16950,Valsad,Kaprada,Karchond,
16951,Valsad,Kaprada,Fatepur,
16952,Valsad,Kaprada,Piproni,
16953,Valsad,Kaprada,Meghval,
16954,Valsad,Kaprada,Madhuban,
16955,Valsad,Kaprada,Raymal,
16956,Valsad,Kaprada,Nagar,
16957,Valsad,Kaprada,Varoli Jungle,
16958,Valsad,Kaprada,Tiskari Jungle,
16959,Valsad,Kaprada,Vadi,
16960,Valsad,Kaprada,Teri Chikhli,
16961,Valsad,Kaprada,Moti Palsan,
16962,Valsad,Kaprada,Rohiyal Jungle,
16963,Valsad,Kaprada,Nani Palsan,
16964,Valsad,Kaprada,Likhavad,
16965,Valsad,Kaprada,Biliya,
16966,Valsad,Kaprada,Malghar,
16967,Valsad,Kaprada,Ghotval,
16968,Valsad,Kaprada,Asalkanti,
16969,Valsad,Kaprada,Ghanveri,
16970,Valsad,Kaprada,Bhurval,
16971,Valsad,Kaprada,Umarpada,
16972,Valsad,Kaprada,Ghadvi,
16973,Valsad,Kaprada,Dharanmal,
16974,Valsad,Kaprada,Tukvada,
16975,Valsad,Kaprada,Bhatheri,
16976,Valsad,Kaprada,Kumbhset,
16977,Valsad,Kaprada,Malungi,
16978,Valsad,Kaprada,Titumal,
16979,Valsad,Kaprada,Nirval,
16980,Valsad,Kaprada,Dighi,
16981,Valsad,Kaprada,Suliya,
16982,Valsad,Umbergaon,Fansa,
16983,Valsad,Umbergaon,Kalai,
16984,Valsad,Umbergaon,Pali Karambeli,
16985,Valsad,Umbergaon,Mohan,
16986,Valsad,Umbergaon,Jamburi,
16987,Valsad,Umbergaon,Pali,
16988,Valsad,Umbergaon,Kalgam,
16989,Valsad,Umbergaon,Punat,
16990,Valsad,Umbergaon,Eklahare,
16991,Valsad,Umbergaon,Nahuli,
16992,Valsad,Umbergaon,Valwada,
16993,Valsad,Umbergaon,Achchhari,
16994,Valsad,Umbergaon,Bhathi Karambeli,
16995,Valsad,Umbergaon,Angam,
16996,Valsad,Umbergaon,Maroli,
16997,Valsad,Umbergaon,Tadgam,
16998,Valsad,Umbergaon,Sarai,
16999,Valsad,Umbergaon,Manda,
17000,Valsad,Umbergaon,Boralai,
17001,Valsad,Umbergaon,Borigam,
17002,Valsad,Umbergaon,Kachigam,
17003,Valsad,Umbergaon,Dhanoli,
17004,Valsad,Umbergaon,Mamakwada,
17005,Valsad,Umbergaon,Seronda,
17006,Valsad,Umbergaon,Manekpur,
17007,Valsad,Umbergaon,Talwada,
17008,Valsad,Umbergaon,Nagwas,
17009,Valsad,Umbergaon,Zaroli,
17010,Valsad,Umbergaon,Nandigam,
17011,Valsad,Umbergaon,Malav,
17012,Valsad,Umbergaon,Vankas,
17013,Valsad,Umbergaon,Khattalwada,
17014,Valsad,Umbergaon,Ahu,
17015,Valsad,Umbergaon,Nargol,
17016,Valsad,Umbergaon,Tumb,
17017,Valsad,Umbergaon,Anklas,
17018,Valsad,Umbergaon,Ghimsa Kankariya,
17019,Valsad,Umbergaon,Tembhi,
17020,Valsad,Umbergaon,Palgam,
17021,Valsad,Umbergaon,Govada,
17022,Valsad,Umbergaon,Dahad,
17023,Valsad,Umbergaon,Humran,
17024,Valsad,Umbergaon,Karambele,
17025,Surat,Olpad,Nesh,
17026,Surat,Olpad,Karanj,
17027,Surat,Olpad,Pardi Zankhri,
17028,Surat,Olpad,Kamroli,
17029,Surat,Olpad,Mandroi,
17030,Surat,Olpad,Thothab,
17031,Surat,Olpad,Koba,
17032,Surat,Olpad,Pardi Koba,
17033,Surat,Olpad,Kasad,
17034,Surat,Olpad,Kadrama,
17035,Surat,Olpad,Bhadol,
17036,Surat,Olpad,Vadoli,
17037,Surat,Olpad,Umrachhi,
17038,Surat,Olpad,Anita,
17039,Surat,Olpad,Bolav,
17040,Surat,Olpad,Kimamli,
17041,Surat,Olpad,Kathodra,
17042,Surat,Olpad,Simalthu,
17043,Surat,Olpad,Pardi Bhadoly,
17044,Surat,Olpad,Kanbhi,
17045,Surat,Olpad,Erthan,
17046,Surat,Olpad,Takarma,
17047,Surat,Olpad,Sarsana,
17048,Surat,Olpad,Sondamitha,
17049,Surat,Olpad,Asnad,
17050,Surat,Olpad,Naghoi,
17051,Surat,Olpad,Mindhi,
17052,Surat,Olpad,Jinod,
17053,Surat,Olpad,Mor,
17054,Surat,Olpad,Bhagwa,
17055,Surat,Olpad,Delasa,
17056,Surat,Olpad,Mirjapor,
17057,Surat,Olpad,Sondlakhara,
17058,Surat,Olpad,Hathisa,
17059,Surat,Olpad,Kumbhari,
17060,Surat,Olpad,Bhatgam,
17061,Surat,Olpad,Andhi,
17062,Surat,Olpad,Mahamedpor,
17063,Surat,Olpad,Gola,
17064,Surat,Olpad,Morthan,
17065,Surat,Olpad,Vihara,
17066,Surat,Olpad,Kachhab,
17067,Surat,Olpad,Syadla,
17068,Surat,Olpad,Mulad,
17069,Surat,Olpad,Kudsad,
17070,Surat,Olpad,Kareli,
17071,Surat,Olpad,Bharundi,
17072,Surat,Olpad,Obhla,
17073,Surat,Olpad,Kanthraj,
17074,Surat,Olpad,Sithan,
17075,Surat,Olpad,Achharan,
17076,Surat,Olpad,Atodra,
17077,Surat,Olpad,Olpad,
17078,Surat,Olpad,Saras,
17079,Surat,Olpad,Kapasi,
17080,Surat,Olpad,Dandi,
17081,Surat,Olpad,Kuvad,
17082,Surat,Olpad,Orma,
17083,Surat,Olpad,Jafrabad,
17084,Surat,Olpad,Asnabad,
17085,Surat,Olpad,Isanpor,
17086,Surat,Olpad,Karamla,
17087,Surat,Olpad,Sandhiyer,
17088,Surat,Olpad,Khalipor,
17089,Surat,Olpad,Madhar,
17090,Surat,Olpad,Paria,
17091,Surat,Olpad,Siwan,
17092,Surat,Olpad,Kanyasi,
17093,Surat,Olpad,Umra,
17094,Surat,Olpad,Delad,
17095,Surat,Olpad,Gothan,
17096,Surat,Olpad,Vaswari,
17097,Surat,Olpad,Segwasyadla,
17098,Surat,Olpad,Sherdi,
17099,Surat,Olpad,Kosam,
17100,Surat,Olpad,Vadod,
17101,Surat,Olpad,Talad,
17102,Surat,Olpad,Masma,
17103,Surat,Olpad,Balkas,
17104,Surat,Olpad,Sarol,
17105,Surat,Olpad,Veluk,
17106,Surat,Olpad,Kasla Bujrang,
17107,Surat,Olpad,Kasala Khurd,
17108,Surat,Olpad,Kachhol,
17109,Surat,Olpad,Kundiyana,
17110,Surat,Olpad,Admor,
17111,Surat,Olpad,Lavachha,
17112,Surat,Olpad,Bhandut,
17113,Surat,Olpad,Selut,
17114,Surat,Olpad,Narthan,
17115,Surat,Olpad,Ariyana,
17116,Surat,Olpad,Ambheta,
17117,Surat,Olpad,Sonsak,
17118,Surat,Olpad,Jothan,
17119,Surat,Olpad,Kanad,
17120,Surat,Olpad,Saroli,
17121,Surat,Olpad,Kunkni,
17122,Surat,Olpad,Dihen,
17123,Surat,Olpad,Pinjrat,
17124,Surat,Olpad,Tena,
17125,Surat,Olpad,Barbodhan,
17126,Surat,Olpad,Sithana,
17127,Surat,Olpad,Segwachhama,
17128,Surat,Mangrol,Hathuran,
17129,Surat,Mangrol,Nana Borsara,
17130,Surat,Mangrol,Dhamdod,
17131,Surat,Mangrol,Nandav,
17132,Surat,Mangrol,Moti Pardi,
17133,Surat,Mangrol,Vansoli,
17134,Surat,Mangrol,Kantva,
17135,Surat,Mangrol,Dinod,
17136,Surat,Mangrol,Boridara,
17137,Surat,Mangrol,Ankdod,
17138,Surat,Mangrol,Gijram,
17139,Surat,Mangrol,Amnedara,
17140,Surat,Mangrol,Nani Pardi,
17141,Surat,Mangrol,Harsani,
17142,Surat,Mangrol,Timbarva,
17143,Surat,Mangrol,Bhilvada,
17144,Surat,Mangrol,Bhadkuva,
17145,Surat,Mangrol,Vad,
17146,Surat,Mangrol,Amarkui,
17147,Surat,Mangrol,Kevdi (Kund),
17148,Surat,Mangrol,Isanpur,
17149,Surat,Mangrol,Lavet,
17150,Surat,Mangrol,Motifali,
17151,Surat,Mangrol,Khareda,
17152,Surat,Mangrol,Kargara,
17153,Surat,Mangrol,Mangrol,
17154,Surat,Mangrol,Mosali,
17155,Surat,Mangrol,Kanvada,
17156,Surat,Mangrol,Kosadi,
17157,Surat,Mangrol,Luvara,
17158,Surat,Mangrol,Asarma,
17159,Surat,Mangrol,Ghunti,
17160,Surat,Mangrol,Sava,
17161,Surat,Mangrol,Kathvada,
17162,Surat,Mangrol,Mahuej,
17163,Surat,Mangrol,Kumvarda,
17164,Surat,Mangrol,Siyalaj,
17165,Surat,Mangrol,Mota Borsara,
17166,Surat,Mangrol,Moti Naroli,
17167,Surat,Mangrol,Hathoda,
17168,Surat,Mangrol,Velachha,
17169,Surat,Mangrol,Limbada,
17170,Surat,Mangrol,Ranakpor,
17171,Surat,Mangrol,Simodara,
17172,Surat,Mangrol,Vadoli,
17173,Surat,Mangrol,Charetha,
17174,Surat,Mangrol,Shah,
17175,Surat,Mangrol,Gadkachh,
17176,Surat,Mangrol,Jhinora,
17177,Surat,Mangrol,Dholikui,
17178,Surat,Mangrol,Nani Fali,
17179,Surat,Mangrol,Nandola,
17180,Surat,Mangrol,Pataldevi,
17181,Surat,Mangrol,Kantvav,
17182,Surat,Mangrol,Jhankhvav,
17183,Surat,Mangrol,Selarpur,
17184,Surat,Mangrol,Mandan(Boria),
17185,Surat,Mangrol,Jharni,
17186,Surat,Mangrol,Vankal,
17187,Surat,Mangrol,Ambavadi,
17188,Surat,Mangrol,Vasravi,
17189,Surat,Mangrol,Jhankharda,
17190,Surat,Mangrol,Vastan,
17191,Surat,Mangrol,Surali,
17192,Surat,Mangrol,Nogama,
17193,Surat,Mangrol,Ansodala,
17194,Surat,Mangrol,Shenthi,
17195,Surat,Mangrol,Panetha,
17196,Surat,Mangrol,Valesa,
17197,Surat,Mangrol,Kothva,
17198,Surat,Mangrol,Palod,
17199,Surat,Mangrol,Bhatkol,
17200,Surat,Mangrol,Pipodara,
17201,Surat,Mangrol,Lindiad,
17202,Surat,Mangrol,Chhamuchhal,
17203,Surat,Mangrol,Molvan,
17204,Surat,Mangrol,Limodara,
17205,Surat,Mangrol,Nani Naroli,
17206,Surat,Mangrol,Umelav,
17207,Surat,Mangrol,Dungri,
17208,Surat,Mangrol,Borsad,
17209,Surat,Mangrol,Ratola,
17210,Surat,Mangrol,Verakui,
17211,Surat,Mangrol,Kansali,
17212,Surat,Mangrol,Amkhuta,
17213,Surat,Mangrol,Ratoli,
17214,Surat,Mangrol,Boria,
17215,Surat,Mangrol,Ognisa,
17216,Surat,Mangrol,Sanadhara,
17217,Surat,Mangrol,Ghodbar,
17218,Surat,Umarpada,Umbhariya,
17219,Surat,Umarpada,Nasarpore,
17220,Surat,Umarpada,Zarpan,
17221,Surat,Umarpada,Sarvan Fokdi,
17222,Surat,Umarpada,Kali jaman,
17223,Surat,Umarpada,Charni,
17224,Surat,Umarpada,Sadadapani,
17225,Surat,Umarpada,Velavi,
17226,Surat,Umarpada,Sarda,
17227,Surat,Umarpada,Kevdi (Sharda),
17228,Surat,Umarpada,Gondaliya,
17229,Surat,Umarpada,Chitalda,
17230,Surat,Umarpada,Umarkhadi,
17231,Surat,Umarpada,Umarjhar,
17232,Surat,Umarpada,Vadi,
17233,Surat,Umarpada,Gundikuva,
17234,Surat,Umarpada,Mandan(Pada),
17235,Surat,Umarpada,Pada,
17236,Surat,Umarpada,Sampura,
17237,Surat,Umarpada,Kadvidadra,
17238,Surat,Umarpada,Govat,
17239,Surat,Umarpada,Bardi,
17240,Surat,Umarpada,Taval,
17241,Surat,Umarpada,Chavda,
17242,Surat,Umarpada,Nana Sutkhadka,
17243,Surat,Umarpada,Nava Chakra,
17244,Surat,Umarpada,Umarda,
17245,Surat,Umarpada,Moti Devrupan,
17246,Surat,Umarpada,Chakra,
17247,Surat,Umarpada,Chimipatal,
17248,Surat,Umarpada,Sevlan,
17249,Surat,Umarpada,Satvan,
17250,Surat,Umarpada,Khodamba,
17251,Surat,Umarpada,Panch Amba,
17252,Surat,Umarpada,Umarpada,
17253,Surat,Umarpada,Chandrapada,
17254,Surat,Umarpada,Unchvan,
17255,Surat,Umarpada,Gopalia,
17256,Surat,Umarpada,Khambha Bangli,
17257,Surat,Umarpada,Balalkuva,
17258,Surat,Umarpada,Amli Dabda,
17259,Surat,Umarpada,Vahar,
17260,Surat,Umarpada,Pinpur,
17261,Surat,Umarpada,Darda,
17262,Surat,Umarpada,Umargot,
17263,Surat,Umarpada,Ghanawad,
17264,Surat,Umarpada,Chokhvada,
17265,Surat,Umarpada,Bilvan,
17266,Surat,Umarpada,Bardipada,
17267,Surat,Umarpada,Rudhi Gavan,
17268,Surat,Umarpada,Dongripada,
17269,Surat,Umarpada,Vadgam,
17270,Surat,Umarpada,Zarawadi,
17271,Surat,Umarpada,Haldhari,
17272,Surat,Umarpada,Divtan,
17273,Surat,Umarpada,Haripura,
17274,Surat,Umarpada,Vadpada,
17275,Surat,Umarpada,Ranikund,
17276,Surat,Umarpada,Bijalwadi,
17277,Surat,Umarpada,Vakrant Amba,
17278,Surat,Umarpada,Ambadi,
17279,Surat,Umarpada,Jumawadi,
17280,Surat,Umarpada,Salli,
17281,Surat,Mandvi,Karanj,
17282,Surat,Mandvi,Varethi,
17283,Surat,Mandvi,Tadkeshvar,
17284,Surat,Mandvi,Togapur,
17285,Surat,Mandvi,Dharampor,
17286,Surat,Mandvi,Kolsana,
17287,Surat,Mandvi,Tuked,
17288,Surat,Mandvi,Patal,
17289,Surat,Mandvi,Kalmoi,
17290,Surat,Mandvi,Parvat,
17291,Surat,Mandvi,Ladkuva,
17292,Surat,Mandvi,Choramba,
17293,Surat,Mandvi,Isar,
17294,Surat,Mandvi,Balethi,
17295,Surat,Mandvi,Luharvad,
17296,Surat,Mandvi,Soli,
17297,Surat,Mandvi,Petarkui,
17298,Surat,Mandvi,Jamkui,
17299,Surat,Mandvi,Picharvan,
17300,Surat,Mandvi,Sarsi,
17301,Surat,Mandvi,Sarpada,
17302,Surat,Mandvi,Bundha,
17303,Surat,Mandvi,Devgiri,
17304,Surat,Mandvi,Amli,
17305,Surat,Mandvi,Limdha,
17306,Surat,Mandvi,Kolkhadi,
17307,Surat,Mandvi,Devgadh,
17308,Surat,Mandvi,Junvan,
17309,Surat,Mandvi,Kim Dungra,
17310,Surat,Mandvi,Dadakui,
17311,Surat,Mandvi,Regama,
17312,Surat,Mandvi,Khod Amba,
17313,Surat,Mandvi,Madharkui,
17314,Surat,Mandvi,Borigala,
17315,Surat,Mandvi,Kolakui,
17316,Surat,Mandvi,Ushker Ramkund,
17317,Surat,Mandvi,Rosvad,
17318,Surat,Mandvi,Virpor,
17319,Surat,Mandvi,Munjlav,
17320,Surat,Mandvi,Baudhan,
17321,Surat,Mandvi,Vadod,
17322,Surat,Mandvi,Nogama,
17323,Surat,Mandvi,Antroli,
17324,Surat,Mandvi,Fali,
17325,Surat,Mandvi,Chudel,
17326,Surat,Mandvi,Uteva,
17327,Surat,Mandvi,Titoi,
17328,Surat,Mandvi,Kalibel,
17329,Surat,Mandvi,Goddha,
17330,Surat,Mandvi,Fulvadi,
17331,Surat,Mandvi,Khareda,
17332,Surat,Mandvi,Maldha,
17333,Surat,Mandvi,Tarapor,
17334,Surat,Mandvi,Gangpor Devgadh,
17335,Surat,Mandvi,Andhatri Devgadh,
17336,Surat,Mandvi,Jhari Devgadh,
17337,Surat,Mandvi,Limbodi,
17338,Surat,Mandvi,Khimpor,
17339,Surat,Mandvi,Dhvajamba,
17340,Surat,Mandvi,Karvati,
17341,Surat,Mandvi,Katkuva,
17342,Surat,Mandvi,Lakhgam,
17343,Surat,Mandvi,Gamtalav Khurd,
17344,Surat,Mandvi,Umarkhadi,
17345,Surat,Mandvi,Tarsadakhurd,
17346,Surat,Mandvi,Moritha,
17347,Surat,Mandvi,Salaiya,
17348,Surat,Mandvi,Amba,
17349,Surat,Mandvi,Jhab,
17350,Surat,Mandvi,Jharpan,
17351,Surat,Mandvi,Areth,
17352,Surat,Mandvi,Kevadiya,
17353,Surat,Mandvi,Patna,
17354,Surat,Mandvi,Vareli,
17355,Surat,Mandvi,Vegi,
17356,Surat,Mandvi,Naren,
17357,Surat,Mandvi,Kasal,
17358,Surat,Mandvi,Pardi,
17359,Surat,Mandvi,Karvali,
17360,Surat,Mandvi,Valargadh,
17361,Surat,Mandvi,Ghantoli,
17362,Surat,Mandvi,Badtal,
17363,Surat,Mandvi,Sathvav,
17364,Surat,Mandvi,Makanjhar,
17365,Surat,Mandvi,Kalamkuva,
17366,Surat,Mandvi,Kevdi,
17367,Surat,Mandvi,Bhensi,
17368,Surat,Mandvi,Chhelvas,
17369,Surat,Mandvi,Karutha,
17370,Surat,Mandvi,Rundha,
17371,Surat,Mandvi,Gangpor Harshad,
17372,Surat,Mandvi,Dadhvada,
17373,Surat,Mandvi,Sarkui,
17374,Surat,Mandvi,Beddha,
17375,Surat,Mandvi,Bhatkhai,
17376,Surat,Mandvi,Vaghnera,
17377,Surat,Mandvi,Kakadva,
17378,Surat,Mandvi,Amalsadi,
17379,Surat,Mandvi,Godsamba,
17380,Surat,Mandvi,Bori,
17381,Surat,Mandvi,Nandpor,
17382,Surat,Mandvi,Gavachhi,
17383,Surat,Mandvi,Piparia,
17384,Surat,Mandvi,Khanjroli,
17385,Surat,Mandvi,Kamlapor,
17386,Surat,Mandvi,Kharoli,
17387,Surat,Mandvi,Umarsadi,
17388,Surat,Mandvi,Kosadi,
17389,Surat,Mandvi,Godavadi,
17390,Surat,Mandvi,Un,
17391,Surat,Mandvi,Gamtalav Bujrang,
17392,Surat,Mandvi,Puna,
17393,Surat,Mandvi,Khedpur,
17394,Surat,Mandvi,Ushker Khurd,
17395,Surat,Mandvi,Rupan,
17396,Surat,Mandvi,Kakdapar,
17397,Surat,Mandvi,Pipalvada,
17398,Surat,Mandvi,Gundvan,
17399,Surat,Mandvi,Rakhvav,
17400,Surat,Mandvi,Vankla,
17401,Surat,Mandvi,Vareth,
17402,Surat,Mandvi,Jakhla,
17403,Surat,Mandvi,Birama,
17404,Surat,Mandvi,Varjakhan,
17405,Surat,Mandvi,Tarsadabar Gam,
17406,Surat,Mandvi,Rataniya,
17407,Surat,Mandvi,Rajvad,
17408,Surat,Mandvi,Moti Cher,
17409,Surat,Mandvi,Nani Cher,
17410,Surat,Mandvi,Jamankuva Bar,
17411,Surat,Mandvi,Sadadi,
17412,Surat,Mandvi,Patavadi,
17413,Surat,Mandvi,Pipalvan,
17414,Surat,Mandvi,Khatradevi,
17415,Surat,Mandvi,Visdalya,
17416,Surat,Mandvi,Karanjvan,
17417,Surat,Mandvi,Dhvaj,
17418,Surat,Mandvi,Ambapor,
17419,Surat,Mandvi,Jhari Dadhvada,
17420,Surat,Mandvi,Rakhas Khadi,
17421,Surat,Mandvi,Jetpur,
17422,Surat,Mandvi,Haripura Kanghat,
17423,Surat,Mandvi,Amalchuni,
17424,Surat,Mandvi,Chandpor,
17425,Surat,Mandvi,Mahudi,
17426,Surat,Mandvi,Magatra,
17427,Surat,Mandvi,Balaltirth,
17428,Surat,Mandvi,Balanga,
17429,Surat,Mandvi,Amalvan,
17430,Surat,Mandvi,Vishala,
17431,Surat,Kamrej,Shekhpur,
17432,Surat,Kamrej,Ghaludi,
17433,Surat,Kamrej,Antroli,
17434,Surat,Kamrej,Tharoli,
17435,Surat,Kamrej,Navi Paradi,
17436,Surat,Kamrej,Akhakhol,
17437,Surat,Kamrej,Ghala,
17438,Surat,Kamrej,Karjan,
17439,Surat,Kamrej,Dhoran Paradi,
17440,Surat,Kamrej,Velanja,
17441,Surat,Kamrej,Kathor,
17442,Surat,Kamrej,Choryasi,
17443,Surat,Kamrej,Bhairav,
17444,Surat,Kamrej,Kholeshwar,
17445,Surat,Kamrej,Machhi,
17446,Surat,Kamrej,Dhatva,
17447,Surat,Kamrej,Jior,
17448,Surat,Kamrej,Dungra,
17449,Surat,Kamrej,Delad,
17450,Surat,Kamrej,Kamrej,
17451,Surat,Kamrej,Kholvad,
17452,Surat,Kamrej,Bhada,
17453,Surat,Kamrej,Abrama,
17454,Surat,Kamrej,Valak,
17455,Surat,Kamrej,Laskana,
17456,Surat,Kamrej,Navagam,
17457,Surat,Kamrej,Nansad,
17458,Surat,Kamrej,Koli Bharthana,
17459,Surat,Kamrej,Netrang,
17460,Surat,Kamrej,Digas,
17461,Surat,Kamrej,Timba,
17462,Surat,Kamrej,Sampura,
17463,Surat,Kamrej,Orna,
17464,Surat,Kamrej,Jat Bharthana,
17465,Surat,Kamrej,Dharutha,
17466,Surat,Kamrej,Vav,
17467,Surat,Kamrej,Pasodara,
17468,Surat,Kamrej,Khadsad,
17469,Surat,Kamrej,Kathodara,
17470,Surat,Kamrej,Simadi,
17471,Surat,Kamrej,Jokha,
17472,Surat,Kamrej,Asta,
17473,Surat,Kamrej,Sevni,
17474,Surat,Kamrej,Delad,
17475,Surat,Kamrej,Dethli,
17476,Surat,Kamrej,Vihan,
17477,Surat,Kamrej,Segva,
17478,Surat,Kamrej,Morthana,
17479,Surat,Kamrej,Kosamadi,
17480,Surat,Kamrej,Kosmada,
17481,Surat,Kamrej,Chhedchha,
17482,Surat,Kamrej,Oviyan,
17483,Surat,Kamrej,Ladvi,
17484,Surat,Kamrej,Valthan,
17485,Surat,Kamrej,Mankna,
17486,Surat,Kamrej,Valan,
17487,Surat,Kamrej,Alura,
17488,Surat,Kamrej,Vansdarundhi,
17489,Surat,Kamrej,Mirapur,
17490,Surat,Kamrej,Khanpur,
17491,Surat,Kamrej,Dungar,
17492,Surat,Kamrej,Nagod,
17493,Surat,Kamrej,Rundhvada,
17494,Surat,Kamrej,Pali,
17495,Surat,Kamrej,Parab,
17496,Surat,Kamrej,Umbhel,
17497,Surat,Kamrej,Haldharu,
17498,Surat,Kamrej,Chikhli,
17499,Surat,Chorasi,Vansva,
17500,Surat,Chorasi,Damka,
17501,Surat,Chorasi,Malgama,
17502,Surat,Chorasi,Bhesan,
17503,Surat,Chorasi,Okha,
17504,Surat,Chorasi,Chichi,
17505,Surat,Chorasi,Vanakala,
17506,Surat,Chorasi,Vihel,
17507,Surat,Chorasi,Asarma,
17508,Surat,Chorasi,Bhatlai,
17509,Surat,Chorasi,Rajgari,
17510,Surat,Chorasi,Sunvali,
17511,Surat,Chorasi,Saroli,
17512,Surat,Chorasi,Saniya Hemad,
17513,Surat,Chorasi,Vedchha,
17514,Surat,Chorasi,Sabargam,
17515,Surat,Chorasi,Kumbharia,
17516,Surat,Chorasi,Devadh,
17517,Surat,Chorasi,Hajira,
17518,Surat,Chorasi,Karadva,
17519,Surat,Chorasi,Dakhkhanvada,
17520,Surat,Chorasi,Deladva,
17521,Surat,Chorasi,Mohni,
17522,Surat,Chorasi,Timbarva,
17523,Surat,Chorasi,Goja,
17524,Surat,Chorasi,Khambhasla,
17525,Surat,Chorasi,Saniya Kanade,
17526,Surat,Chorasi,Eklera,
17527,Surat,Chorasi,Bhanodra,
17528,Surat,Chorasi,Kharvasa,
17529,Surat,Chorasi,Bonand,
17530,Surat,Chorasi,Ravla Alias Vaktana,
17531,Surat,Chorasi,Bhatia,
17532,Surat,Chorasi,Vanz,
17533,Surat,Chorasi,Umber,
17534,Surat,Chorasi,Lajpor,
17535,Surat,Chorasi,Popda,
17536,Surat,Chorasi,Kapletha,
17537,Surat,Chorasi,Kachholi,
17538,Surat,Chorasi,Samrod,
17539,Surat,Palsana,Sedhav,
17540,Surat,Palsana,Niyol,
17541,Surat,Palsana,Antroli,
17542,Surat,Palsana,Haripura,
17543,Surat,Palsana,Jolva,
17544,Surat,Palsana,Dastan,
17545,Surat,Palsana,Kareli,
17546,Surat,Palsana,Bagumara,
17547,Surat,Palsana,Tantithaiya,
17548,Surat,Palsana,Vankaneda,
17549,Surat,Palsana,Kharbhasi,
17550,Surat,Palsana,Karala,
17551,Surat,Palsana,Karan,
17552,Surat,Palsana,Sanki,
17553,Surat,Palsana,Jetpor,
17554,Surat,Palsana,Barasadi,
17555,Surat,Palsana,Gangpor,
17556,Surat,Palsana,Soyani,
17557,Surat,Palsana,Tundi,
17558,Surat,Palsana,Tantizaghda,
17559,Surat,Palsana,Talodara,
17560,Surat,Palsana,Erthan,
17561,Surat,Palsana,Vadadala,
17562,Surat,Palsana,Baleshvar,
17563,Surat,Palsana,Bhutpor,
17564,Surat,Palsana,Ghaluda,
17565,Surat,Palsana,Dhamdod,
17566,Surat,Palsana,Pisad,
17567,Surat,Palsana,Vanesa,
17568,Surat,Palsana,Gotiya,
17569,Surat,Palsana,Ena,
17570,Surat,Palsana,Isroli,
17571,Surat,Palsana,Taraj,
17572,Surat,Palsana,Lingad,
17573,Surat,Palsana,Intalva,
17574,Surat,Palsana,Palsana,
17575,Surat,Palsana,Makhinga,
17576,Surat,Palsana,Kanav,
17577,Surat,Palsana,Vanzolia,
17578,Surat,Palsana,Amalsadi,
17579,Surat,Palsana,Malekpor,
17580,Surat,Palsana,Siyod,
17581,Surat,Palsana,Pardipata,
17582,Surat,Palsana,Puni,
17583,Surat,Palsana,Lakhanpor,
17584,Surat,Palsana,Ambheti,
17585,Surat,Bardoli,Mota,
17586,Surat,Bardoli,Movachhi,
17587,Surat,Bardoli,Moti Falod,
17588,Surat,Bardoli,Bharampor,
17589,Surat,Bardoli,Vaghecha Kadod,
17590,Surat,Bardoli,Bhamaiya,
17591,Surat,Bardoli,Uchharel,
17592,Surat,Bardoli,Haripura,
17593,Surat,Bardoli,Kadod,
17594,Surat,Bardoli,Masad,
17595,Surat,Bardoli,Miyawadi,
17596,Surat,Bardoli,Rajwad,
17597,Surat,Bardoli,Nasura,
17598,Surat,Bardoli,Vadhvaniya,
17599,Surat,Bardoli,Singod,
17600,Surat,Bardoli,Bamni,
17601,Surat,Bardoli,Samthan,
17602,Surat,Bardoli,Kantali,
17603,Surat,Bardoli,Pardi Kadod,
17604,Surat,Bardoli,Ruwa,
17605,Surat,Bardoli,Varad,
17606,Surat,Bardoli,Isanpor,
17607,Surat,Bardoli,Kharvasa,
17608,Surat,Bardoli,Umrakh,
17609,Surat,Bardoli,Astan,
17610,Surat,Bardoli,Panada,
17611,Surat,Bardoli,Rajpura Lumbha,
17612,Surat,Bardoli,Rayam,
17613,Surat,Bardoli,Khoj,
17614,Surat,Bardoli,Palsod,
17615,Surat,Bardoli,Akoti,
17616,Surat,Bardoli,Orgam,
17617,Surat,Bardoli,Junvani,
17618,Surat,Bardoli,Balda,
17619,Surat,Bardoli,Vanskui,
17620,Surat,Bardoli,Bhensudla,
17621,Surat,Bardoli,Nani Bhatlav,
17622,Surat,Bardoli,Mangrolia,
17623,Surat,Bardoli,Sankri,
17624,Surat,Bardoli,Dhamdod Lumbha,
17625,Surat,Bardoli,Ten,
17626,Surat,Bardoli,Nadida,
17627,Surat,Bardoli,Khali,
17628,Surat,Bardoli,Tajpor Khurd,
17629,Surat,Bardoli,Utara,
17630,Surat,Bardoli,Vadhava,
17631,Surat,Bardoli,Timbarva,
17632,Surat,Bardoli,Pipariya,
17633,Surat,Bardoli,Madhi,
17634,Surat,Bardoli,Surali,
17635,Surat,Bardoli,Manekpor,
17636,Surat,Bardoli,Uva,
17637,Surat,Bardoli,Karachaka,
17638,Surat,Bardoli,Hindolia,
17639,Surat,Bardoli,Kikvad,
17640,Surat,Bardoli,Afva,
17641,Surat,Bardoli,Isroli,
17642,Surat,Bardoli,Tajpore Bujrang,
17643,Surat,Bardoli,Goji,
17644,Surat,Bardoli,Bamroli,
17645,Surat,Bardoli,Gotasa,
17646,Surat,Bardoli,Sarethi,
17647,Surat,Bardoli,Moti Bhatlav,
17648,Surat,Bardoli,Sejvad,
17649,Surat,Bardoli,Allu,
17650,Surat,Bardoli,Vankaner,
17651,Surat,Bardoli,Kanai,
17652,Surat,Bardoli,Ninat,
17653,Surat,Bardoli,Pathradiya,
17654,Surat,Bardoli,Nizar,
17655,Surat,Bardoli,Pardi Valod,
17656,Surat,Bardoli,Babla,
17657,Surat,Bardoli,Sarbhon,
17658,Surat,Bardoli,Bhuvasan,
17659,Surat,Bardoli,Zakharda,
17660,Surat,Bardoli,Ancheli,
17661,Surat,Bardoli,Vadoli,
17662,Surat,Bardoli,Naugama,
17663,Surat,Bardoli,Vaghech Sarbhon,
17664,Surat,Bardoli,Pardi Vagha,
17665,Surat,Bardoli,Tarbhon,
17666,Surat,Bardoli,Kuvadiya,
17667,Surat,Bardoli,Chhitra,
17668,Surat,Bardoli,Kharad,
17669,Surat,Mahuva,Tarsadi,
17670,Surat,Mahuva,Pathron,
17671,Surat,Mahuva,Boriya,
17672,Surat,Mahuva,Mahudi,
17673,Surat,Mahuva,Shankar Talavdi,
17674,Surat,Mahuva,Mahuva,
17675,Surat,Mahuva,Dhundhesa,
17676,Surat,Mahuva,Jol,
17677,Surat,Mahuva,Kani,
17678,Surat,Mahuva,Ranat,
17679,Surat,Mahuva,Amroli,
17680,Surat,Mahuva,Amchak,
17681,Surat,Mahuva,Ondach,
17682,Surat,Mahuva,Budhleshvar,
17683,Surat,Mahuva,Miyapur,
17684,Surat,Mahuva,Shekhpur,
17685,Surat,Mahuva,Mudat,
17686,Surat,Mahuva,Andhatri,
17687,Surat,Mahuva,Vadiya,
17688,Surat,Mahuva,Dungari,
17689,Surat,Mahuva,Naldhara,
17690,Surat,Mahuva,Kachhal,
17691,Surat,Mahuva,Kadiya,
17692,Surat,Mahuva,Khandal,
17693,Surat,Mahuva,Kodada,
17694,Surat,Mahuva,Narda,
17695,Surat,Mahuva,Kavitha,
17696,Surat,Mahuva,Sevasan,
17697,Surat,Mahuva,Nihali,
17698,Surat,Mahuva,Dholikui,
17699,Surat,Mahuva,Fulvadi,
17700,Surat,Mahuva,Vachhavad,
17701,Surat,Mahuva,Bartad,
17702,Surat,Mahuva,Karcheliya,
17703,Surat,Mahuva,Kadhaiya,
17704,Surat,Mahuva,Vanskui,
17705,Surat,Mahuva,Kharvan,
17706,Surat,Mahuva,Bilkhadi,
17707,Surat,Mahuva,Dedvasan,
17708,Surat,Mahuva,Gopla,
17709,Surat,Mahuva,Ghadoi,
17710,Surat,Mahuva,Vagheshvar,
17711,Surat,Mahuva,Jhervavra,
17712,Surat,Mahuva,Bamaniya,
17713,Surat,Mahuva,Vank,
17714,Surat,Mahuva,Algat,
17715,Surat,Mahuva,Butvada,
17716,Surat,Mahuva,Puna,
17717,Surat,Mahuva,Vasrai,
17718,Surat,Mahuva,Gunasvel,
17719,Surat,Mahuva,Velanpur,
17720,Surat,Mahuva,Sanvalla,
17721,Surat,Mahuva,Kankariya,
17722,Surat,Mahuva,Samba,
17723,Surat,Mahuva,Bhoriya,
17724,Surat,Mahuva,Valvada,
17725,Surat,Mahuva,Dhamkhadi,
17726,Surat,Mahuva,Machhisadada,
17727,Surat,Mahuva,Mahuvariya,
17728,Surat,Mahuva,Haladva,
17729,Surat,Mahuva,Umra,
17730,Surat,Mahuva,Kumkotar,
17731,Surat,Mahuva,Gangadiya,
17732,Surat,Mahuva,Lasanpor,
17733,Surat,Mahuva,Vaheval,
17734,Surat,Mahuva,Tarkani,
17735,Surat,Mahuva,Anaval,
17736,Surat,Mahuva,Kos,
17737,Surat,Mahuva,Angaldhara,
17738,Tapi,Nizar,Umja,
17739,Tapi,Nizar,Chokhiamli,
17740,Tapi,Nizar,Akkalutar,
17741,Tapi,Nizar,Borikuwa,
17742,Tapi,Nizar,Kevdamoi,
17743,Tapi,Nizar,Balambe,
17744,Tapi,Nizar,Rajpur,
17745,Tapi,Nizar,Tulse,
17746,Tapi,Nizar,Chirmati,
17747,Tapi,Nizar,Mataval,
17748,Tapi,Nizar,Amode Tarfe Talode,
17749,Tapi,Nizar,Aste Tarfe Budhaval,
17750,Tapi,Nizar,Kelani,
17751,Tapi,Nizar,Fulwadi,
17752,Tapi,Nizar,Modale,
17753,Tapi,Nizar,Medhpur,
17754,Tapi,Nizar,Taranda,
17755,Tapi,Nizar,Moramba,
17756,Tapi,Nizar,Varpada,
17757,Tapi,Nizar,Jhumkathi,
17758,Tapi,Nizar,Itwai,
17759,Tapi,Nizar,Ziribeda,
17760,Tapi,Nizar,Parod,
17761,Tapi,Nizar,Dabriamba,
17762,Tapi,Nizar,Gangtha,
17763,Tapi,Nizar,Ashapur,
17764,Tapi,Nizar,Ranaichi,
17765,Tapi,Nizar,Amode Tarfe Satone,
17766,Tapi,Nizar,Pati,
17767,Tapi,Nizar,Kukarmunda,
17768,Tapi,Nizar,Kondraj,
17769,Tapi,Nizar,Gorasa,
17770,Tapi,Nizar,Pimlas,
17771,Tapi,Nizar,Untavad,
17772,Tapi,Nizar,Ashrava,
17773,Tapi,Nizar,Hathode,
17774,Tapi,Nizar,Bahurupa,
17775,Tapi,Nizar,Nimbhore,
17776,Tapi,Nizar,Sadagvan,
17777,Tapi,Nizar,Pishavar,
17778,Tapi,Nizar,Ubhad,
17779,Tapi,Nizar,Bhamsal,
17780,Tapi,Nizar,Hol,
17781,Tapi,Nizar,Satola,
17782,Tapi,Nizar,Balde,
17783,Tapi,Nizar,Antruli,
17784,Tapi,Nizar,Kothli Budrak,
17785,Tapi,Nizar,Nevale,
17786,Tapi,Nizar,Gadid,
17787,Tapi,Nizar,Bej,
17788,Tapi,Nizar,Jhapampi-Alis Jhampa Amli,
17789,Tapi,Nizar,Patipada,
17790,Tapi,Nizar,Lekurvadi,
17791,Tapi,Nizar,Hathnur Digar,
17792,Tapi,Nizar,Adada,
17793,Tapi,Nizar,Mubarakpur,
17794,Tapi,Nizar,Vanka,
17795,Tapi,Nizar,Chinchoda,
17796,Tapi,Nizar,Shelu,
17797,Tapi,Nizar,Hingni-Digar,
17798,Tapi,Nizar,Sulvade,
17799,Tapi,Nizar,Vyaval,
17800,Tapi,Nizar,Piplod Tarfe -Nizar,
17801,Tapi,Nizar,Devala,
17802,Tapi,Nizar,Sarvale,
17803,Tapi,Nizar,Harduli Digar,
17804,Tapi,Nizar,Nizar,
17805,Tapi,Nizar,Kvelde,
17806,Tapi,Nizar,Khodada,
17807,Tapi,Nizar,Borde,
17808,Tapi,Nizar,Bhil Bhavali,
17809,Tapi,Nizar,Arkund,
17810,Tapi,Nizar,Deo-Mogra-Gaibiumar,
17811,Tapi,Nizar,Shale,
17812,Tapi,Nizar,Raygadh,
17813,Tapi,Nizar,Gujarpur,
17814,Tapi,Nizar,Gamdi,
17815,Tapi,Nizar,Lakshmi Kheda,
17816,Tapi,Nizar,Bhil Jamboli,
17817,Tapi,Uchchhal,Mogran,
17818,Tapi,Uchchhal,Ukai Resettlement Village No-2,
17819,Tapi,Uchchhal,Pati-Bandhara,
17820,Tapi,Uchchhal,Mohpada,
17821,Tapi,Uchchhal,Gavan,
17822,Tapi,Uchchhal,Ful-Umran,
17823,Tapi,Uchchhal,Karod,
17824,Tapi,Uchchhal,Sevti,
17825,Tapi,Uchchhal,Ukai Resettlement Village No-1,
17826,Tapi,Uchchhal,Mohini,
17827,Tapi,Uchchhal,Vaghsepa Mota,
17828,Tapi,Uchchhal,Vaghsepa Nana,
17829,Tapi,Uchchhal,Vadpada(Nesu),
17830,Tapi,Uchchhal,Jamli,
17831,Tapi,Uchchhal,Chandapur,
17832,Tapi,Uchchhal,Chikhli,
17833,Tapi,Uchchhal,Thuti,
17834,Tapi,Uchchhal,Chhapti,
17835,Tapi,Uchchhal,Babarghat,
17836,Tapi,Uchchhal,Bhintkhurd,
17837,Tapi,Uchchhal,Vadpatal,
17838,Tapi,Uchchhal,Abhankuva,
17839,Tapi,Uchchhal,Parchuli,
17840,Tapi,Uchchhal,Pankhri,
17841,Tapi,Uchchhal,Mirkot,
17842,Tapi,Uchchhal,Selud,
17843,Tapi,Uchchhal,Jamki,
17844,Tapi,Uchchhal,Sase,
17845,Tapi,Uchchhal,Bhintbudrak,
17846,Tapi,Uchchhal,Haripur,
17847,Tapi,Uchchhal,Manekpur,
17848,Tapi,Uchchhal,Sundarpur,
17849,Tapi,Uchchhal,Khabda,
17850,Tapi,Uchchhal,Uchchhal,
17851,Tapi,Uchchhal,Dhaj,
17852,Tapi,Uchchhal,Sakarda,
17853,Tapi,Uchchhal,Bhad Bhunja,
17854,Tapi,Uchchhal,Anandpur,
17855,Tapi,Uchchhal,Jharanpada,
17856,Tapi,Uchchhal,Kataswan,
17857,Tapi,Uchchhal,Vadgam,
17858,Tapi,Uchchhal,Kanchli,
17859,Tapi,Uchchhal,Tavli,
17860,Tapi,Uchchhal,Vaghchhipa,
17861,Tapi,Uchchhal,Kumbhrad,
17862,Tapi,Songadh,Samarkuva,
17863,Tapi,Songadh,Singalvan,
17864,Tapi,Songadh,Otatokarva,
17865,Tapi,Songadh,Ukai Resettlement  Village No-3,
17866,Tapi,Songadh,Borda,
17867,Tapi,Songadh,Jhari Amba,
17868,Tapi,Songadh,Gundi,
17869,Tapi,Songadh,Vajpur,
17870,Tapi,Songadh,Satkashi,
17871,Tapi,Songadh,Kuilivel,
17872,Tapi,Songadh,Amalpada,
17873,Tapi,Songadh,Bavli,
17874,Tapi,Songadh,Serulla,
17875,Tapi,Songadh,Limbi,
17876,Tapi,Songadh,Sar Jamli,
17877,Tapi,Songadh,Nindvada,
17878,Tapi,Songadh,Bhatvada,
17879,Tapi,Songadh,Khervada,
17880,Tapi,Songadh,Ghasiya Medha,
17881,Tapi,Songadh,Sisor,
17882,Tapi,Songadh,Panch Pipla,
17883,Tapi,Songadh,Bhanpur,
17884,Tapi,Songadh,Jamapur,
17885,Tapi,Songadh,Vekur,
17886,Tapi,Songadh,Bori Savar,
17887,Tapi,Songadh,Vadda P Bhensrot,
17888,Tapi,Songadh,Singal Khanch,
17889,Tapi,Songadh,Bundha,
17890,Tapi,Songadh,Silatvel,
17891,Tapi,Songadh,Patharda,
17892,Tapi,Songadh,Vadi Bhensrot,
17893,Tapi,Songadh,Singpur,
17894,Tapi,Songadh,Vaghnera,
17895,Tapi,Songadh,Dhajamba,
17896,Tapi,Songadh,Veljhar,
17897,Tapi,Songadh,Chikhli Bhensrot,
17898,Tapi,Songadh,Vajharda,
17899,Tapi,Songadh,Bedvan P Bhensrot,
17900,Tapi,Songadh,Ukhalda,
17901,Tapi,Songadh,Jhadpati,
17902,Tapi,Songadh,Galkhadi,
17903,Tapi,Songadh,Pipalkuva,
17904,Tapi,Songadh,Moti Khervan,
17905,Tapi,Songadh,Nani Khervan,
17906,Tapi,Songadh,Ghoda,
17907,Tapi,Songadh,Bhimpura,
17908,Tapi,Songadh,Vagda,
17909,Tapi,Songadh,Gunsada,
17910,Tapi,Songadh,Dumda,
17911,Tapi,Songadh,Amlipada,
17912,Tapi,Songadh,Kelai,
17913,Tapi,Songadh,Kavla,
17914,Tapi,Songadh,Amli,
17915,Tapi,Songadh,Bedi,
17916,Tapi,Songadh,Agasvan,
17917,Tapi,Songadh,Nishana,
17918,Tapi,Songadh,Achhalva,
17919,Tapi,Songadh,Sadadkuva,
17920,Tapi,Songadh,Bedvan Khadka,
17921,Tapi,Songadh,Rampura Kothar,
17922,Tapi,Songadh,Champavadi,
17923,Tapi,Songadh,Pokhran,
17924,Tapi,Songadh,Kikakui,
17925,Tapi,Songadh,Mandal,
17926,Tapi,Songadh,Chakalia,
17927,Tapi,Songadh,Khambhala,
17928,Tapi,Songadh,Dosvada,
17929,Tapi,Songadh,Kumkuva,
17930,Tapi,Songadh,Rupvada,
17931,Tapi,Songadh,Chapaldhara,
17932,Tapi,Songadh,Raniamba,
17933,Tapi,Songadh,Balamrai,
17934,Tapi,Songadh,Gaisavar,
17935,Tapi,Songadh,Chimkuva,
17936,Tapi,Songadh,Tokarva (Segupada),
17937,Tapi,Songadh,Tokarva (Jamankuva),
17938,Tapi,Songadh,Kakad Kuva,
17939,Tapi,Songadh,Ghanchikuva,
17940,Tapi,Songadh,Khanjar,
17941,Tapi,Songadh,Kharsi,
17942,Tapi,Songadh,Devalpada,
17943,Tapi,Songadh,Kanala,
17944,Tapi,Songadh,Chorvad,
17945,Tapi,Songadh,Chikhli Khadka,
17946,Tapi,Songadh,Dhamodi,
17947,Tapi,Songadh,Junvan,
17948,Tapi,Songadh,Galkuva,
17949,Tapi,Songadh,Bedpada,
17950,Tapi,Songadh,Kanadevi,
17951,Tapi,Songadh,Rampura Kanadevi,
17952,Tapi,Songadh,Nana Bandharpada,
17953,Tapi,Songadh,Jharali,
17954,Tapi,Songadh,Nani Bhurvan,
17955,Tapi,Songadh,Medhsingi,
17956,Tapi,Songadh,Khokhsa,
17957,Tapi,Songadh,Kanji,
17958,Tapi,Songadh,Don,
17959,Tapi,Songadh,Moti Bhurvan,
17960,Tapi,Songadh,Hiravadi,
17961,Tapi,Songadh,Amba,
17962,Tapi,Songadh,Kukradungri,
17963,Tapi,Songadh,Kukadjhar,
17964,Tapi,Songadh,Vadpada P Tokarva,
17965,Tapi,Songadh,Ghodchit,
17966,Tapi,Songadh,Bandharpada,
17967,Tapi,Songadh,Gatadi,
17968,Tapi,Songadh,Tichakia,
17969,Tapi,Songadh,Hanmantiya,
17970,Tapi,Songadh,Mahudi,
17971,Tapi,Songadh,Monghvan,
17972,Tapi,Songadh,Maiyali,
17973,Tapi,Songadh,Sandhkuva,
17974,Tapi,Songadh,Tarsadi,
17975,Tapi,Songadh,Kakad Kuva P Umarda,
17976,Tapi,Songadh,Bedvan P Umarda,
17977,Tapi,Songadh,Vadpada P Umarda,
17978,Tapi,Songadh,Jamkhadi,
17979,Tapi,Songadh,Medha,
17980,Tapi,Songadh,Golan,
17981,Tapi,Songadh,Nana Tarpada,
17982,Tapi,Songadh,Ojhar,
17983,Tapi,Songadh,Hindla,
17984,Tapi,Songadh,Khadi,
17985,Tapi,Songadh,Sadadvel,
17986,Tapi,Songadh,Bharadada,
17987,Tapi,Songadh,Gopalpura,
17988,Tapi,Songadh,Vanjhafali,
17989,Tapi,Songadh,Amalgundi,
17990,Tapi,Songadh,Chakvan,
17991,Tapi,Songadh,Borkuva,
17992,Tapi,Songadh,Kalaghat,
17993,Tapi,Songadh,Mota Satsila,
17994,Tapi,Songadh,Ghodi Ruvali,
17995,Tapi,Songadh,Ghuntvel,
17996,Tapi,Songadh,Vadpada P Umarda,
17997,Tapi,Songadh,Taparvada,
17998,Tapi,Songadh,Gunkhadi,
17999,Tapi,Songadh,Temka,
18000,Tapi,Songadh,Masanpada,
18001,Tapi,Songadh,Dardi,
18002,Tapi,Songadh,Umarda,
18003,Tapi,Songadh,Dhanmauli,
18004,Tapi,Songadh,Amthava,
18005,Tapi,Songadh,Shravaniya,
18006,Tapi,Songadh,Lavchali,
18007,Tapi,Songadh,Chimer,
18008,Tapi,Songadh,Kanti,
18009,Tapi,Songadh,Seljhar,
18010,Tapi,Songadh,Borpada,
18011,Tapi,Songadh,Khogal Gam,
18012,Tapi,Songadh,Mota Tarpada,
18013,Tapi,Songadh,Kapad Bandh,
18014,Tapi,Songadh,Siraspada,
18015,Tapi,Songadh,Vadirupgadh,
18016,Tapi,Songadh,Chikhalapada,
18017,Tapi,Songadh,Khapatia,
18018,Tapi,Songadh,Mohpada(Malangdev),
18019,Tapi,Songadh,Virthava,
18020,Tapi,Songadh,Ekva Golan,
18021,Tapi,Songadh,Malangdev,
18022,Tapi,Songadh,Karvanda,
18023,Tapi,Songadh,Langad,
18024,Tapi,Songadh,Ghusargam,
18025,Tapi,Songadh,Bhorthava,
18026,Tapi,Songadh,Otta,
18027,Tapi,Songadh,Rasmati,
18028,Tapi,Songadh,Pahadada,
18029,Tapi,Songadh,Mal,
18030,Tapi,Songadh,Sadadun,
18031,Tapi,Songadh,Sinand,
18032,Tapi,Songadh,Amaldi,
18033,Tapi,Songadh,Ajvar,
18034,Tapi,Songadh,Mandvi Pani,
18035,Tapi,Songadh,Junai,
18036,Tapi,Songadh,Songir,
18037,Tapi,Vyara,Kanja,
18038,Tapi,Vyara,Kala Vyara,
18039,Tapi,Vyara,Bedkuva Dur,
18040,Tapi,Vyara,Khod Talav,
18041,Tapi,Vyara,Unchamala,
18042,Tapi,Vyara,Limbarda,
18043,Tapi,Vyara,Vadkui,
18044,Tapi,Vyara,Umarkuva,
18045,Tapi,Vyara,Ghata,
18046,Tapi,Vyara,Katiskuva Dur,
18047,Tapi,Vyara,Vanskui,
18048,Tapi,Vyara,Champavadi,
18049,Tapi,Vyara,Vaghpani,
18050,Tapi,Vyara,Sadadvan,
18051,Tapi,Vyara,Dungargam,
18052,Tapi,Vyara,Lotarva,
18053,Tapi,Vyara,Bhanavadi,
18054,Tapi,Vyara,Katasvan,
18055,Tapi,Vyara,Chikhalvav,
18056,Tapi,Vyara,Rampura Najik,
18057,Tapi,Vyara,Katiskuva Najik,
18058,Tapi,Vyara,Sarkuva,
18059,Tapi,Vyara,Katgadh,
18060,Tapi,Vyara,Bedkuva Najik,
18061,Tapi,Vyara,Indu,
18062,Tapi,Vyara,Khushalpura,
18063,Tapi,Vyara,Kohli,
18064,Tapi,Vyara,Borkhadi,
18065,Tapi,Vyara,Maypur,
18066,Tapi,Vyara,Tichakpura,
18067,Tapi,Vyara,Paniyari,
18068,Tapi,Vyara,Bhatpur,
18069,Tapi,Vyara,Panvadi,
18070,Tapi,Vyara,Kanpura,
18071,Tapi,Vyara,Tadkuva,
18072,Tapi,Vyara,Virpur,
18073,Tapi,Vyara,Chikhli,
18074,Tapi,Vyara,Vaghjhari,
18075,Tapi,Vyara,Chikhalda,
18076,Tapi,Vyara,Musa,
18077,Tapi,Vyara,Madav,
18078,Tapi,Vyara,Jetvadi,
18079,Tapi,Vyara,Kapura,
18080,Tapi,Vyara,Andharvadi Najik,
18081,Tapi,Vyara,Bhojpur Najik,
18082,Tapi,Vyara,Shahpur,
18083,Tapi,Vyara,Rupvada,
18084,Tapi,Vyara,Khanpur,
18085,Tapi,Vyara,Chhirma,
18086,Tapi,Vyara,Malotha,
18087,Tapi,Vyara,Dadakvan,
18088,Tapi,Vyara,Magarkui,
18089,Tapi,Vyara,Chhindia,
18090,Tapi,Vyara,Veldha,
18091,Tapi,Vyara,Saraiya,
18092,Tapi,Vyara,Pervad,
18093,Tapi,Vyara,Dolara,
18094,Tapi,Vyara,Meghpur,
18095,Tapi,Vyara,Sankli,
18096,Tapi,Vyara,Dhat,
18097,Tapi,Vyara,Kanjan,
18098,Tapi,Vyara,Umarkui,
18099,Tapi,Vyara,Kelkui,
18100,Tapi,Vyara,Gheriyavav,
18101,Tapi,Vyara,Kasvav,
18102,Tapi,Vyara,Ramkuva,
18103,Tapi,Vyara,Bamnamal Najik,
18104,Tapi,Vyara,Khuntadiya,
18105,Tapi,Vyara,Arkund,
18106,Tapi,Vyara,Kapadvan,
18107,Tapi,Vyara,Khurdi,
18108,Tapi,Vyara,Lakhali,
18109,Tapi,Vyara,Jhankhari,
18110,Tapi,Vyara,Nana Satsila,
18111,Tapi,Vyara,Dholia Umar,
18112,Tapi,Vyara,Chhevdi,
18113,Tapi,Vyara,Birbara,
18114,Tapi,Vyara,Bhurivel,
18115,Tapi,Vyara,Chichbardi,
18116,Tapi,Vyara,Mirpur,
18117,Tapi,Vyara,Karanjvel,
18118,Tapi,Vyara,Katkui,
18119,Tapi,Vyara,Balpur,
18120,Tapi,Vyara,Vandar Devi,
18121,Tapi,Vyara,Ambiya,
18122,Tapi,Vyara,Jesingpur,
18123,Tapi,Vyara,Umarkachchh,
18124,Tapi,Vyara,Dharampura,
18125,Tapi,Vyara,Kalakva,
18126,Tapi,Vyara,Beda Raypura,
18127,Tapi,Vyara,Bagalpur,
18128,Tapi,Vyara,Gangpur,
18129,Tapi,Vyara,Kamlapor,
18130,Tapi,Vyara,Bedchit,
18131,Tapi,Vyara,Gadat,
18132,Tapi,Vyara,Umarvav Najik,
18133,Tapi,Vyara,Mangalia,
18134,Tapi,Vyara,Dhamandevi,
18135,Tapi,Vyara,Valotha,
18136,Tapi,Vyara,Vadpada,
18137,Tapi,Vyara,Rani Amba,
18138,Tapi,Vyara,Dhongi Amba,
18139,Tapi,Vyara,Kelvan,
18140,Tapi,Vyara,Barmada,
18141,Tapi,Vyara,Ambapani,
18142,Tapi,Vyara,Chakdhara,
18143,Tapi,Vyara,Garvan,
18144,Tapi,Vyara,Palavadi,
18145,Tapi,Vyara,Dhanturi,
18146,Tapi,Vyara,Rampura Dur,
18147,Tapi,Vyara,Rengan Kachchh,
18148,Tapi,Vyara,Bhojpur Dur,
18149,Tapi,Vyara,Vankla,
18150,Tapi,Vyara,Ghani,
18151,Tapi,Vyara,Bamnamal Dur,
18152,Tapi,Vyara,Pati,
18153,Tapi,Vyara,Kumbhia,
18154,Tapi,Vyara,Palasia,
18155,Tapi,Vyara,Antapur,
18156,Tapi,Vyara,Kalamkui,
18157,Tapi,Vyara,Achhopalo,
18158,Tapi,Vyara,Amonia,
18159,Tapi,Vyara,Haripura,
18160,Tapi,Vyara,Dholka,
18161,Tapi,Vyara,Andharvadi Dur,
18162,Tapi,Vyara,Panchol,
18163,Tapi,Vyara,Dolvan,
18164,Tapi,Vyara,Kakadva,
18165,Tapi,Vyara,Kosamkuva,
18166,Tapi,Vyara,Pithadara,
18167,Tapi,Vyara,Jamalia,
18168,Tapi,Vyara,Bardipada,
18169,Tapi,Vyara,Pipalwada,
18170,Tapi,Vyara,Dhangdhar,
18171,Tapi,Vyara,Karanjkhed,
18172,Tapi,Vyara,Kandha,
18173,Tapi,Vyara,Garpani,
18174,Tapi,Vyara,Pathakwadi,
18175,Tapi,Vyara,Umarvav Dur,
18176,Tapi,Vyara,Varjakhan,
18177,Tapi,Vyara,Takiamba,
18178,Tapi,Vyara,Besaniya,
18179,Tapi,Vyara,Raygadh,
18180,Tapi,Vyara,Halmundi,
18181,Tapi,Vyara,Amania,
18182,Tapi,Vyara,Padam Dungari,
18183,Tapi,Vyara,Borkachchh,
18184,Tapi,Vyara,Chunawadi,
18185,Tapi,Vyara,Dungarda,
18186,Tapi,Valod,Bedkuva,
18187,Tapi,Valod,Dhamodla,
18188,Tapi,Valod,Kalamkui,
18189,Tapi,Valod,Kaher,
18190,Tapi,Valod,Beldha,
18191,Tapi,Valod,Syadla,
18192,Tapi,Valod,Titva,
18193,Tapi,Valod,Kamalchhod,
18194,Tapi,Valod,Tokarva,
18195,Tapi,Valod,Khambhla,
18196,Tapi,Valod,Shiker,
18197,Tapi,Valod,Shahpor,
18198,Tapi,Valod,Nansad,
18199,Tapi,Valod,Inama,
18200,Tapi,Valod,Butwada,
18201,Tapi,Valod,Degama,
18202,Tapi,Valod,Ambach,
18203,Tapi,Valod,Vedchhi,
18204,Tapi,Valod,Valod,
18205,Tapi,Valod,Delwada,
18206,Tapi,Valod,Mordevi,
18207,Tapi,Valod,Bahej,
18208,Tapi,Valod,Kosambiya,
18209,Tapi,Valod,Nalotha,
18210,Tapi,Valod,Ranveri,
18211,Tapi,Valod,Kumbhiya,
18212,Tapi,Valod,Kanajod,
18213,Tapi,Valod,Bhimpor,
18214,Tapi,Valod,Golan,
18215,Tapi,Valod,Dadariya,
18216,Tapi,Valod,Hathuka,
18217,Tapi,Valod,Dumkhal,
18218,Tapi,Valod,Adyapor,
18219,Tapi,Valod,Jamaniya,
18220,Tapi,Valod,Algat,
18221,Tapi,Valod,Goddha,
18222,Tapi,Valod,Andhatri,
18223,Tapi,Valod,Buhari,
18224,Tapi,Valod,Pelad Buhari,
18225,Tapi,Valod,Virpor,
,,,,
,,,,
,,,,
,,,,
,,,,
,,,,
,,,,
,,,,
,,,,
,,,,
,,,,
,,,,
,,,,
,,,,
,,,,
,,,,
,,,,
,,,,
,,,,
,,,,
,,,,
,,,,
,,,,
,,,,
,,,,
,,,,
,,,,
,,,,
,,,,
,,,,
,,,,
,,,,
,,,,
,,,,
,,,,
,,,,
,,,,
,,,,
,,,,
,,,,
,,,,
,,,,
,,,,
,,,,
,,,,
,,,,
,,,,
,,,,
,,,,
,,,,
,,,,
,,,,
,,,,
,,,,
,,,,
,,,,
,,,,
,,,,
,,,,
,,,,
,,,,
,,,,
,,,,
,,,,
,,,,
,,,,
,,,,
,,,,
,,,,
,,,,
,,,,
,,,,
,,,,
,,,,
,,,,
,,,,
,,,,
,,,,
,,,,
,,,,
,,,,
,,,,
,,,,
,,,,
,,,,
,,,,
,,,,
,,,,
,,,,
,,,,
,,,,
,,,,
,,,,
,,,,
,,,,
,,,,
,,,,
,,,,
,,,,
,,,,
,,,,
,,,,
,,,,
,,,,
,,,,
,,,,
,,,,
,,,,
,,,,
,,,,
,,,,
,,,,
,,,,
,,,,
,,,,
,,,,
,,,,
,,,,
,,,,
,,,,
,,,,
,,,,
,,,,
,,,,
,,,,
,,,,
,,,,
,,,,
,,,,
,,,,
,,,,
,,,,
,,,,
,,,,
,,,,
,,,,
,,,,
,,,,
,,,,
,,,,
,,,,
,,,,
,,,,
,,,,
,,,,
,,,,
,,,,
,,,,
,,,,
,,,,
,,,,
,,,,
,,,,
,,,,
,,,,
,,,,
,,,,
,,,,
,,,,
,,,,
,,,,
,,,,
,,,,
,,,,
,,,,
,,,,
,,,,
,,,,
,,,,
,,,,
,,,,
,,,,
,,,,
,,,,
,,,,
,,,,
,,,,
,,,,
,,,,
,,,,
,,,,
,,,,
,,,,
,,,,
,,,,
,,,,
,,,,
,,,,
,,,,
,,,,
,,,,
,,,,
,,,,
,,,,
,,,,
,,,,
,,,,
,,,,
,,,,
,,,,
,,,,
,,,,
,,,,
,,,,
,,,,
,,,,
,,,,
,,,,
,,,,
,,,,
,,,,
,,,,
,,,,
,,,,
,,,,
,,,,
,,,,
,,,,
,,,,
,,,,
,,,,
,,,,
,,,,
,,,,
,,,,
,,,,
,,,,
,,,,
,,,,
,,,,
,,,,
,,,,
,,,,
,,,,
,,,,
,,,,
,,,,
,,,,
,,,,
,,,,
,,,,
,,,,
,,,,
,,,,
,,,,
,,,,
,,,,
,,,,
,,,,
,,,,
,,,,
,,,,
,,,,
,,,,
,,,,
,,,,
,,,,
,,,,
,,,,
,,,,
,,,,
,,,,
,,,,
,,,,
,,,,
,,,,
,,,,
,,,,
,,,,
,,,,
,,,,
,,,,
,,,,
,,,,
,,,,
,,,,
,,,,
,,,,
,,,,
,,,,
,,,,
,,,,
,,,,
,,,,
,,,,
,,,,
,,,,
,,,,
,,,,
,,,,
,,,,
,,,,
,,,,
,,,,
,,,,
,,,,
,,,,
,,,,
,,,,
,,,,
,,,,
,,,,
,,,,
,,,,
,,,,
,,,,
,,,,
,,,,
,,,,
,,,,
,,,,
,,,,
,,,,
,,,,
,,,,
,,,,
,,,,
,,,,
,,,,
,,,,
,,,,
,,,,
,,,,
,,,,
,,,,
,,,,
,,,,
,,,,
,,,,
,,,,
,,,,
,,,,
,,,,
,,,,
,,,,
,,,,
,,,,
,,,,
,,,,
,,,,
,,,,
,,,,
,,,,
,,,,
,,,,
,,,,
,,,,
,,,,
,,,,
,,,,
,,,,
,,,,
,,,,
,,,,
,,,,
,,,,
,,,,
,,,,
,,,,
,,,,
,,,,
,,,,
,,,,
,,,,
,,,,
,,,,
,,,,
,,,,
,,,,
,,,,
,,,,
,,,,
,,,,
,,,,
,,,,
,,,,
,,,,
,,,,
,,,,
,,,,
,,,,
,,,,
,,,,
,,,,
,,,,
,,,,
,,,,
,,,,
,,,,
,,,,
,,,,
,,,,
,,,,
,,,,
,,,,
,,,,
,,,,
,,,,
,,,,
,,,,
,,,,
,,,,
,,,,
,,,,
,,,,
,,,,
,,,,
,,,,
,,,,
,,,,
,,,,
,,,,
,,,,
,,,,
,,,,
,,,,
,,,,
,,,,
,,,,
,,,,
,,,,
,,,,
,,,,
,,,,
,,,,
,,,,
,,,,
,,,,
,,,,
,,,,
,,,,
,,,,
,,,,
,,,,
,,,,
,,,,
,,,,
,,,,
,,,,
,,,,
,,,,
,,,,
,,,,
,,,,
,,,,
,,,,
,,,,
,,,,
,,,,
,,,,
,,,,
,,,,
,,,,
,,,,
,,,,
,,,,
,,,,
,,,,
,,,,
,,,,
,,,,
,,,,
,,,,
,,,,
,,,,
,,,,
,,,,
,,,,
,,,,
,,,,
,,,,
,,,,
,,,,
,,,,
,,,,
,,,,
,,,,
,,,,
,,,,
,,,,
,,,,
,,,,
,,,,
,,,,
,,,,
,,,,
,,,,
,,,,
,,,,
,,,,
,,,,
,,,,
,,,,
,,,,
,,,,
,,,,
,,,,
,,,,
,,,,
,,,,
,,,,
,,,,
,,,,
,,,,
,,,,
,,,,
,,,,
,,,,
,,,,
,,,,
,,,,
,,,,
,,,,
,,,,
,,,,
,,,,
,,,,
,,,,
,,,,
,,,,
,,,,
,,,,
,,,,
,,,,
,,,,
,,,,
,,,,
,,,,
,,,,
,,,,
,,,,
,,,,
,,,,
,,,,
,,,,
,,,,
,,,,
,,,,
,,,,
,,,,
,,,,
,,,,
,,,,
,,,,
,,,,
,,,,
,,,,
,,,,
,,,,
,,,,
,,,,
,,,,
,,,,
,,,,
,,,,
,,,,
,,,,
,,,,
,,,,
,,,,
,,,,
,,,,
,,,,
,,,,
,,,,
,,,,
,,,,
,,,,
,,,,
,,,,
,,,,
,,,,
,,,,
,,,,
,,,,
,,,,
,,,,
,,,,
,,,,
,,,,
,,,,
,,,,
,,,,
,,,,
,,,,
,,,,
,,,,
,,,,
,,,,
,,,,
,,,,
,,,,
,,,,
,,,,
,,,,
,,,,
,,,,
,,,,
,,,,
,,,,
,,,,
,,,,
,,,,
,,,,
,,,,
,,,,
,,,,
,,,,
,,,,
,,,,
,,,,
,,,,
,,,,
,,,,
,,,,
,,,,
,,,,
,,,,
,,,,
,,,,
,,,,
,,,,
,,,,
,,,,
,,,,
,,,,
,,,,
,,,,
,,,,
,,,,
,,,,
,,,,
,,,,
,,,,
,,,,
,,,,
,,,,
,,,,
,,,,
,,,,
,,,,
,,,,
,,,,
,,,,
,,,,
,,,,
,,,,
,,,,
,,,,
,,,,
,,,,
,,,,
,,,,
,,,,
,,,,
,,,,
,,,,
,,,,
,,,,
,,,,
,,,,
,,,,
,,,,
,,,,
,,,,
,,,,
,,,,
,,,,
,,,,
,,,,
,,,,
,,,,
,,,,
,,,,
,,,,
,,,,
,,,,
,,,,
,,,,
,,,,
,,,,
,,,,
,,,,
,,,,
,,,,
,,,,
,,,,
,,,,
,,,,
,,,,
,,,,
,,,,
,,,,
,,,,
,,,,
,,,,
,,,,
,,,,
,,,,
,,,,
,,,,
,,,,
,,,,
,,,,
,,,,
,,,,
,,,,
,,,,
,,,,
,,,,
,,,,
,,,,
,,,,
,,,,
,,,,
,,,,
,,,,
,,,,
,,,,
,,,,
,,,,
,,,,
,,,,
,,,,
,,,,
,,,,
,,,,
,,,,
,,,,
,,,,
,,,,
,,,,
,,,,
,,,,
,,,,
,,,,
,,,,
,,,,
,,,,
,,,,
,,,,
,,,,
,,,,
,,,,
,,,,
,,,,
,,,,
,,,,
,,,,
,,,,
,,,,
,,,,
,,,,
,,,,
,,,,
,,,,
,,,,
,,,,
,,,,
,,,,
,,,,
,,,,
,,,,
,,,,
,,,,
,,,,
,,,,
,,,,
,,,,
,,,,
,,,,
,,,,
,,,,
,,,,
,,,,
,,,,
,,,,
,,,,
,,,,
,,,,
,,,,
,,,,
,,,,
,,,,
,,,,
,,,,
,,,,
,,,,
,,,,
,,,,
,List of Villages of Gujarat,,,
,List of Villages of Gujarat,,,
,List of Villages of Gujarat,,,
,List of Villages of Gujarat,,,
,List of Villages of Gujarat,,,
,List of Villages of Gujarat,,,
,List of Villages of Gujarat,,,
,List of Villages of Gujarat,,,
,List of Villages of Gujarat,,,
,List of Villages of Gujarat,,,
,List of Villages of Gujarat,,,
,List of Villages of Gujarat,,,
,List of Villages of Gujarat,,,
,List of Villages of Gujarat,,,
,List of Villages of Gujarat,,,
,List of Villages of Gujarat,,,
,List of Villages of Gujarat,,,
,List of Villages of Gujarat,,,
,List of Villages of Gujarat,,,
,List of Villages of Gujarat,,,
,List of Villages of Gujarat,,,
,List of Villages of Gujarat,,,
,List of Villages of Gujarat,,,
,List of Villages of Gujarat,,,
,List of Villages of Gujarat,,,
,List of Villages of Gujarat,,,
,List of Villages of Gujarat,,,
,List of Villages of Gujarat,,,
,List of Villages of Gujarat,,,
,List of Villages of Gujarat,,,
,List of Villages of Gujarat,,,
,List of Villages of Gujarat,,,
,List of Villages of Gujarat,,,
,List of Villages of Gujarat,,,
,List of Villages of Gujarat,,,
,List of Villages of Gujarat,,,
,List of Villages of Gujarat,,,
,List of Villages of Gujarat,,,
